
> server@1.0.0 dev
> npx ts-node src/app.ts

[dotenv@17.3.1] injecting env (0) from .env -- tip: ⚙️  load multiple .env files with { path: ['.env.local', '.env'] }
[dotenv@17.3.1] injecting env (0) from .env -- tip: 🤖 agentic secret storage: https://dotenvx.com/as2
📅 WhatsApp Campaign Scheduler initialized (Runs daily at 09:00 AM)
🚀 BRMS Server running on http://localhost:5001
   Health check: http://localhost:5001/health
[0mGET /api/products [33m401[0m 13.032 ms - 36[0m
[0mGET /api/refunds/tasks/stats [33m401[0m 0.912 ms - 36[0m
[0mGET /api/orders [33m401[0m 0.411 ms - 36[0m
[0mPOST /api/auth/refresh [33m400[0m 1.918 ms - 37[0m
[0mPOST /api/auth/refresh [33m400[0m 0.143 ms - 37[0m
[0mPOST /api/auth/refresh [33m400[0m 0.257 ms - 37[0m
[0mPOST /api/auth/login [32m200[0m 100.576 ms - 344[0m
[0mGET /api/refunds/tasks/stats [32m200[0m 5.544 ms - 72[0m
[0mGET /api/orders [32m200[0m 8.881 ms - 10089[0m
[0mGET /api/products [32m200[0m 3.224 ms - 4845[0m
[0mGET /api/analytics/dashboard [32m200[0m 11.695 ms - 265[0m
[0mGET /api/products?t=1780321149531 [32m200[0m 1.740 ms - 4845[0m
[0mGET /uploads/products/1772653924896-493922733.png [32m200[0m 4.808 ms - 974360[0m
[0mGET /api/users/brands [32m200[0m 2.028 ms - 867[0m
[0mGET /api/orders [36m304[0m 1.722 ms - -[0m
[0mGET /api/orders [36m304[0m 1.780 ms - -[0m
[0mGET /api/refunds/tasks/stats [36m304[0m 1.478 ms - -[0m
[0mGET /api/support [32m200[0m 2.519 ms - 1066[0m
[0mGET /api/analytics/dashboard [36m304[0m 6.076 ms - -[0m
[0mGET /api/orders [36m304[0m 2.268 ms - -[0m
[0mGET /api/refunds/tasks/stats [36m304[0m 0.919 ms - -[0m
[0mGET /api/products [36m304[0m 1.774 ms - -[0m
[0mGET /api/analytics/dashboard [36m304[0m 3.065 ms - -[0m
[0mGET /api/products?t=1780321300529 [32m200[0m 2.441 ms - 4845[0m
[0mGET /uploads/products/1772653924896-493922733.png [36m304[0m 1.451 ms - -[0m
[0mPUT /api/products/44d7c65c-2182-44d4-afc5-cfa5a5f83115 [32m200[0m 7.796 ms - 1611[0m
[0mGET /uploads/products/1772653924896-493922733.png [36m304[0m 0.514 ms - -[0m
[0mGET /api/products?t=1780321342949 [32m200[0m 1.927 ms - 4853[0m
[0mGET /api/products?t=1780321349736 [32m200[0m 1.487 ms - 4853[0m
[0mGET /uploads/products/1772653924896-493922733.png [36m304[0m 0.352 ms - -[0m
[0mGET /uploads/products/1772653925541-137688202.png [32m200[0m 1.433 ms - 3483902[0m
[0mPOST /api/whatsapp/launch [32m200[0m 7.883 ms - 332[0m
[0mGET /api/products?t=1780321770485 [32m200[0m 10.709 ms - 4853[0m
[0mGET /uploads/products/1772653924896-493922733.png [36m304[0m 0.463 ms - -[0m
[0mGET /api/products?t=1780322077050 [32m200[0m 1.773 ms - 4853[0m
[0mGET /uploads/products/1772653924896-493922733.png [36m304[0m 0.238 ms - -[0m
[0mPOST /api/whatsapp/launch [32m200[0m 14.027 ms - 885[0m
[0mGET /api/refunds/queue [32m200[0m 2.074 ms - 12[0m
[0mGET /api/refunds/tasks/next?type=REVIEW_VERIFY&worker_id=review-verifier [32m200[0m 4.873 ms - 13[0m
[0mGET /api/refunds/tasks/next?type=WHATSAPP_BLAST&worker_id=whatsapp-campaign [32m200[0m 7.152 ms - 1202[0m
[0mGET /api/refunds/tasks/next?type=REVIEW_VERIFY&worker_id=review-verifier [32m200[0m 0.909 ms - 13[0m
[0mGET /api/refunds/tasks/next?type=REVIEW_VERIFY&worker_id=review-verifier [32m200[0m 0.837 ms - 13[0m
[0mGET /api/refunds/queue [32m200[0m 0.846 ms - 12[0m
[0mGET /api/refunds/tasks/next?type=REVIEW_VERIFY&worker_id=review-verifier [32m200[0m 1.866 ms - 13[0m
[0mGET /api/refunds/tasks/next?type=REVIEW_VERIFY&worker_id=review-verifier [32m200[0m 0.729 ms - 13[0m
[0mGET /api/refunds/tasks/next?type=REVIEW_VERIFY&worker_id=review-verifier [32m200[0m 0.831 ms - 13[0m
[0mGET /api/refunds/queue [32m200[0m 0.934 ms - 12[0m
[0mGET /api/refunds/tasks/next?type=REVIEW_VERIFY&worker_id=review-verifier [32m200[0m 0.764 ms - 13[0m
[0mGET /api/refunds/tasks/next?type=REVIEW_VERIFY&worker_id=review-verifier [32m200[0m 1.046 ms - 13[0m
[0mGET /api/refunds/tasks/next?type=REVIEW_VERIFY&worker_id=review-verifier [32m200[0m 1.495 ms - 13[0m
[0mGET /api/refunds/queue [32m200[0m 0.978 ms - 12[0m
[0mGET /api/refunds/tasks/next?type=REVIEW_VERIFY&worker_id=review-verifier [32m200[0m 0.728 ms - 13[0m
[0mGET /api/refunds/tasks/next?type=REVIEW_VERIFY&worker_id=review-verifier [32m200[0m 0.825 ms - 13[0m
[0mGET /api/refunds/tasks/next?type=REVIEW_VERIFY&worker_id=review-verifier [32m200[0m 0.830 ms - 13[0m
[0mGET /api/refunds/queue [32m200[0m 1.308 ms - 12[0m
[0mGET /api/refunds/tasks/next?type=REVIEW_VERIFY&worker_id=review-verifier [32m200[0m 4.194 ms - 13[0m
[0mPOST /api/refunds/tasks/366c7b4a-cd44-4746-9a68-38ca82fb0baa/complete [32m200[0m 3.021 ms - 27[0m
[0mGET /api/refunds/tasks/next?type=WHATSAPP_BLAST&worker_id=whatsapp-campaign [32m200[0m 2.842 ms - 1202[0m
[0mGET /api/refunds/tasks/next?type=REVIEW_VERIFY&worker_id=review-verifier [32m200[0m 1.752 ms - 13[0m
[0mGET /api/refunds/tasks/next?type=REVIEW_VERIFY&worker_id=review-verifier [32m200[0m 0.921 ms - 13[0m
[0mGET /api/refunds/queue [32m200[0m 1.009 ms - 12[0m
[0mGET /api/refunds/tasks/next?type=REVIEW_VERIFY&worker_id=review-verifier [32m200[0m 0.777 ms - 13[0m
[0mGET /api/refunds/tasks/next?type=REVIEW_VERIFY&worker_id=review-verifier [32m200[0m 1.261 ms - 13[0m
[0mGET /api/refunds/tasks/next?type=REVIEW_VERIFY&worker_id=review-verifier [32m200[0m 0.776 ms - 13[0m
[0mPOST /api/whatsapp/launch [32m200[0m 5.762 ms - 885[0m
[0mGET /api/refunds/queue [32m200[0m 1.073 ms - 12[0m
[0mGET /api/refunds/tasks/next?type=REVIEW_VERIFY&worker_id=review-verifier [32m200[0m 0.644 ms - 13[0m
[0mGET /api/analytics/dashboard [36m304[0m 5.389 ms - -[0m
[0mGET /api/products [32m200[0m 1.810 ms - 4853[0m
[0mGET /api/orders [32m200[0m 3.145 ms - 10105[0m
[0mGET /api/refunds/tasks/stats [32m200[0m 1.027 ms - 72[0m
[0mGET /api/refunds/tasks/next?type=REVIEW_VERIFY&worker_id=review-verifier [32m200[0m 0.943 ms - 13[0m
[0mGET /api/orders [36m304[0m 1.925 ms - -[0m
[0mGET /api/users/brands [36m304[0m 4.535 ms - -[0m
[0mGET /api/refunds/tasks/stats [36m304[0m 0.878 ms - -[0m
[0mGET /api/orders [36m304[0m 1.993 ms - -[0m
[0mGET /api/support [36m304[0m 2.697 ms - -[0m
[0mGET /api/refunds/tasks/next?type=REVIEW_VERIFY&worker_id=review-verifier [32m200[0m 0.780 ms - 13[0m
[0mGET /api/refunds/tasks/stats [36m304[0m 1.133 ms - -[0m
[0mGET /api/orders [36m304[0m 2.139 ms - -[0m
[0mGET /api/users/brands [36m304[0m 1.704 ms - -[0m
[0mGET /api/orders [36m304[0m 3.229 ms - -[0m
[0mGET /api/products?t=1780322384833 [32m200[0m 1.342 ms - 4853[0m
[0mGET /uploads/products/1772653924896-493922733.png [36m304[0m 0.581 ms - -[0m
[0mGET /api/refunds/queue [32m200[0m 0.976 ms - 12[0m
[0mGET /api/refunds/tasks/next?type=REVIEW_VERIFY&worker_id=review-verifier [32m200[0m 0.770 ms - 13[0m
[0mGET /api/refunds/tasks/next?type=REVIEW_VERIFY&worker_id=review-verifier [32m200[0m 0.960 ms - 13[0m
[0mGET /api/refunds/tasks/next?type=REVIEW_VERIFY&worker_id=review-verifier [32m200[0m 2.479 ms - 13[0m
[0mGET /api/refunds/queue [32m200[0m 1.323 ms - 12[0m
[0mGET /api/refunds/tasks/next?type=REVIEW_VERIFY&worker_id=review-verifier [32m200[0m 1.050 ms - 13[0m
[0mGET /api/refunds/tasks/next?type=REVIEW_VERIFY&worker_id=review-verifier [32m200[0m 0.996 ms - 13[0m
[0mPOST /api/refunds/tasks/e55b7f18-6eeb-4226-af2d-27d00fa2c431/complete [32m200[0m 3.364 ms - 27[0m
[0mGET /api/refunds/tasks/next?type=WHATSAPP_BLAST&worker_id=whatsapp-campaign [32m200[0m 2.075 ms - 1202[0m
[0mGET /api/refunds/tasks/next?type=REVIEW_VERIFY&worker_id=review-verifier [32m200[0m 0.845 ms - 13[0m
[0mGET /api/refunds/queue [32m200[0m 0.782 ms - 12[0m
[0mGET /api/refunds/tasks/next?type=REVIEW_VERIFY&worker_id=review-verifier [32m200[0m 0.964 ms - 13[0m
[0mGET /api/refunds/tasks/next?type=REVIEW_VERIFY&worker_id=review-verifier [32m200[0m 0.843 ms - 13[0m
[0mGET /api/refunds/tasks/next?type=REVIEW_VERIFY&worker_id=review-verifier [32m200[0m 0.967 ms - 13[0m
[0mGET /api/refunds/queue [32m200[0m 0.844 ms - 12[0m
[0mGET /api/refunds/tasks/next?type=REVIEW_VERIFY&worker_id=review-verifier [32m200[0m 1.240 ms - 13[0m
[0mGET /api/refunds/tasks/next?type=REVIEW_VERIFY&worker_id=review-verifier [32m200[0m 0.839 ms - 13[0m
[0mGET /api/refunds/tasks/next?type=REVIEW_VERIFY&worker_id=review-verifier [32m200[0m 0.945 ms - 13[0m
[0mGET /api/refunds/queue [32m200[0m 1.151 ms - 12[0m
[0mGET /api/refunds/tasks/next?type=REVIEW_VERIFY&worker_id=review-verifier [32m200[0m 0.837 ms - 13[0m
[0mGET /api/refunds/tasks/next?type=REVIEW_VERIFY&worker_id=review-verifier [32m200[0m 0.962 ms - 13[0m
[0mGET /api/refunds/tasks/next?type=REVIEW_VERIFY&worker_id=review-verifier [32m200[0m 0.751 ms - 13[0m
[0mGET /api/refunds/queue [32m200[0m 1.122 ms - 12[0m
[0mGET /api/refunds/tasks/next?type=REVIEW_VERIFY&worker_id=review-verifier [32m200[0m 0.740 ms - 13[0m
[0mGET /api/refunds/tasks/next?type=REVIEW_VERIFY&worker_id=review-verifier [32m200[0m 1.649 ms - 13[0m
[0mPOST /api/refunds/tasks/366c7b4a-cd44-4746-9a68-38ca82fb0baa/complete [32m200[0m 1.685 ms - 27[0m
[0mGET /api/refunds/tasks/next?type=WHATSAPP_BLAST&worker_id=whatsapp-campaign [32m200[0m 1.919 ms - 1202[0m
[0mGET /api/refunds/tasks/next?type=REVIEW_VERIFY&worker_id=review-verifier [32m200[0m 0.963 ms - 13[0m
[0mGET /api/refunds/queue [32m200[0m 0.974 ms - 12[0m
[0mGET /api/refunds/tasks/next?type=REVIEW_VERIFY&worker_id=review-verifier [32m200[0m 1.341 ms - 13[0m
[0mGET /api/refunds/tasks/next?type=REVIEW_VERIFY&worker_id=review-verifier [32m200[0m 1.128 ms - 13[0m
[0mGET /api/refunds/tasks/next?type=REVIEW_VERIFY&worker_id=review-verifier [32m200[0m 0.868 ms - 13[0m
[0mGET /api/refunds/queue [32m200[0m 2.554 ms - 12[0m
[0mGET /api/refunds/tasks/next?type=REVIEW_VERIFY&worker_id=review-verifier [32m200[0m 0.933 ms - 13[0m
[0mGET /api/refunds/tasks/next?type=REVIEW_VERIFY&worker_id=review-verifier [32m200[0m 2.148 ms - 13[0m
[0mGET /api/refunds/tasks/next?type=REVIEW_VERIFY&worker_id=review-verifier [32m200[0m 1.430 ms - 13[0m
[0mGET /api/refunds/queue [32m200[0m 1.200 ms - 12[0m
[0mGET /api/refunds/tasks/next?type=REVIEW_VERIFY&worker_id=review-verifier [32m200[0m 0.912 ms - 13[0m
[0mGET /api/refunds/tasks/next?type=REVIEW_VERIFY&worker_id=review-verifier [32m200[0m 3.062 ms - 13[0m
[0mGET /api/refunds/tasks/next?type=REVIEW_VERIFY&worker_id=review-verifier [32m200[0m 3.313 ms - 13[0m
[0mGET /api/refunds/tasks/next?type=REVIEW_VERIFY&worker_id=review-verifier [32m200[0m 1.019 ms - 13[0m
[0mGET /api/refunds/queue [32m200[0m 1.976 ms - 12[0m
[0mGET /api/refunds/tasks/next?type=WHATSAPP_BLAST&worker_id=whatsapp-campaign [32m200[0m 4.132 ms - 1202[0m
[0mGET /api/refunds/tasks/next?type=REVIEW_VERIFY&worker_id=review-verifier [32m200[0m 3.065 ms - 13[0m
[0mGET /api/refunds/tasks/next?type=REVIEW_VERIFY&worker_id=review-verifier [32m200[0m 0.908 ms - 13[0m
[0mGET /api/refunds/queue [32m200[0m 4.499 ms - 12[0m
[0mGET /api/refunds/tasks/next?type=REVIEW_VERIFY&worker_id=review-verifier [32m200[0m 1.004 ms - 13[0m
[0mGET /api/refunds/tasks/next?type=REVIEW_VERIFY&worker_id=review-verifier [32m200[0m 0.877 ms - 13[0m
[0mGET /api/refunds/tasks/next?type=REVIEW_VERIFY&worker_id=review-verifier [32m200[0m 6.102 ms - 13[0m
[0mGET /api/refunds/tasks/next?type=REVIEW_VERIFY&worker_id=review-verifier [32m200[0m 1.403 ms - 13[0m
[0mGET /api/refunds/queue [32m200[0m 1.981 ms - 12[0m
[0mGET /api/refunds/tasks/next?type=WHATSAPP_BLAST&worker_id=whatsapp-campaign [32m200[0m 6.437 ms - 692[0m
[0mGET /uploads/products/1772653925541-137688202.png [32m200[0m 1.309 ms - 3483902[0m
[0mGET /api/refunds/tasks/next?type=REVIEW_VERIFY&worker_id=review-verifier [32m200[0m 2.518 ms - 13[0m
[0mGET /api/refunds/tasks/next?type=REVIEW_VERIFY&worker_id=review-verifier [32m200[0m 1.133 ms - 13[0m
[0mGET /api/refunds/queue [32m200[0m 3.696 ms - 12[0m
[0mGET /api/refunds/tasks/next?type=REVIEW_VERIFY&worker_id=review-verifier [32m200[0m 0.988 ms - 13[0m
[0mGET /api/refunds/tasks/next?type=REVIEW_VERIFY&worker_id=review-verifier [32m200[0m 3.270 ms - 13[0m
[0mGET /api/refunds/tasks/next?type=REVIEW_VERIFY&worker_id=review-verifier [32m200[0m 0.808 ms - 13[0m
[0mGET /api/refunds/queue [32m200[0m 1.012 ms - 12[0m
[0mGET /api/refunds/tasks/next?type=WHATSAPP_BLAST&worker_id=whatsapp-campaign [32m200[0m 4.232 ms - 1163[0m
[0mGET /api/refunds/tasks/next?type=REVIEW_VERIFY&worker_id=review-verifier [32m200[0m 2.393 ms - 13[0m
[0mGET /api/refunds/tasks/next?type=REVIEW_VERIFY&worker_id=review-verifier [32m200[0m 0.949 ms - 13[0m
[0mGET /api/refunds/queue [32m200[0m 1.299 ms - 12[0m
[0mGET /api/refunds/tasks/next?type=REVIEW_VERIFY&worker_id=review-verifier [32m200[0m 0.946 ms - 13[0m
[0mGET /api/refunds/tasks/next?type=REVIEW_VERIFY&worker_id=review-verifier [32m200[0m 2.753 ms - 13[0m
[0mGET /api/refunds/tasks/next?type=REVIEW_VERIFY&worker_id=review-verifier [32m200[0m 3.422 ms - 13[0m
[0mGET /api/refunds/queue [32m200[0m 3.009 ms - 12[0m
[0mGET /api/refunds/tasks/next?type=REVIEW_VERIFY&worker_id=review-verifier [32m200[0m 1.150 ms - 13[0m
[0mGET /api/refunds/tasks/next?type=REVIEW_VERIFY&worker_id=review-verifier [32m200[0m 7.162 ms - 13[0m
[0mGET /api/refunds/tasks/next?type=REVIEW_VERIFY&worker_id=review-verifier [32m200[0m 2.907 ms - 13[0m
[0mGET /api/refunds/queue [32m200[0m 10.257 ms - 12[0m
[0mGET /api/refunds/tasks/next?type=REVIEW_VERIFY&worker_id=review-verifier [32m200[0m 0.798 ms - 13[0m
[0mGET /api/refunds/tasks/next?type=REVIEW_VERIFY&worker_id=review-verifier [32m200[0m 1.888 ms - 13[0m
[0mGET /api/refunds/queue [32m200[0m 4.686 ms - 12[0m
[0mGET /api/refunds/tasks/next?type=WHATSAPP_BLAST&worker_id=whatsapp-campaign [32m200[0m 15.533 ms - 1163[0m
[0mGET /api/refunds/tasks/next?type=REVIEW_VERIFY&worker_id=review-verifier [32m200[0m 4.842 ms - 13[0m
[0mGET /api/refunds/tasks/next?type=REVIEW_VERIFY&worker_id=review-verifier [32m200[0m 2.481 ms - 13[0m
[0mGET /api/refunds/queue [32m200[0m 1.614 ms - 12[0m
[0mGET /api/refunds/tasks/next?type=REVIEW_VERIFY&worker_id=review-verifier [32m200[0m 0.865 ms - 13[0m
[0mGET /api/refunds/tasks/next?type=REVIEW_VERIFY&worker_id=review-verifier [32m200[0m 0.775 ms - 13[0m
[0mGET /api/refunds/tasks/next?type=REVIEW_VERIFY&worker_id=review-verifier [32m200[0m 0.768 ms - 13[0m
[0mGET /api/refunds/queue [32m200[0m 1.143 ms - 12[0m
[0mGET /api/refunds/tasks/next?type=REVIEW_VERIFY&worker_id=review-verifier [32m200[0m 1.223 ms - 13[0m
[0mGET /api/refunds/queue [32m200[0m 1.120 ms - 12[0m
[0mGET /api/refunds/tasks/next?type=REVIEW_VERIFY&worker_id=review-verifier [32m200[0m 1.332 ms - 13[0m
[0mGET /api/refunds/tasks/next?type=WHATSAPP_BLAST&worker_id=whatsapp-campaign [32m200[0m 0.532 ms - 13[0m
[0mGET /api/refunds/tasks/next?type=REVIEW_VERIFY&worker_id=review-verifier [32m200[0m 0.892 ms - 13[0m
[0mGET /api/refunds/tasks/next?type=WHATSAPP_BLAST&worker_id=whatsapp-campaign [32m200[0m 0.771 ms - 13[0m
[0mGET /api/refunds/tasks/next?type=REVIEW_VERIFY&worker_id=review-verifier [32m200[0m 0.931 ms - 13[0m
[0mGET /api/refunds/tasks/next?type=WHATSAPP_BLAST&worker_id=whatsapp-campaign [32m200[0m 0.828 ms - 13[0m
[0mGET /api/refunds/queue [32m200[0m 1.780 ms - 12[0m
[0mGET /api/refunds/tasks/next?type=REVIEW_VERIFY&worker_id=review-verifier [32m200[0m 1.075 ms - 13[0m
[0mGET /api/refunds/tasks/next?type=WHATSAPP_BLAST&worker_id=whatsapp-campaign [32m200[0m 0.948 ms - 13[0m
[0mGET /api/refunds/tasks/next?type=WHATSAPP_BLAST&worker_id=whatsapp-campaign [32m200[0m 0.798 ms - 13[0m
[0mGET /api/refunds/tasks/next?type=REVIEW_VERIFY&worker_id=review-verifier [32m200[0m 0.730 ms - 13[0m
[0mGET /api/refunds/tasks/next?type=WHATSAPP_BLAST&worker_id=whatsapp-campaign [32m200[0m 0.702 ms - 13[0m
[0mGET /api/refunds/tasks/next?type=REVIEW_VERIFY&worker_id=review-verifier [32m200[0m 0.610 ms - 13[0m
[0mGET /api/refunds/queue [32m200[0m 1.220 ms - 12[0m
[0mGET /api/refunds/tasks/next?type=WHATSAPP_BLAST&worker_id=whatsapp-campaign [32m200[0m 0.825 ms - 13[0m
[0mGET /api/refunds/tasks/next?type=REVIEW_VERIFY&worker_id=review-verifier [32m200[0m 0.736 ms - 13[0m
[0mGET /api/refunds/tasks/next?type=REVIEW_VERIFY&worker_id=review-verifier [32m200[0m 1.149 ms - 13[0m
[0mGET /api/refunds/tasks/next?type=WHATSAPP_BLAST&worker_id=whatsapp-campaign [32m200[0m 0.990 ms - 13[0m
[0mGET /api/refunds/tasks/next?type=REVIEW_VERIFY&worker_id=review-verifier [32m200[0m 0.895 ms - 13[0m
[0mGET /api/refunds/tasks/next?type=WHATSAPP_BLAST&worker_id=whatsapp-campaign [32m200[0m 0.790 ms - 13[0m
[0mGET /api/refunds/queue [32m200[0m 1.036 ms - 12[0m
[0mGET /api/refunds/tasks/next?type=WHATSAPP_BLAST&worker_id=whatsapp-campaign [32m200[0m 2.360 ms - 13[0m
[0mGET /api/refunds/tasks/next?type=REVIEW_VERIFY&worker_id=review-verifier [32m200[0m 2.004 ms - 13[0m
[0mGET /api/refunds/tasks/next?type=WHATSAPP_BLAST&worker_id=whatsapp-campaign [32m200[0m 0.723 ms - 13[0m
[0mGET /api/refunds/tasks/next?type=REVIEW_VERIFY&worker_id=review-verifier [32m200[0m 1.712 ms - 13[0m
[0mGET /api/refunds/tasks/next?type=WHATSAPP_BLAST&worker_id=whatsapp-campaign [32m200[0m 0.751 ms - 13[0m
[0mGET /api/refunds/tasks/next?type=REVIEW_VERIFY&worker_id=review-verifier [32m200[0m 0.749 ms - 13[0m
[0mGET /api/refunds/queue [32m200[0m 0.773 ms - 12[0m
[0mGET /api/refunds/tasks/next?type=WHATSAPP_BLAST&worker_id=whatsapp-campaign [32m200[0m 0.862 ms - 13[0m
[0mGET /api/refunds/tasks/next?type=REVIEW_VERIFY&worker_id=review-verifier [32m200[0m 0.508 ms - 13[0m
[0mGET /api/refunds/tasks/next?type=REVIEW_VERIFY&worker_id=review-verifier [32m200[0m 0.697 ms - 13[0m
[0mGET /api/refunds/tasks/next?type=WHATSAPP_BLAST&worker_id=whatsapp-campaign [32m200[0m 0.619 ms - 13[0m
[0mGET /api/refunds/tasks/next?type=WHATSAPP_BLAST&worker_id=whatsapp-campaign [32m200[0m 1.108 ms - 13[0m
[0mGET /api/refunds/tasks/next?type=REVIEW_VERIFY&worker_id=review-verifier [32m200[0m 0.897 ms - 13[0m
[0mGET /api/refunds/queue [32m200[0m 0.974 ms - 12[0m
[0mGET /api/refunds/tasks/next?type=WHATSAPP_BLAST&worker_id=whatsapp-campaign [32m200[0m 0.784 ms - 13[0m
[0mGET /api/refunds/tasks/next?type=REVIEW_VERIFY&worker_id=review-verifier [32m200[0m 0.715 ms - 13[0m
[0mGET /api/refunds/tasks/next?type=REVIEW_VERIFY&worker_id=review-verifier [32m200[0m 0.862 ms - 13[0m
[0mGET /api/refunds/tasks/next?type=WHATSAPP_BLAST&worker_id=whatsapp-campaign [32m200[0m 0.821 ms - 13[0m
[0mGET /api/products?t=1780323312062 [32m200[0m 6.114 ms - 4853[0m
[0mGET /uploads/products/1772653924896-493922733.png [36m304[0m 0.550 ms - -[0m
[0mGET /api/refunds/tasks/next?type=REVIEW_VERIFY&worker_id=review-verifier [32m200[0m 0.783 ms - 13[0m
[0mGET /api/refunds/tasks/next?type=WHATSAPP_BLAST&worker_id=whatsapp-campaign [32m200[0m 0.740 ms - 13[0m
[0mGET /api/refunds/queue [32m200[0m 1.002 ms - 12[0m
[0mGET /api/refunds/tasks/next?type=REVIEW_VERIFY&worker_id=review-verifier [32m200[0m 0.719 ms - 13[0m
[0mGET /api/refunds/tasks/next?type=WHATSAPP_BLAST&worker_id=whatsapp-campaign [32m200[0m 0.647 ms - 13[0m
[0mPOST /api/whatsapp/launch [32m200[0m 6.257 ms - 885[0m
[0mGET /api/refunds/tasks/next?type=REVIEW_VERIFY&worker_id=review-verifier [32m200[0m 1.240 ms - 13[0m
[0mGET /api/refunds/tasks/next?type=WHATSAPP_BLAST&worker_id=whatsapp-campaign [32m200[0m 1.816 ms - 1163[0m
[0mGET /api/refunds/tasks/next?type=REVIEW_VERIFY&worker_id=review-verifier [32m200[0m 1.032 ms - 13[0m
[0mGET /api/refunds/queue [32m200[0m 1.037 ms - 12[0m
[0mGET /api/refunds/tasks/next?type=REVIEW_VERIFY&worker_id=review-verifier [32m200[0m 0.680 ms - 13[0m
[0mGET /api/refunds/tasks/next?type=REVIEW_VERIFY&worker_id=review-verifier [32m200[0m 0.989 ms - 13[0m
[0mGET /api/refunds/tasks/next?type=REVIEW_VERIFY&worker_id=review-verifier [32m200[0m 0.718 ms - 13[0m
[0mPOST /api/refunds/tasks/2fe9cc16-b590-4003-80c0-cdad1e0faf2e/complete [32m200[0m 2.482 ms - 27[0m
[0mGET /api/refunds/tasks/next?type=WHATSAPP_BLAST&worker_id=whatsapp-campaign [32m200[0m 0.564 ms - 13[0m
[0mGET /api/refunds/queue [32m200[0m 2.542 ms - 12[0m
[0mGET /api/refunds/tasks/next?type=REVIEW_VERIFY&worker_id=review-verifier [32m200[0m 0.919 ms - 13[0m
[0mGET /api/refunds/tasks/next?type=WHATSAPP_BLAST&worker_id=whatsapp-campaign [32m200[0m 0.897 ms - 13[0m
[0mGET /api/refunds/tasks/next?type=REVIEW_VERIFY&worker_id=review-verifier [32m200[0m 0.991 ms - 13[0m
[0mGET /api/refunds/tasks/next?type=WHATSAPP_BLAST&worker_id=whatsapp-campaign [32m200[0m 0.902 ms - 13[0m
[0mGET /api/refunds/tasks/next?type=REVIEW_VERIFY&worker_id=review-verifier [32m200[0m 0.929 ms - 13[0m
[0mGET /api/refunds/tasks/next?type=WHATSAPP_BLAST&worker_id=whatsapp-campaign [32m200[0m 0.948 ms - 13[0m
[0mGET /api/refunds/queue [32m200[0m 1.031 ms - 12[0m
[0mGET /api/refunds/tasks/next?type=REVIEW_VERIFY&worker_id=review-verifier [32m200[0m 0.777 ms - 13[0m
[0mGET /api/refunds/tasks/next?type=WHATSAPP_BLAST&worker_id=whatsapp-campaign [32m200[0m 0.642 ms - 13[0m
[0mGET /api/refunds/tasks/next?type=REVIEW_VERIFY&worker_id=review-verifier [32m200[0m 0.906 ms - 13[0m
[0mGET /api/refunds/tasks/next?type=WHATSAPP_BLAST&worker_id=whatsapp-campaign [32m200[0m 0.975 ms - 13[0m
[0mGET /api/refunds/tasks/next?type=REVIEW_VERIFY&worker_id=review-verifier [32m200[0m 0.936 ms - 13[0m
[0mGET /api/refunds/tasks/next?type=WHATSAPP_BLAST&worker_id=whatsapp-campaign [32m200[0m 4.677 ms - 1163[0m
[0mGET /api/refunds/queue [32m200[0m 0.900 ms - 12[0m
[0mGET /api/refunds/tasks/next?type=REVIEW_VERIFY&worker_id=review-verifier [32m200[0m 0.763 ms - 13[0m
[0mGET /api/refunds/queue [32m200[0m 3.703 ms - 12[0m
[0mGET /api/refunds/tasks/next?type=REVIEW_VERIFY&worker_id=review-verifier [32m200[0m 3.853 ms - 13[0m
[0mGET /api/refunds/tasks/next?type=WHATSAPP_BLAST&worker_id=whatsapp-campaign [32m200[0m 3.663 ms - 13[0m
[0mGET /api/refunds/tasks/next?type=WHATSAPP_BLAST&worker_id=whatsapp-campaign [32m200[0m 0.874 ms - 13[0m
[0mGET /api/refunds/tasks/next?type=REVIEW_VERIFY&worker_id=review-verifier [32m200[0m 0.779 ms - 13[0m
[0mGET /api/refunds/tasks/next?type=WHATSAPP_BLAST&worker_id=whatsapp-campaign [32m200[0m 3.002 ms - 13[0m
[0mGET /api/refunds/tasks/next?type=REVIEW_VERIFY&worker_id=review-verifier [32m200[0m 0.913 ms - 13[0m
[0mGET /api/refunds/queue [32m200[0m 2.075 ms - 12[0m
[0mGET /api/refunds/tasks/next?type=REVIEW_VERIFY&worker_id=review-verifier [32m200[0m 2.305 ms - 13[0m
[0mGET /api/refunds/tasks/next?type=WHATSAPP_BLAST&worker_id=whatsapp-campaign [32m200[0m 3.010 ms - 13[0m
[0mGET /api/refunds/tasks/next?type=WHATSAPP_BLAST&worker_id=whatsapp-campaign [32m200[0m 0.931 ms - 13[0m
[0mGET /api/refunds/tasks/next?type=REVIEW_VERIFY&worker_id=review-verifier [32m200[0m 0.730 ms - 13[0m
[0mGET /api/refunds/tasks/next?type=WHATSAPP_BLAST&worker_id=whatsapp-campaign [32m200[0m 4.685 ms - 13[0m
[0mGET /api/refunds/tasks/next?type=REVIEW_VERIFY&worker_id=review-verifier [32m200[0m 1.642 ms - 13[0m
[0mGET /api/refunds/queue [32m200[0m 1.980 ms - 12[0m
[0mGET /api/refunds/tasks/next?type=WHATSAPP_BLAST&worker_id=whatsapp-campaign [32m200[0m 0.804 ms - 13[0m
[0mGET /api/refunds/tasks/next?type=REVIEW_VERIFY&worker_id=review-verifier [32m200[0m 1.026 ms - 13[0m
[0mGET /api/refunds/tasks/next?type=WHATSAPP_BLAST&worker_id=whatsapp-campaign [32m200[0m 1.529 ms - 13[0m
[0mGET /api/refunds/tasks/next?type=REVIEW_VERIFY&worker_id=review-verifier [32m200[0m 1.030 ms - 13[0m
[0mGET /api/refunds/tasks/next?type=WHATSAPP_BLAST&worker_id=whatsapp-campaign [32m200[0m 1.005 ms - 13[0m
[0mGET /api/refunds/tasks/next?type=REVIEW_VERIFY&worker_id=review-verifier [32m200[0m 1.906 ms - 13[0m
[0mGET /api/refunds/queue [32m200[0m 1.734 ms - 12[0m
[0mGET /api/refunds/tasks/next?type=WHATSAPP_BLAST&worker_id=whatsapp-campaign [32m200[0m 1.213 ms - 13[0m
[0mGET /api/refunds/tasks/next?type=REVIEW_VERIFY&worker_id=review-verifier [32m200[0m 0.724 ms - 13[0m
[0mGET /api/refunds/tasks/next?type=REVIEW_VERIFY&worker_id=review-verifier [32m200[0m 2.201 ms - 13[0m
[0mGET /api/refunds/tasks/next?type=WHATSAPP_BLAST&worker_id=whatsapp-campaign [32m200[0m 0.963 ms - 13[0m
[0mGET /api/refunds/tasks/next?type=WHATSAPP_BLAST&worker_id=whatsapp-campaign [32m200[0m 0.985 ms - 13[0m
[0mGET /api/refunds/tasks/next?type=REVIEW_VERIFY&worker_id=review-verifier [32m200[0m 0.885 ms - 13[0m
[0mGET /api/refunds/queue [32m200[0m 1.051 ms - 12[0m
[0mGET /api/refunds/tasks/next?type=REVIEW_VERIFY&worker_id=review-verifier [32m200[0m 0.898 ms - 13[0m
[0mGET /api/refunds/tasks/next?type=WHATSAPP_BLAST&worker_id=whatsapp-campaign [32m200[0m 0.723 ms - 13[0m
[0mGET /api/refunds/tasks/next?type=REVIEW_VERIFY&worker_id=review-verifier [32m200[0m 1.255 ms - 13[0m
[0mGET /api/refunds/tasks/next?type=WHATSAPP_BLAST&worker_id=whatsapp-campaign [32m200[0m 1.893 ms - 13[0m
[0mGET /api/refunds/tasks/next?type=REVIEW_VERIFY&worker_id=review-verifier [32m200[0m 2.331 ms - 13[0m
[0mGET /api/refunds/tasks/next?type=WHATSAPP_BLAST&worker_id=whatsapp-campaign [32m200[0m 1.437 ms - 13[0m
[0mGET /api/refunds/queue [32m200[0m 1.312 ms - 12[0m
[0mGET /api/refunds/tasks/next?type=WHATSAPP_BLAST&worker_id=whatsapp-campaign [32m200[0m 0.820 ms - 13[0m
[0mGET /api/refunds/tasks/next?type=REVIEW_VERIFY&worker_id=review-verifier [32m200[0m 0.811 ms - 13[0m
[0mGET /api/refunds/tasks/next?type=WHATSAPP_BLAST&worker_id=whatsapp-campaign [32m200[0m 0.848 ms - 13[0m
[0mGET /api/refunds/tasks/next?type=REVIEW_VERIFY&worker_id=review-verifier [32m200[0m 0.754 ms - 13[0m
[0mGET /api/refunds/tasks/next?type=WHATSAPP_BLAST&worker_id=whatsapp-campaign [32m200[0m 0.745 ms - 13[0m
[0mGET /api/refunds/tasks/next?type=REVIEW_VERIFY&worker_id=review-verifier [32m200[0m 0.523 ms - 13[0m
[0mGET /api/refunds/queue [32m200[0m 0.905 ms - 12[0m
[0mGET /api/refunds/tasks/next?type=REVIEW_VERIFY&worker_id=review-verifier [32m200[0m 0.790 ms - 13[0m
[0mGET /api/refunds/tasks/next?type=WHATSAPP_BLAST&worker_id=whatsapp-campaign [32m200[0m 0.427 ms - 13[0m
[0mGET /api/refunds/tasks/next?type=REVIEW_VERIFY&worker_id=review-verifier [32m200[0m 5.114 ms - 13[0m
[0mGET /api/refunds/tasks/next?type=WHATSAPP_BLAST&worker_id=whatsapp-campaign [32m200[0m 1.613 ms - 13[0m
[0mGET /api/refunds/tasks/next?type=WHATSAPP_BLAST&worker_id=whatsapp-campaign [32m200[0m 1.072 ms - 13[0m
[0mGET /api/refunds/tasks/next?type=REVIEW_VERIFY&worker_id=review-verifier [32m200[0m 0.902 ms - 13[0m
[0mGET /api/refunds/queue [32m200[0m 2.112 ms - 12[0m
[0mGET /api/refunds/tasks/next?type=WHATSAPP_BLAST&worker_id=whatsapp-campaign [32m200[0m 0.781 ms - 13[0m
[0mGET /api/refunds/tasks/next?type=REVIEW_VERIFY&worker_id=review-verifier [32m200[0m 1.247 ms - 13[0m
[0mGET /api/refunds/tasks/next?type=WHATSAPP_BLAST&worker_id=whatsapp-campaign [32m200[0m 0.730 ms - 13[0m
[0mGET /api/refunds/tasks/next?type=REVIEW_VERIFY&worker_id=review-verifier [32m200[0m 0.732 ms - 13[0m
[0mGET /api/refunds/tasks/next?type=REVIEW_VERIFY&worker_id=review-verifier [32m200[0m 1.818 ms - 13[0m
[0mGET /api/refunds/tasks/next?type=WHATSAPP_BLAST&worker_id=whatsapp-campaign [32m200[0m 2.615 ms - 13[0m
[0mGET /api/refunds/queue [32m200[0m 1.981 ms - 12[0m
[0mGET /api/refunds/tasks/next?type=REVIEW_VERIFY&worker_id=review-verifier [32m200[0m 0.761 ms - 13[0m
[0mGET /api/refunds/tasks/next?type=WHATSAPP_BLAST&worker_id=whatsapp-campaign [32m200[0m 0.484 ms - 13[0m
[0mGET /api/refunds/tasks/next?type=REVIEW_VERIFY&worker_id=review-verifier [32m200[0m 1.248 ms - 13[0m
[0mGET /api/refunds/tasks/next?type=WHATSAPP_BLAST&worker_id=whatsapp-campaign [32m200[0m 0.836 ms - 13[0m
[0mGET /api/refunds/tasks/next?type=WHATSAPP_BLAST&worker_id=whatsapp-campaign [32m200[0m 0.731 ms - 13[0m
[0mGET /api/refunds/tasks/next?type=REVIEW_VERIFY&worker_id=review-verifier [32m200[0m 0.665 ms - 13[0m
[0mGET /api/refunds/queue [32m200[0m 0.889 ms - 12[0m
[0mGET /api/refunds/tasks/next?type=WHATSAPP_BLAST&worker_id=whatsapp-campaign [32m200[0m 0.794 ms - 13[0m
[0mGET /api/refunds/tasks/next?type=REVIEW_VERIFY&worker_id=review-verifier [32m200[0m 0.492 ms - 13[0m
[0mGET /api/refunds/tasks/next?type=REVIEW_VERIFY&worker_id=review-verifier [32m200[0m 0.983 ms - 13[0m
[0mGET /api/refunds/tasks/next?type=WHATSAPP_BLAST&worker_id=whatsapp-campaign [32m200[0m 0.795 ms - 13[0m
[0mGET /api/refunds/tasks/next?type=REVIEW_VERIFY&worker_id=review-verifier [32m200[0m 0.781 ms - 13[0m
[0mGET /api/refunds/tasks/next?type=WHATSAPP_BLAST&worker_id=whatsapp-campaign [32m200[0m 0.753 ms - 13[0m
[0mGET /api/refunds/queue [32m200[0m 0.866 ms - 12[0m
[0mGET /api/refunds/tasks/next?type=REVIEW_VERIFY&worker_id=review-verifier [32m200[0m 1.578 ms - 13[0m
[0mGET /api/refunds/tasks/next?type=WHATSAPP_BLAST&worker_id=whatsapp-campaign [32m200[0m 1.516 ms - 13[0m
[0mGET /api/refunds/tasks/next?type=WHATSAPP_BLAST&worker_id=whatsapp-campaign [32m200[0m 0.966 ms - 13[0m
[0mGET /api/refunds/tasks/next?type=REVIEW_VERIFY&worker_id=review-verifier [32m200[0m 1.976 ms - 13[0m
[0mGET /api/refunds/tasks/next?type=REVIEW_VERIFY&worker_id=review-verifier [32m200[0m 1.571 ms - 13[0m
[0mGET /api/refunds/tasks/next?type=WHATSAPP_BLAST&worker_id=whatsapp-campaign [32m200[0m 2.119 ms - 13[0m
[0mGET /api/refunds/queue [32m200[0m 0.922 ms - 12[0m
[0mGET /api/refunds/tasks/next?type=REVIEW_VERIFY&worker_id=review-verifier [32m200[0m 0.780 ms - 13[0m
[0mGET /api/refunds/tasks/next?type=WHATSAPP_BLAST&worker_id=whatsapp-campaign [32m200[0m 0.843 ms - 13[0m
[0mGET /api/refunds/tasks/next?type=WHATSAPP_BLAST&worker_id=whatsapp-campaign [32m200[0m 0.600 ms - 13[0m
[0mGET /api/refunds/tasks/next?type=REVIEW_VERIFY&worker_id=review-verifier [32m200[0m 2.329 ms - 13[0m
[0mGET /api/refunds/tasks/next?type=WHATSAPP_BLAST&worker_id=whatsapp-campaign [32m200[0m 2.236 ms - 13[0m
[0mGET /api/refunds/tasks/next?type=REVIEW_VERIFY&worker_id=review-verifier [32m200[0m 0.538 ms - 13[0m
[0mGET /api/refunds/queue [32m200[0m 1.602 ms - 12[0m
[0mGET /api/refunds/tasks/next?type=WHATSAPP_BLAST&worker_id=whatsapp-campaign [32m200[0m 1.680 ms - 13[0m
[0mGET /api/refunds/tasks/next?type=REVIEW_VERIFY&worker_id=review-verifier [32m200[0m 2.286 ms - 13[0m
[0mGET /api/refunds/tasks/next?type=WHATSAPP_BLAST&worker_id=whatsapp-campaign [32m200[0m 1.570 ms - 13[0m
[0mGET /api/refunds/tasks/next?type=REVIEW_VERIFY&worker_id=review-verifier [32m200[0m 1.307 ms - 13[0m
[0mGET /api/refunds/tasks/next?type=REVIEW_VERIFY&worker_id=review-verifier [32m200[0m 0.713 ms - 13[0m
[0mGET /api/refunds/tasks/next?type=WHATSAPP_BLAST&worker_id=whatsapp-campaign [32m200[0m 0.604 ms - 13[0m
[0mGET /api/refunds/queue [32m200[0m 0.753 ms - 12[0m
[0mGET /api/refunds/tasks/next?type=REVIEW_VERIFY&worker_id=review-verifier [32m200[0m 0.747 ms - 13[0m
[0mGET /api/refunds/tasks/next?type=WHATSAPP_BLAST&worker_id=whatsapp-campaign [32m200[0m 0.663 ms - 13[0m
[0mGET /api/refunds/tasks/next?type=REVIEW_VERIFY&worker_id=review-verifier [32m200[0m 0.895 ms - 13[0m
[0mGET /api/refunds/tasks/next?type=WHATSAPP_BLAST&worker_id=whatsapp-campaign [32m200[0m 0.517 ms - 13[0m
[0mGET /api/refunds/tasks/next?type=REVIEW_VERIFY&worker_id=review-verifier [32m200[0m 0.828 ms - 13[0m
[0mGET /api/refunds/tasks/next?type=WHATSAPP_BLAST&worker_id=whatsapp-campaign [32m200[0m 1.031 ms - 13[0m
[0mGET /api/refunds/queue [32m200[0m 0.959 ms - 12[0m
[0mGET /api/refunds/tasks/next?type=REVIEW_VERIFY&worker_id=review-verifier [32m200[0m 0.715 ms - 13[0m
[0mGET /api/refunds/tasks/next?type=WHATSAPP_BLAST&worker_id=whatsapp-campaign [32m200[0m 0.652 ms - 13[0m
[0mGET /api/refunds/tasks/next?type=REVIEW_VERIFY&worker_id=review-verifier [32m200[0m 0.963 ms - 13[0m
[0mGET /api/refunds/tasks/next?type=WHATSAPP_BLAST&worker_id=whatsapp-campaign [32m200[0m 0.729 ms - 13[0m
[0mGET /api/refunds/tasks/next?type=REVIEW_VERIFY&worker_id=review-verifier [32m200[0m 2.089 ms - 13[0m
[0mGET /api/refunds/tasks/next?type=WHATSAPP_BLAST&worker_id=whatsapp-campaign [32m200[0m 0.851 ms - 13[0m
[0mGET /api/refunds/queue [32m200[0m 0.734 ms - 12[0m
[0mGET /api/refunds/tasks/next?type=WHATSAPP_BLAST&worker_id=whatsapp-campaign [32m200[0m 0.850 ms - 13[0m
[0mGET /api/refunds/tasks/next?type=REVIEW_VERIFY&worker_id=review-verifier [32m200[0m 0.644 ms - 13[0m
[0mGET /api/refunds/tasks/next?type=REVIEW_VERIFY&worker_id=review-verifier [32m200[0m 0.799 ms - 13[0m
[0mGET /api/refunds/tasks/next?type=WHATSAPP_BLAST&worker_id=whatsapp-campaign [32m200[0m 0.753 ms - 13[0m
[0mGET /api/refunds/tasks/next?type=WHATSAPP_BLAST&worker_id=whatsapp-campaign [32m200[0m 0.826 ms - 13[0m
[0mGET /api/refunds/tasks/next?type=REVIEW_VERIFY&worker_id=review-verifier [32m200[0m 0.793 ms - 13[0m
[0mGET /api/refunds/queue [32m200[0m 1.556 ms - 12[0m
[0mGET /api/refunds/tasks/next?type=REVIEW_VERIFY&worker_id=review-verifier [32m200[0m 0.877 ms - 13[0m
[0mGET /api/refunds/tasks/next?type=WHATSAPP_BLAST&worker_id=whatsapp-campaign [32m200[0m 0.789 ms - 13[0m
[0mGET /api/refunds/tasks/next?type=WHATSAPP_BLAST&worker_id=whatsapp-campaign [32m200[0m 0.900 ms - 13[0m
[0mGET /api/refunds/tasks/next?type=REVIEW_VERIFY&worker_id=review-verifier [32m200[0m 0.837 ms - 13[0m
[0mGET /api/products?t=1780323975394 [32m200[0m 8.449 ms - 4853[0m
[0mGET /uploads/products/1772653924896-493922733.png [36m304[0m 1.278 ms - -[0m
[0mGET /api/refunds/tasks/next?type=REVIEW_VERIFY&worker_id=review-verifier [32m200[0m 0.917 ms - 13[0m
[0mGET /api/refunds/tasks/next?type=WHATSAPP_BLAST&worker_id=whatsapp-campaign [32m200[0m 0.530 ms - 13[0m
[0mPOST /api/whatsapp/launch [32m200[0m 14.473 ms - 885[0m
[0mGET /api/refunds/queue [32m200[0m 1.372 ms - 12[0m
[0mGET /api/refunds/tasks/next?type=REVIEW_VERIFY&worker_id=review-verifier [32m200[0m 0.808 ms - 13[0m
[0mGET /api/refunds/tasks/next?type=WHATSAPP_BLAST&worker_id=whatsapp-campaign [32m200[0m 4.967 ms - 1165[0m
[0mGET /api/refunds/tasks/next?type=REVIEW_VERIFY&worker_id=review-verifier [32m200[0m 0.730 ms - 13[0m
[0mGET /api/refunds/tasks/next?type=REVIEW_VERIFY&worker_id=review-verifier [32m200[0m 1.019 ms - 13[0m
[0mGET /api/refunds/queue [32m200[0m 1.693 ms - 12[0m
[0mGET /api/refunds/tasks/next?type=REVIEW_VERIFY&worker_id=review-verifier [32m200[0m 0.979 ms - 13[0m
[0mGET /api/refunds/tasks/next?type=REVIEW_VERIFY&worker_id=review-verifier [32m200[0m 1.081 ms - 13[0m
[0mPOST /api/refunds/tasks/91e82e01-ffc6-47b3-811b-ab5cc7b00bd2/complete [32m200[0m 3.229 ms - 27[0m
[0mGET /api/refunds/tasks/next?type=WHATSAPP_BLAST&worker_id=whatsapp-campaign [32m200[0m 0.747 ms - 13[0m
[0mGET /api/refunds/tasks/next?type=REVIEW_VERIFY&worker_id=review-verifier [32m200[0m 2.176 ms - 13[0m
[0mGET /api/refunds/tasks/next?type=WHATSAPP_BLAST&worker_id=whatsapp-campaign [32m200[0m 0.826 ms - 13[0m
[0mGET /api/refunds/queue [32m200[0m 0.916 ms - 12[0m
[0mGET /api/refunds/tasks/next?type=REVIEW_VERIFY&worker_id=review-verifier [32m200[0m 0.930 ms - 13[0m
[0mGET /api/refunds/tasks/next?type=WHATSAPP_BLAST&worker_id=whatsapp-campaign [32m200[0m 1.938 ms - 13[0m
[0mGET /api/refunds/tasks/next?type=REVIEW_VERIFY&worker_id=review-verifier [32m200[0m 0.373 ms - 13[0m
[0mGET /api/refunds/queue [32m200[0m 0.439 ms - 12[0m
[0mGET /api/refunds/tasks/next?type=WHATSAPP_BLAST&worker_id=whatsapp-campaign [32m200[0m 2.149 ms - 1165[0m
[0mGET /api/refunds/tasks/next?type=REVIEW_VERIFY&worker_id=review-verifier [32m200[0m 0.688 ms - 13[0m
[0mGET /api/refunds/tasks/next?type=REVIEW_VERIFY&worker_id=review-verifier [32m200[0m 0.666 ms - 13[0m
[0mGET /api/refunds/queue [32m200[0m 1.447 ms - 12[0m
[0mGET /api/refunds/tasks/next?type=REVIEW_VERIFY&worker_id=review-verifier [32m200[0m 0.855 ms - 13[0m
[0mGET /api/refunds/tasks/next?type=REVIEW_VERIFY&worker_id=review-verifier [32m200[0m 0.928 ms - 13[0m
[0mPOST /api/refunds/tasks/91e82e01-ffc6-47b3-811b-ab5cc7b00bd2/complete [32m200[0m 4.093 ms - 27[0m
[0mGET /api/refunds/tasks/next?type=WHATSAPP_BLAST&worker_id=whatsapp-campaign [32m200[0m 0.733 ms - 13[0m
[0mGET /api/refunds/tasks/next?type=REVIEW_VERIFY&worker_id=review-verifier [32m200[0m 1.403 ms - 13[0m
[0mGET /api/refunds/tasks/next?type=WHATSAPP_BLAST&worker_id=whatsapp-campaign [32m200[0m 1.196 ms - 13[0m
[0mGET /api/refunds/queue [32m200[0m 0.834 ms - 12[0m
[0mGET /api/refunds/tasks/next?type=REVIEW_VERIFY&worker_id=review-verifier [32m200[0m 1.022 ms - 13[0m
[0mGET /api/refunds/tasks/next?type=WHATSAPP_BLAST&worker_id=whatsapp-campaign [32m200[0m 1.008 ms - 13[0m
[0mGET /api/refunds/tasks/next?type=REVIEW_VERIFY&worker_id=review-verifier [32m200[0m 1.161 ms - 13[0m
[0mGET /api/refunds/tasks/next?type=WHATSAPP_BLAST&worker_id=whatsapp-campaign [32m200[0m 1.700 ms - 13[0m
[0mGET /api/refunds/tasks/next?type=REVIEW_VERIFY&worker_id=review-verifier [32m200[0m 1.024 ms - 13[0m
[0mGET /api/refunds/tasks/next?type=WHATSAPP_BLAST&worker_id=whatsapp-campaign [32m200[0m 1.064 ms - 13[0m
[0mGET /api/refunds/queue [32m200[0m 1.258 ms - 12[0m
[0mGET /api/refunds/tasks/next?type=REVIEW_VERIFY&worker_id=review-verifier [32m200[0m 0.905 ms - 13[0m
[0mGET /api/refunds/tasks/next?type=WHATSAPP_BLAST&worker_id=whatsapp-campaign [32m200[0m 1.193 ms - 13[0m
[0mGET /api/refunds/tasks/next?type=REVIEW_VERIFY&worker_id=review-verifier [32m200[0m 1.419 ms - 13[0m
[0mGET /api/refunds/tasks/next?type=WHATSAPP_BLAST&worker_id=whatsapp-campaign [32m200[0m 0.952 ms - 13[0m
[0mGET /api/refunds/tasks/next?type=REVIEW_VERIFY&worker_id=review-verifier [32m200[0m 0.938 ms - 13[0m
[0mGET /api/refunds/tasks/next?type=WHATSAPP_BLAST&worker_id=whatsapp-campaign [32m200[0m 0.801 ms - 13[0m
[0mGET /api/refunds/queue [32m200[0m 2.153 ms - 12[0m
[0mGET /api/refunds/tasks/next?type=REVIEW_VERIFY&worker_id=review-verifier [32m200[0m 0.846 ms - 13[0m
[0mGET /api/refunds/tasks/next?type=WHATSAPP_BLAST&worker_id=whatsapp-campaign [32m200[0m 0.786 ms - 13[0m
[0mGET /api/refunds/tasks/next?type=REVIEW_VERIFY&worker_id=review-verifier [32m200[0m 1.083 ms - 13[0m
[0mGET /api/refunds/tasks/next?type=WHATSAPP_BLAST&worker_id=whatsapp-campaign [32m200[0m 0.983 ms - 13[0m
[0mGET /api/refunds/tasks/next?type=REVIEW_VERIFY&worker_id=review-verifier [32m200[0m 0.771 ms - 13[0m
[0mGET /api/refunds/tasks/next?type=WHATSAPP_BLAST&worker_id=whatsapp-campaign [32m200[0m 1.124 ms - 13[0m
[0mGET /api/refunds/queue [32m200[0m 0.876 ms - 12[0m
[0mGET /api/refunds/tasks/next?type=REVIEW_VERIFY&worker_id=review-verifier [32m200[0m 0.856 ms - 13[0m
[0mGET /api/refunds/tasks/next?type=WHATSAPP_BLAST&worker_id=whatsapp-campaign [32m200[0m 0.813 ms - 13[0m
[0mGET /api/refunds/tasks/next?type=REVIEW_VERIFY&worker_id=review-verifier [32m200[0m 1.366 ms - 13[0m
[0mGET /api/refunds/tasks/next?type=WHATSAPP_BLAST&worker_id=whatsapp-campaign [32m200[0m 1.549 ms - 13[0m
[0mGET /api/refunds/tasks/next?type=REVIEW_VERIFY&worker_id=review-verifier [32m200[0m 0.999 ms - 13[0m
[0mGET /api/refunds/tasks/next?type=WHATSAPP_BLAST&worker_id=whatsapp-campaign [32m200[0m 1.464 ms - 13[0m
[0mGET /api/refunds/queue [32m200[0m 1.539 ms - 12[0m
[0mGET /api/refunds/tasks/next?type=REVIEW_VERIFY&worker_id=review-verifier [32m200[0m 1.337 ms - 13[0m
[0mGET /api/refunds/tasks/next?type=WHATSAPP_BLAST&worker_id=whatsapp-campaign [32m200[0m 0.786 ms - 13[0m
[0mGET /api/refunds/tasks/next?type=REVIEW_VERIFY&worker_id=review-verifier [32m200[0m 1.284 ms - 13[0m
[0mGET /api/refunds/tasks/next?type=WHATSAPP_BLAST&worker_id=whatsapp-campaign [32m200[0m 0.764 ms - 13[0m
[0mGET /api/refunds/tasks/next?type=REVIEW_VERIFY&worker_id=review-verifier [32m200[0m 0.830 ms - 13[0m
[0mGET /api/refunds/tasks/next?type=WHATSAPP_BLAST&worker_id=whatsapp-campaign [32m200[0m 1.358 ms - 13[0m
[0mGET /api/refunds/queue [32m200[0m 1.112 ms - 12[0m
[0mGET /api/refunds/tasks/next?type=REVIEW_VERIFY&worker_id=review-verifier [32m200[0m 0.741 ms - 13[0m
[0mGET /api/refunds/tasks/next?type=WHATSAPP_BLAST&worker_id=whatsapp-campaign [32m200[0m 0.903 ms - 13[0m
[0mGET /api/refunds/tasks/next?type=REVIEW_VERIFY&worker_id=review-verifier [32m200[0m 0.972 ms - 13[0m
[0mGET /api/refunds/tasks/next?type=WHATSAPP_BLAST&worker_id=whatsapp-campaign [32m200[0m 0.899 ms - 13[0m
[0mGET /api/refunds/tasks/next?type=REVIEW_VERIFY&worker_id=review-verifier [32m200[0m 0.775 ms - 13[0m
[0mGET /api/refunds/tasks/next?type=WHATSAPP_BLAST&worker_id=whatsapp-campaign [32m200[0m 0.891 ms - 13[0m
[0mGET /api/refunds/queue [32m200[0m 1.000 ms - 12[0m
[0mGET /api/refunds/tasks/next?type=REVIEW_VERIFY&worker_id=review-verifier [32m200[0m 0.874 ms - 13[0m
[0mGET /api/refunds/tasks/next?type=WHATSAPP_BLAST&worker_id=whatsapp-campaign [32m200[0m 1.027 ms - 13[0m
[0mGET /api/refunds/tasks/next?type=REVIEW_VERIFY&worker_id=review-verifier [32m200[0m 2.172 ms - 13[0m
[0mGET /api/refunds/tasks/next?type=WHATSAPP_BLAST&worker_id=whatsapp-campaign [32m200[0m 0.881 ms - 13[0m
[0mGET /api/refunds/tasks/next?type=REVIEW_VERIFY&worker_id=review-verifier [32m200[0m 1.181 ms - 13[0m
[0mGET /api/refunds/tasks/next?type=WHATSAPP_BLAST&worker_id=whatsapp-campaign [32m200[0m 0.861 ms - 13[0m
[0mGET /api/refunds/queue [32m200[0m 1.170 ms - 12[0m
[0mGET /api/refunds/tasks/next?type=REVIEW_VERIFY&worker_id=review-verifier [32m200[0m 0.975 ms - 13[0m
[0mGET /api/refunds/tasks/next?type=WHATSAPP_BLAST&worker_id=whatsapp-campaign [32m200[0m 1.868 ms - 13[0m
[0mGET /api/refunds/tasks/next?type=REVIEW_VERIFY&worker_id=review-verifier [32m200[0m 1.270 ms - 13[0m
[0mGET /api/refunds/tasks/next?type=WHATSAPP_BLAST&worker_id=whatsapp-campaign [32m200[0m 1.191 ms - 13[0m
[0mGET /api/refunds/tasks/next?type=REVIEW_VERIFY&worker_id=review-verifier [32m200[0m 0.797 ms - 13[0m
[0mGET /api/refunds/tasks/next?type=WHATSAPP_BLAST&worker_id=whatsapp-campaign [32m200[0m 0.905 ms - 13[0m
[0mGET /api/refunds/queue [32m200[0m 1.004 ms - 12[0m
[0mGET /api/refunds/tasks/next?type=REVIEW_VERIFY&worker_id=review-verifier [32m200[0m 0.649 ms - 13[0m
[0mGET /api/refunds/tasks/next?type=WHATSAPP_BLAST&worker_id=whatsapp-campaign [32m200[0m 0.743 ms - 13[0m
[0mGET /api/refunds/tasks/next?type=REVIEW_VERIFY&worker_id=review-verifier [32m200[0m 1.052 ms - 13[0m
[0mGET /api/refunds/tasks/next?type=WHATSAPP_BLAST&worker_id=whatsapp-campaign [32m200[0m 1.034 ms - 13[0m
[0mGET /api/refunds/tasks/next?type=REVIEW_VERIFY&worker_id=review-verifier [32m200[0m 0.947 ms - 13[0m
[0mGET /api/refunds/tasks/next?type=WHATSAPP_BLAST&worker_id=whatsapp-campaign [32m200[0m 1.249 ms - 13[0m
[0mGET /api/refunds/queue [32m200[0m 1.010 ms - 12[0m
[0mGET /api/refunds/tasks/next?type=REVIEW_VERIFY&worker_id=review-verifier [32m200[0m 0.885 ms - 13[0m
[0mGET /api/refunds/tasks/next?type=WHATSAPP_BLAST&worker_id=whatsapp-campaign [32m200[0m 3.124 ms - 13[0m
[0mGET /api/refunds/tasks/next?type=REVIEW_VERIFY&worker_id=review-verifier [32m200[0m 0.949 ms - 13[0m
[0mGET /api/refunds/tasks/next?type=WHATSAPP_BLAST&worker_id=whatsapp-campaign [32m200[0m 0.738 ms - 13[0m
[0mGET /api/refunds/tasks/next?type=REVIEW_VERIFY&worker_id=review-verifier [32m200[0m 0.891 ms - 13[0m
[0mGET /api/refunds/tasks/next?type=WHATSAPP_BLAST&worker_id=whatsapp-campaign [32m200[0m 0.857 ms - 13[0m
[0mGET /api/refunds/queue [32m200[0m 1.153 ms - 12[0m
[0mGET /api/refunds/tasks/next?type=REVIEW_VERIFY&worker_id=review-verifier [32m200[0m 0.784 ms - 13[0m
[0mGET /api/refunds/tasks/next?type=WHATSAPP_BLAST&worker_id=whatsapp-campaign [32m200[0m 0.868 ms - 13[0m
[0mGET /api/refunds/tasks/next?type=REVIEW_VERIFY&worker_id=review-verifier [32m200[0m 0.795 ms - 13[0m
[0mGET /api/refunds/tasks/next?type=WHATSAPP_BLAST&worker_id=whatsapp-campaign [32m200[0m 1.095 ms - 13[0m
[0mGET /api/refunds/tasks/next?type=REVIEW_VERIFY&worker_id=review-verifier [32m200[0m 1.268 ms - 13[0m
[0mGET /api/refunds/tasks/next?type=WHATSAPP_BLAST&worker_id=whatsapp-campaign [32m200[0m 0.661 ms - 13[0m
[0mGET /api/refunds/queue [32m200[0m 1.209 ms - 12[0m
[0mGET /api/refunds/tasks/next?type=REVIEW_VERIFY&worker_id=review-verifier [32m200[0m 1.782 ms - 13[0m
[0mGET /api/refunds/tasks/next?type=WHATSAPP_BLAST&worker_id=whatsapp-campaign [32m200[0m 0.829 ms - 13[0m
[0mGET /api/refunds/tasks/next?type=REVIEW_VERIFY&worker_id=review-verifier [32m200[0m 0.677 ms - 13[0m
[0mGET /api/refunds/tasks/next?type=WHATSAPP_BLAST&worker_id=whatsapp-campaign [32m200[0m 0.754 ms - 13[0m
[0mGET /api/refunds/tasks/next?type=REVIEW_VERIFY&worker_id=review-verifier [32m200[0m 0.770 ms - 13[0m
[0mGET /api/refunds/tasks/next?type=WHATSAPP_BLAST&worker_id=whatsapp-campaign [32m200[0m 0.743 ms - 13[0m
[0mGET /api/refunds/queue [32m200[0m 1.051 ms - 12[0m
[0mGET /api/refunds/tasks/next?type=REVIEW_VERIFY&worker_id=review-verifier [32m200[0m 1.003 ms - 13[0m
[0mGET /api/refunds/tasks/next?type=WHATSAPP_BLAST&worker_id=whatsapp-campaign [32m200[0m 0.668 ms - 13[0m
[0mGET /api/refunds/tasks/next?type=REVIEW_VERIFY&worker_id=review-verifier [32m200[0m 0.876 ms - 13[0m
[0mGET /api/refunds/tasks/next?type=WHATSAPP_BLAST&worker_id=whatsapp-campaign [32m200[0m 0.840 ms - 13[0m
[0mGET /api/refunds/tasks/next?type=REVIEW_VERIFY&worker_id=review-verifier [32m200[0m 0.964 ms - 13[0m
[0mGET /api/refunds/tasks/next?type=WHATSAPP_BLAST&worker_id=whatsapp-campaign [32m200[0m 0.804 ms - 13[0m
[0mGET /api/refunds/queue [32m200[0m 0.844 ms - 12[0m
[0mGET /api/refunds/tasks/next?type=REVIEW_VERIFY&worker_id=review-verifier [32m200[0m 0.710 ms - 13[0m
[0mGET /api/refunds/tasks/next?type=WHATSAPP_BLAST&worker_id=whatsapp-campaign [32m200[0m 1.442 ms - 13[0m
[0mGET /api/refunds/tasks/next?type=REVIEW_VERIFY&worker_id=review-verifier [32m200[0m 0.692 ms - 13[0m
[0mGET /api/refunds/tasks/next?type=WHATSAPP_BLAST&worker_id=whatsapp-campaign [32m200[0m 0.760 ms - 13[0m
[0mGET /api/refunds/tasks/next?type=REVIEW_VERIFY&worker_id=review-verifier [32m200[0m 0.818 ms - 13[0m
[0mGET /api/refunds/tasks/next?type=WHATSAPP_BLAST&worker_id=whatsapp-campaign [32m200[0m 0.681 ms - 13[0m
[0mGET /api/refunds/queue [32m200[0m 1.048 ms - 12[0m
[0mGET /api/refunds/tasks/next?type=REVIEW_VERIFY&worker_id=review-verifier [32m200[0m 0.752 ms - 13[0m
[0mGET /api/refunds/tasks/next?type=WHATSAPP_BLAST&worker_id=whatsapp-campaign [32m200[0m 0.818 ms - 13[0m
[0mGET /api/refunds/tasks/next?type=REVIEW_VERIFY&worker_id=review-verifier [32m200[0m 0.726 ms - 13[0m
[0mGET /api/refunds/tasks/next?type=WHATSAPP_BLAST&worker_id=whatsapp-campaign [32m200[0m 0.694 ms - 13[0m
[0mGET /api/refunds/tasks/next?type=REVIEW_VERIFY&worker_id=review-verifier [32m200[0m 0.635 ms - 13[0m
[0mGET /api/refunds/tasks/next?type=WHATSAPP_BLAST&worker_id=whatsapp-campaign [32m200[0m 0.770 ms - 13[0m
[0mGET /api/refunds/queue [32m200[0m 0.883 ms - 12[0m
[0mGET /api/refunds/tasks/next?type=REVIEW_VERIFY&worker_id=review-verifier [32m200[0m 1.440 ms - 13[0m
[0mGET /api/refunds/tasks/next?type=WHATSAPP_BLAST&worker_id=whatsapp-campaign [32m200[0m 1.084 ms - 13[0m
[0mGET /api/refunds/tasks/next?type=REVIEW_VERIFY&worker_id=review-verifier [32m200[0m 1.030 ms - 13[0m
[0mGET /api/refunds/tasks/next?type=WHATSAPP_BLAST&worker_id=whatsapp-campaign [32m200[0m 0.738 ms - 13[0m
[0mGET /api/refunds/tasks/next?type=REVIEW_VERIFY&worker_id=review-verifier [32m200[0m 1.128 ms - 13[0m
[0mGET /api/refunds/tasks/next?type=WHATSAPP_BLAST&worker_id=whatsapp-campaign [32m200[0m 0.794 ms - 13[0m
[0mGET /api/refunds/queue [32m200[0m 1.274 ms - 12[0m
[0mGET /api/refunds/tasks/next?type=REVIEW_VERIFY&worker_id=review-verifier [32m200[0m 1.831 ms - 13[0m
[0mGET /api/refunds/tasks/next?type=WHATSAPP_BLAST&worker_id=whatsapp-campaign [32m200[0m 0.873 ms - 13[0m
[0mGET /api/refunds/tasks/next?type=REVIEW_VERIFY&worker_id=review-verifier [32m200[0m 0.959 ms - 13[0m
[0mGET /api/refunds/tasks/next?type=WHATSAPP_BLAST&worker_id=whatsapp-campaign [32m200[0m 0.724 ms - 13[0m
[0mGET /api/refunds/tasks/next?type=REVIEW_VERIFY&worker_id=review-verifier [32m200[0m 0.943 ms - 13[0m
[0mGET /api/refunds/tasks/next?type=WHATSAPP_BLAST&worker_id=whatsapp-campaign [32m200[0m 0.831 ms - 13[0m
[0mGET /api/refunds/queue [32m200[0m 1.163 ms - 12[0m
[0mGET /api/refunds/tasks/next?type=REVIEW_VERIFY&worker_id=review-verifier [32m200[0m 0.976 ms - 13[0m
[0mGET /api/refunds/tasks/next?type=WHATSAPP_BLAST&worker_id=whatsapp-campaign [32m200[0m 0.879 ms - 13[0m
[0mGET /api/refunds/tasks/next?type=REVIEW_VERIFY&worker_id=review-verifier [32m200[0m 1.056 ms - 13[0m
[0mGET /api/refunds/tasks/next?type=WHATSAPP_BLAST&worker_id=whatsapp-campaign [32m200[0m 0.908 ms - 13[0m
[0mGET /api/refunds/tasks/next?type=REVIEW_VERIFY&worker_id=review-verifier [32m200[0m 0.807 ms - 13[0m
[0mGET /api/refunds/tasks/next?type=WHATSAPP_BLAST&worker_id=whatsapp-campaign [32m200[0m 3.729 ms - 13[0m
[0mGET /api/refunds/queue [32m200[0m 0.726 ms - 12[0m
[0mGET /api/refunds/tasks/next?type=REVIEW_VERIFY&worker_id=review-verifier [32m200[0m 0.694 ms - 13[0m
[0mGET /api/refunds/tasks/next?type=WHATSAPP_BLAST&worker_id=whatsapp-campaign [32m200[0m 0.801 ms - 13[0m
[0mGET /api/refunds/tasks/next?type=REVIEW_VERIFY&worker_id=review-verifier [32m200[0m 1.871 ms - 13[0m
[0mGET /api/refunds/tasks/next?type=WHATSAPP_BLAST&worker_id=whatsapp-campaign [32m200[0m 0.916 ms - 13[0m
[0mGET /api/refunds/tasks/next?type=REVIEW_VERIFY&worker_id=review-verifier [32m200[0m 1.041 ms - 13[0m
[0mGET /api/refunds/tasks/next?type=WHATSAPP_BLAST&worker_id=whatsapp-campaign [32m200[0m 0.741 ms - 13[0m
[0mGET /api/refunds/queue [32m200[0m 0.909 ms - 12[0m
[0mGET /api/refunds/tasks/next?type=REVIEW_VERIFY&worker_id=review-verifier [32m200[0m 0.921 ms - 13[0m
[0mGET /api/refunds/tasks/next?type=WHATSAPP_BLAST&worker_id=whatsapp-campaign [32m200[0m 0.907 ms - 13[0m
[0mGET /api/refunds/tasks/next?type=REVIEW_VERIFY&worker_id=review-verifier [32m200[0m 0.978 ms - 13[0m
[0mGET /api/refunds/tasks/next?type=WHATSAPP_BLAST&worker_id=whatsapp-campaign [32m200[0m 0.986 ms - 13[0m
[0mGET /api/refunds/tasks/next?type=REVIEW_VERIFY&worker_id=review-verifier [32m200[0m 1.018 ms - 13[0m
[0mGET /api/refunds/tasks/next?type=WHATSAPP_BLAST&worker_id=whatsapp-campaign [32m200[0m 0.759 ms - 13[0m
[0mGET /api/refunds/queue [32m200[0m 1.123 ms - 12[0m
[0mGET /api/refunds/tasks/next?type=REVIEW_VERIFY&worker_id=review-verifier [32m200[0m 0.750 ms - 13[0m
[0mGET /api/refunds/tasks/next?type=WHATSAPP_BLAST&worker_id=whatsapp-campaign [32m200[0m 0.749 ms - 13[0m
[0mGET /api/refunds/tasks/next?type=REVIEW_VERIFY&worker_id=review-verifier [32m200[0m 2.270 ms - 13[0m
[0mGET /api/refunds/tasks/next?type=WHATSAPP_BLAST&worker_id=whatsapp-campaign [32m200[0m 0.923 ms - 13[0m
[0mGET /api/refunds/tasks/next?type=REVIEW_VERIFY&worker_id=review-verifier [32m200[0m 0.821 ms - 13[0m
[0mGET /api/refunds/tasks/next?type=WHATSAPP_BLAST&worker_id=whatsapp-campaign [32m200[0m 0.977 ms - 13[0m
[0mGET /api/refunds/queue [32m200[0m 1.033 ms - 12[0m
[0mGET /api/refunds/tasks/next?type=REVIEW_VERIFY&worker_id=review-verifier [32m200[0m 5.676 ms - 13[0m
[0mGET /api/refunds/tasks/next?type=WHATSAPP_BLAST&worker_id=whatsapp-campaign [32m200[0m 1.280 ms - 13[0m
[0mGET /api/refunds/tasks/next?type=REVIEW_VERIFY&worker_id=review-verifier [32m200[0m 0.727 ms - 13[0m
[0mGET /api/refunds/tasks/next?type=WHATSAPP_BLAST&worker_id=whatsapp-campaign [32m200[0m 0.744 ms - 13[0m
[0mGET /api/refunds/tasks/next?type=REVIEW_VERIFY&worker_id=review-verifier [32m200[0m 0.967 ms - 13[0m
[0mGET /api/refunds/tasks/next?type=WHATSAPP_BLAST&worker_id=whatsapp-campaign [32m200[0m 0.696 ms - 13[0m
[0mGET /api/refunds/queue [32m200[0m 1.012 ms - 12[0m
[0mGET /api/refunds/tasks/next?type=REVIEW_VERIFY&worker_id=review-verifier [32m200[0m 1.300 ms - 13[0m
[0mGET /api/refunds/tasks/next?type=WHATSAPP_BLAST&worker_id=whatsapp-campaign [32m200[0m 0.903 ms - 13[0m
[0mGET /api/refunds/tasks/next?type=REVIEW_VERIFY&worker_id=review-verifier [32m200[0m 0.609 ms - 13[0m
[0mGET /api/refunds/tasks/next?type=WHATSAPP_BLAST&worker_id=whatsapp-campaign [32m200[0m 3.804 ms - 13[0m
[0mGET /api/refunds/tasks/next?type=REVIEW_VERIFY&worker_id=review-verifier [32m200[0m 0.984 ms - 13[0m
[0mGET /api/refunds/tasks/next?type=WHATSAPP_BLAST&worker_id=whatsapp-campaign [32m200[0m 0.949 ms - 13[0m
[0mGET /api/refunds/queue [32m200[0m 1.321 ms - 12[0m
[0mGET /api/refunds/tasks/next?type=REVIEW_VERIFY&worker_id=review-verifier [32m200[0m 0.962 ms - 13[0m
[0mGET /api/refunds/tasks/next?type=WHATSAPP_BLAST&worker_id=whatsapp-campaign [32m200[0m 1.143 ms - 13[0m
[0mGET /api/refunds/tasks/next?type=REVIEW_VERIFY&worker_id=review-verifier [32m200[0m 1.186 ms - 13[0m
[0mGET /api/refunds/tasks/next?type=WHATSAPP_BLAST&worker_id=whatsapp-campaign [32m200[0m 0.876 ms - 13[0m
[0mGET /api/refunds/tasks/next?type=REVIEW_VERIFY&worker_id=review-verifier [32m200[0m 1.054 ms - 13[0m
[0mGET /api/refunds/tasks/next?type=WHATSAPP_BLAST&worker_id=whatsapp-campaign [32m200[0m 0.955 ms - 13[0m
[0mGET /api/refunds/queue [32m200[0m 1.480 ms - 12[0m
[0mGET /api/refunds/tasks/next?type=REVIEW_VERIFY&worker_id=review-verifier [32m200[0m 0.775 ms - 13[0m
[0mGET /api/refunds/tasks/next?type=WHATSAPP_BLAST&worker_id=whatsapp-campaign [32m200[0m 0.813 ms - 13[0m
[0mGET /api/refunds/tasks/next?type=REVIEW_VERIFY&worker_id=review-verifier [32m200[0m 0.940 ms - 13[0m
[0mGET /api/refunds/tasks/next?type=WHATSAPP_BLAST&worker_id=whatsapp-campaign [32m200[0m 1.698 ms - 13[0m
[0mGET /api/refunds/tasks/next?type=REVIEW_VERIFY&worker_id=review-verifier [32m200[0m 1.340 ms - 13[0m
[0mGET /api/refunds/tasks/next?type=WHATSAPP_BLAST&worker_id=whatsapp-campaign [32m200[0m 2.309 ms - 13[0m
[0mGET /api/refunds/queue [32m200[0m 0.870 ms - 12[0m
[0mGET /api/refunds/tasks/next?type=REVIEW_VERIFY&worker_id=review-verifier [32m200[0m 0.821 ms - 13[0m
[0mGET /api/refunds/tasks/next?type=WHATSAPP_BLAST&worker_id=whatsapp-campaign [32m200[0m 1.054 ms - 13[0m
[0mGET /api/refunds/tasks/next?type=REVIEW_VERIFY&worker_id=review-verifier [32m200[0m 1.754 ms - 13[0m
[0mGET /api/refunds/tasks/next?type=WHATSAPP_BLAST&worker_id=whatsapp-campaign [32m200[0m 0.816 ms - 13[0m
[0mGET /api/refunds/tasks/next?type=REVIEW_VERIFY&worker_id=review-verifier [32m200[0m 2.420 ms - 13[0m
[0mGET /api/refunds/tasks/next?type=WHATSAPP_BLAST&worker_id=whatsapp-campaign [32m200[0m 1.620 ms - 13[0m
[0mGET /api/refunds/queue [32m200[0m 1.649 ms - 12[0m
[0mGET /api/refunds/tasks/next?type=REVIEW_VERIFY&worker_id=review-verifier [32m200[0m 1.067 ms - 13[0m
[0mGET /api/refunds/tasks/next?type=WHATSAPP_BLAST&worker_id=whatsapp-campaign [32m200[0m 1.302 ms - 13[0m
[0mGET /api/refunds/tasks/next?type=REVIEW_VERIFY&worker_id=review-verifier [32m200[0m 1.187 ms - 13[0m
[0mGET /api/refunds/tasks/next?type=WHATSAPP_BLAST&worker_id=whatsapp-campaign [32m200[0m 0.801 ms - 13[0m
[0mGET /api/refunds/tasks/next?type=REVIEW_VERIFY&worker_id=review-verifier [32m200[0m 3.290 ms - 13[0m
[0mGET /api/refunds/tasks/next?type=WHATSAPP_BLAST&worker_id=whatsapp-campaign [32m200[0m 0.998 ms - 13[0m
[0mGET /api/refunds/queue [32m200[0m 1.136 ms - 12[0m
[0mGET /api/refunds/tasks/next?type=REVIEW_VERIFY&worker_id=review-verifier [32m200[0m 0.707 ms - 13[0m
[0mGET /api/refunds/tasks/next?type=WHATSAPP_BLAST&worker_id=whatsapp-campaign [32m200[0m 1.148 ms - 13[0m
[0mGET /api/refunds/tasks/next?type=REVIEW_VERIFY&worker_id=review-verifier [32m200[0m 0.724 ms - 13[0m
[0mGET /api/refunds/tasks/next?type=WHATSAPP_BLAST&worker_id=whatsapp-campaign [32m200[0m 1.778 ms - 13[0m
[0mGET /api/refunds/tasks/next?type=REVIEW_VERIFY&worker_id=review-verifier [32m200[0m 0.716 ms - 13[0m
[0mGET /api/refunds/tasks/next?type=WHATSAPP_BLAST&worker_id=whatsapp-campaign [32m200[0m 1.587 ms - 13[0m
[0mGET /api/refunds/queue [32m200[0m 0.920 ms - 12[0m
[0mGET /api/refunds/tasks/next?type=REVIEW_VERIFY&worker_id=review-verifier [32m200[0m 0.646 ms - 13[0m
[0mGET /api/refunds/tasks/next?type=WHATSAPP_BLAST&worker_id=whatsapp-campaign [32m200[0m 1.620 ms - 13[0m
[0mGET /api/refunds/tasks/next?type=REVIEW_VERIFY&worker_id=review-verifier [32m200[0m 1.385 ms - 13[0m
[0mGET /api/refunds/tasks/next?type=WHATSAPP_BLAST&worker_id=whatsapp-campaign [32m200[0m 1.901 ms - 13[0m
[0mGET /api/refunds/tasks/next?type=REVIEW_VERIFY&worker_id=review-verifier [32m200[0m 1.313 ms - 13[0m
[0mGET /api/refunds/tasks/next?type=WHATSAPP_BLAST&worker_id=whatsapp-campaign [32m200[0m 1.859 ms - 13[0m
[0mGET /api/refunds/queue [32m200[0m 0.874 ms - 12[0m
[0mGET /api/refunds/tasks/next?type=REVIEW_VERIFY&worker_id=review-verifier [32m200[0m 0.673 ms - 13[0m
[0mGET /api/refunds/tasks/next?type=WHATSAPP_BLAST&worker_id=whatsapp-campaign [32m200[0m 2.109 ms - 13[0m
[0mGET /api/refunds/tasks/next?type=REVIEW_VERIFY&worker_id=review-verifier [32m200[0m 4.752 ms - 13[0m
[0mGET /api/refunds/tasks/next?type=WHATSAPP_BLAST&worker_id=whatsapp-campaign [32m200[0m 1.735 ms - 13[0m
[0mGET /api/refunds/tasks/next?type=REVIEW_VERIFY&worker_id=review-verifier [32m200[0m 0.807 ms - 13[0m
[0mGET /api/refunds/tasks/next?type=WHATSAPP_BLAST&worker_id=whatsapp-campaign [32m200[0m 2.429 ms - 13[0m
[0mGET /api/refunds/queue [32m200[0m 0.949 ms - 12[0m
[0mGET /api/refunds/tasks/next?type=REVIEW_VERIFY&worker_id=review-verifier [32m200[0m 0.641 ms - 13[0m
[0mGET /api/refunds/tasks/next?type=WHATSAPP_BLAST&worker_id=whatsapp-campaign [32m200[0m 0.700 ms - 13[0m
[0mGET /api/refunds/tasks/next?type=REVIEW_VERIFY&worker_id=review-verifier [32m200[0m 0.635 ms - 13[0m
[0mGET /api/refunds/tasks/next?type=WHATSAPP_BLAST&worker_id=whatsapp-campaign [32m200[0m 1.598 ms - 13[0m
[0mGET /api/refunds/tasks/next?type=REVIEW_VERIFY&worker_id=review-verifier [32m200[0m 0.670 ms - 13[0m
[0mGET /api/refunds/tasks/next?type=WHATSAPP_BLAST&worker_id=whatsapp-campaign [32m200[0m 1.692 ms - 13[0m
[0mGET /api/refunds/queue [32m200[0m 0.893 ms - 12[0m
[0mGET /api/refunds/tasks/next?type=REVIEW_VERIFY&worker_id=review-verifier [32m200[0m 0.714 ms - 13[0m
[0mGET /api/refunds/tasks/next?type=WHATSAPP_BLAST&worker_id=whatsapp-campaign [32m200[0m 1.051 ms - 13[0m
[0mGET /api/refunds/tasks/next?type=REVIEW_VERIFY&worker_id=review-verifier [32m200[0m 1.047 ms - 13[0m
[0mGET /api/refunds/tasks/next?type=WHATSAPP_BLAST&worker_id=whatsapp-campaign [32m200[0m 0.915 ms - 13[0m
[0mGET /api/refunds/tasks/next?type=REVIEW_VERIFY&worker_id=review-verifier [32m200[0m 1.174 ms - 13[0m
[0mGET /api/refunds/tasks/next?type=WHATSAPP_BLAST&worker_id=whatsapp-campaign [32m200[0m 0.945 ms - 13[0m
[0mGET /api/refunds/queue [32m200[0m 0.757 ms - 12[0m
[0mGET /api/refunds/tasks/next?type=REVIEW_VERIFY&worker_id=review-verifier [32m200[0m 2.738 ms - 13[0m
[0mGET /api/refunds/tasks/next?type=WHATSAPP_BLAST&worker_id=whatsapp-campaign [32m200[0m 0.809 ms - 13[0m
[0mGET /api/refunds/tasks/next?type=REVIEW_VERIFY&worker_id=review-verifier [32m200[0m 0.988 ms - 13[0m
[0mGET /api/refunds/tasks/next?type=WHATSAPP_BLAST&worker_id=whatsapp-campaign [32m200[0m 1.659 ms - 13[0m
[0mGET /api/refunds/tasks/next?type=REVIEW_VERIFY&worker_id=review-verifier [32m200[0m 0.684 ms - 13[0m
[0mGET /api/refunds/tasks/next?type=WHATSAPP_BLAST&worker_id=whatsapp-campaign [32m200[0m 1.787 ms - 13[0m
[0mGET /api/refunds/queue [32m200[0m 1.010 ms - 12[0m
[0mGET /api/refunds/tasks/next?type=REVIEW_VERIFY&worker_id=review-verifier [32m200[0m 0.642 ms - 13[0m
[0mGET /api/refunds/tasks/next?type=WHATSAPP_BLAST&worker_id=whatsapp-campaign [32m200[0m 1.752 ms - 13[0m
[0mGET /api/refunds/tasks/next?type=REVIEW_VERIFY&worker_id=review-verifier [32m200[0m 1.912 ms - 13[0m
[0mGET /api/refunds/tasks/next?type=WHATSAPP_BLAST&worker_id=whatsapp-campaign [32m200[0m 1.838 ms - 13[0m
[0mGET /api/refunds/tasks/next?type=REVIEW_VERIFY&worker_id=review-verifier [32m200[0m 1.387 ms - 13[0m
[0mGET /api/refunds/tasks/next?type=WHATSAPP_BLAST&worker_id=whatsapp-campaign [32m200[0m 3.932 ms - 13[0m
[0mGET /api/refunds/queue [32m200[0m 1.884 ms - 12[0m
[0mGET /api/refunds/tasks/next?type=REVIEW_VERIFY&worker_id=review-verifier [32m200[0m 0.770 ms - 13[0m
[0mGET /api/refunds/tasks/next?type=WHATSAPP_BLAST&worker_id=whatsapp-campaign [32m200[0m 1.087 ms - 13[0m
[0mGET /api/refunds/tasks/next?type=REVIEW_VERIFY&worker_id=review-verifier [32m200[0m 1.099 ms - 13[0m
[0mGET /api/refunds/tasks/next?type=WHATSAPP_BLAST&worker_id=whatsapp-campaign [32m200[0m 2.046 ms - 13[0m
[0mGET /api/refunds/tasks/next?type=REVIEW_VERIFY&worker_id=review-verifier [32m200[0m 1.226 ms - 13[0m
[0mGET /api/refunds/tasks/next?type=WHATSAPP_BLAST&worker_id=whatsapp-campaign [32m200[0m 2.027 ms - 13[0m
[0mGET /api/refunds/queue [32m200[0m 1.711 ms - 12[0m
[0mGET /api/refunds/tasks/next?type=REVIEW_VERIFY&worker_id=review-verifier [32m200[0m 0.709 ms - 13[0m
[0mGET /api/refunds/tasks/next?type=WHATSAPP_BLAST&worker_id=whatsapp-campaign [32m200[0m 2.818 ms - 13[0m
[0mGET /api/refunds/tasks/next?type=REVIEW_VERIFY&worker_id=review-verifier [32m200[0m 0.794 ms - 13[0m
[0mGET /api/refunds/tasks/next?type=WHATSAPP_BLAST&worker_id=whatsapp-campaign [32m200[0m 1.620 ms - 13[0m
[0mGET /api/refunds/tasks/next?type=REVIEW_VERIFY&worker_id=review-verifier [32m200[0m 6.523 ms - 13[0m
[0mGET /api/refunds/tasks/next?type=WHATSAPP_BLAST&worker_id=whatsapp-campaign [32m200[0m 3.988 ms - 13[0m
[0mGET /api/refunds/queue [32m200[0m 1.121 ms - 12[0m
[0mGET /api/refunds/tasks/next?type=REVIEW_VERIFY&worker_id=review-verifier [32m200[0m 0.859 ms - 13[0m
[0mGET /api/refunds/tasks/next?type=WHATSAPP_BLAST&worker_id=whatsapp-campaign [32m200[0m 2.120 ms - 13[0m
[0mGET /api/refunds/tasks/next?type=REVIEW_VERIFY&worker_id=review-verifier [32m200[0m 0.967 ms - 13[0m
[0mGET /api/refunds/tasks/next?type=WHATSAPP_BLAST&worker_id=whatsapp-campaign [32m200[0m 4.393 ms - 13[0m
[0mGET /api/refunds/tasks/next?type=REVIEW_VERIFY&worker_id=review-verifier [32m200[0m 0.681 ms - 13[0m
[0mGET /api/refunds/tasks/next?type=WHATSAPP_BLAST&worker_id=whatsapp-campaign [32m200[0m 0.717 ms - 13[0m
[0mGET /api/refunds/queue [32m200[0m 0.941 ms - 12[0m
[0mGET /api/refunds/tasks/next?type=REVIEW_VERIFY&worker_id=review-verifier [32m200[0m 0.644 ms - 13[0m
[0mGET /api/refunds/tasks/next?type=WHATSAPP_BLAST&worker_id=whatsapp-campaign [32m200[0m 0.758 ms - 13[0m
[0mGET /api/refunds/tasks/next?type=REVIEW_VERIFY&worker_id=review-verifier [32m200[0m 0.747 ms - 13[0m
[0mGET /api/refunds/tasks/next?type=WHATSAPP_BLAST&worker_id=whatsapp-campaign [32m200[0m 0.956 ms - 13[0m
[0mGET /api/refunds/tasks/next?type=REVIEW_VERIFY&worker_id=review-verifier [32m200[0m 1.320 ms - 13[0m
[0mGET /api/refunds/tasks/next?type=WHATSAPP_BLAST&worker_id=whatsapp-campaign [32m200[0m 0.796 ms - 13[0m
[0mGET /api/refunds/queue [32m200[0m 0.751 ms - 12[0m
[0mGET /api/refunds/tasks/next?type=REVIEW_VERIFY&worker_id=review-verifier [32m200[0m 0.712 ms - 13[0m
[0mGET /api/refunds/tasks/next?type=WHATSAPP_BLAST&worker_id=whatsapp-campaign [32m200[0m 0.636 ms - 13[0m
[0mGET /api/refunds/tasks/next?type=REVIEW_VERIFY&worker_id=review-verifier [32m200[0m 0.974 ms - 13[0m
[0mGET /api/refunds/tasks/next?type=WHATSAPP_BLAST&worker_id=whatsapp-campaign [32m200[0m 0.653 ms - 13[0m
[0mGET /api/refunds/tasks/next?type=REVIEW_VERIFY&worker_id=review-verifier [32m200[0m 0.730 ms - 13[0m
[0mGET /api/refunds/tasks/next?type=WHATSAPP_BLAST&worker_id=whatsapp-campaign [32m200[0m 0.849 ms - 13[0m
[0mGET /api/refunds/queue [32m200[0m 0.918 ms - 12[0m
[0mGET /api/refunds/tasks/next?type=REVIEW_VERIFY&worker_id=review-verifier [32m200[0m 0.728 ms - 13[0m
[0mGET /api/refunds/tasks/next?type=WHATSAPP_BLAST&worker_id=whatsapp-campaign [32m200[0m 1.621 ms - 13[0m
[0mGET /api/refunds/tasks/next?type=REVIEW_VERIFY&worker_id=review-verifier [32m200[0m 0.825 ms - 13[0m
[0mGET /api/refunds/tasks/next?type=WHATSAPP_BLAST&worker_id=whatsapp-campaign [32m200[0m 0.630 ms - 13[0m
[0mGET /api/refunds/tasks/next?type=REVIEW_VERIFY&worker_id=review-verifier [32m200[0m 0.665 ms - 13[0m
[0mGET /api/refunds/tasks/next?type=WHATSAPP_BLAST&worker_id=whatsapp-campaign [32m200[0m 0.761 ms - 13[0m
[0mGET /api/refunds/queue [32m200[0m 0.733 ms - 12[0m
[0mGET /api/refunds/tasks/next?type=REVIEW_VERIFY&worker_id=review-verifier [32m200[0m 0.635 ms - 13[0m
[0mGET /api/refunds/tasks/next?type=WHATSAPP_BLAST&worker_id=whatsapp-campaign [32m200[0m 0.978 ms - 13[0m
[0mGET /api/refunds/tasks/next?type=REVIEW_VERIFY&worker_id=review-verifier [32m200[0m 0.633 ms - 13[0m
[0mGET /api/refunds/tasks/next?type=WHATSAPP_BLAST&worker_id=whatsapp-campaign [32m200[0m 0.789 ms - 13[0m
[0mGET /api/refunds/tasks/next?type=REVIEW_VERIFY&worker_id=review-verifier [32m200[0m 0.655 ms - 13[0m
[0mGET /api/refunds/tasks/next?type=WHATSAPP_BLAST&worker_id=whatsapp-campaign [32m200[0m 0.649 ms - 13[0m
[0mGET /api/refunds/queue [32m200[0m 0.742 ms - 12[0m
[0mGET /api/refunds/tasks/next?type=REVIEW_VERIFY&worker_id=review-verifier [32m200[0m 0.637 ms - 13[0m
[0mGET /api/refunds/tasks/next?type=WHATSAPP_BLAST&worker_id=whatsapp-campaign [32m200[0m 0.657 ms - 13[0m
[0mGET /api/refunds/tasks/next?type=REVIEW_VERIFY&worker_id=review-verifier [32m200[0m 0.760 ms - 13[0m
[0mGET /api/refunds/tasks/next?type=WHATSAPP_BLAST&worker_id=whatsapp-campaign [32m200[0m 0.729 ms - 13[0m
[0mGET /api/refunds/tasks/next?type=REVIEW_VERIFY&worker_id=review-verifier [32m200[0m 0.919 ms - 13[0m
[0mGET /api/refunds/tasks/next?type=WHATSAPP_BLAST&worker_id=whatsapp-campaign [32m200[0m 0.745 ms - 13[0m
[0mGET /api/refunds/queue [32m200[0m 0.944 ms - 12[0m
[0mGET /api/refunds/tasks/next?type=REVIEW_VERIFY&worker_id=review-verifier [32m200[0m 0.694 ms - 13[0m
[0mGET /api/refunds/tasks/next?type=WHATSAPP_BLAST&worker_id=whatsapp-campaign [32m200[0m 0.677 ms - 13[0m
[0mGET /api/refunds/tasks/next?type=REVIEW_VERIFY&worker_id=review-verifier [32m200[0m 0.741 ms - 13[0m
[0mGET /api/refunds/tasks/next?type=WHATSAPP_BLAST&worker_id=whatsapp-campaign [32m200[0m 0.721 ms - 13[0m
[0mGET /api/refunds/tasks/next?type=REVIEW_VERIFY&worker_id=review-verifier [32m200[0m 0.635 ms - 13[0m
[0mGET /api/refunds/tasks/next?type=WHATSAPP_BLAST&worker_id=whatsapp-campaign [32m200[0m 0.653 ms - 13[0m
[0mGET /api/refunds/queue [32m200[0m 2.840 ms - 12[0m
[0mGET /api/refunds/tasks/next?type=REVIEW_VERIFY&worker_id=review-verifier [32m200[0m 1.991 ms - 13[0m
[0mGET /api/refunds/tasks/next?type=WHATSAPP_BLAST&worker_id=whatsapp-campaign [32m200[0m 1.533 ms - 13[0m
[0mGET /api/refunds/tasks/next?type=REVIEW_VERIFY&worker_id=review-verifier [32m200[0m 1.518 ms - 13[0m
[0mGET /api/refunds/tasks/next?type=WHATSAPP_BLAST&worker_id=whatsapp-campaign [32m200[0m 0.779 ms - 13[0m
[0mGET /api/refunds/tasks/next?type=REVIEW_VERIFY&worker_id=review-verifier [32m200[0m 1.032 ms - 13[0m
[0mGET /api/refunds/tasks/next?type=WHATSAPP_BLAST&worker_id=whatsapp-campaign [32m200[0m 0.663 ms - 13[0m
[0mGET /api/refunds/queue [32m200[0m 0.843 ms - 12[0m
[0mGET /api/refunds/tasks/next?type=REVIEW_VERIFY&worker_id=review-verifier [32m200[0m 1.264 ms - 13[0m
[0mGET /api/refunds/tasks/next?type=WHATSAPP_BLAST&worker_id=whatsapp-campaign [32m200[0m 0.776 ms - 13[0m
[0mGET /api/refunds/tasks/next?type=REVIEW_VERIFY&worker_id=review-verifier [32m200[0m 0.667 ms - 13[0m
[0mGET /api/refunds/tasks/next?type=WHATSAPP_BLAST&worker_id=whatsapp-campaign [32m200[0m 0.696 ms - 13[0m
[0mGET /api/refunds/tasks/next?type=REVIEW_VERIFY&worker_id=review-verifier [32m200[0m 0.897 ms - 13[0m
[0mGET /api/refunds/tasks/next?type=WHATSAPP_BLAST&worker_id=whatsapp-campaign [32m200[0m 0.748 ms - 13[0m
[0mGET /api/refunds/queue [32m200[0m 0.791 ms - 12[0m
[0mGET /api/refunds/tasks/next?type=REVIEW_VERIFY&worker_id=review-verifier [32m200[0m 0.682 ms - 13[0m
[0mGET /api/refunds/tasks/next?type=WHATSAPP_BLAST&worker_id=whatsapp-campaign [32m200[0m 0.741 ms - 13[0m
[0mGET /api/refunds/tasks/next?type=REVIEW_VERIFY&worker_id=review-verifier [32m200[0m 0.604 ms - 13[0m
[0mGET /api/refunds/tasks/next?type=WHATSAPP_BLAST&worker_id=whatsapp-campaign [32m200[0m 1.339 ms - 13[0m
[0mGET /api/refunds/tasks/next?type=REVIEW_VERIFY&worker_id=review-verifier [32m200[0m 0.769 ms - 13[0m
[0mGET /api/refunds/tasks/next?type=WHATSAPP_BLAST&worker_id=whatsapp-campaign [32m200[0m 1.955 ms - 13[0m
[0mGET /api/refunds/queue [32m200[0m 0.919 ms - 12[0m
[0mGET /api/refunds/tasks/next?type=REVIEW_VERIFY&worker_id=review-verifier [32m200[0m 0.955 ms - 13[0m
[0mGET /api/refunds/tasks/next?type=WHATSAPP_BLAST&worker_id=whatsapp-campaign [32m200[0m 0.761 ms - 13[0m
[0mGET /api/refunds/tasks/next?type=REVIEW_VERIFY&worker_id=review-verifier [32m200[0m 0.935 ms - 13[0m
[0mGET /api/refunds/tasks/next?type=WHATSAPP_BLAST&worker_id=whatsapp-campaign [32m200[0m 1.873 ms - 13[0m
[0mGET /api/refunds/tasks/next?type=REVIEW_VERIFY&worker_id=review-verifier [32m200[0m 0.678 ms - 13[0m
[0mGET /api/refunds/tasks/next?type=WHATSAPP_BLAST&worker_id=whatsapp-campaign [32m200[0m 0.870 ms - 13[0m
[0mGET /api/refunds/queue [32m200[0m 0.900 ms - 12[0m
[0mGET /api/refunds/tasks/next?type=REVIEW_VERIFY&worker_id=review-verifier [32m200[0m 0.822 ms - 13[0m
[0mGET /api/refunds/tasks/next?type=WHATSAPP_BLAST&worker_id=whatsapp-campaign [32m200[0m 0.874 ms - 13[0m
[0mGET /api/refunds/tasks/next?type=REVIEW_VERIFY&worker_id=review-verifier [32m200[0m 0.635 ms - 13[0m
[0mGET /api/refunds/tasks/next?type=WHATSAPP_BLAST&worker_id=whatsapp-campaign [32m200[0m 0.903 ms - 13[0m
[0mGET /api/refunds/tasks/next?type=REVIEW_VERIFY&worker_id=review-verifier [32m200[0m 1.731 ms - 13[0m
[0mGET /api/refunds/tasks/next?type=WHATSAPP_BLAST&worker_id=whatsapp-campaign [32m200[0m 1.880 ms - 13[0m
[0mGET /api/refunds/queue [32m200[0m 0.828 ms - 12[0m
[0mGET /api/refunds/tasks/next?type=REVIEW_VERIFY&worker_id=review-verifier [32m200[0m 0.918 ms - 13[0m
[0mGET /api/refunds/tasks/next?type=WHATSAPP_BLAST&worker_id=whatsapp-campaign [32m200[0m 1.103 ms - 13[0m
[0mGET /api/refunds/tasks/next?type=REVIEW_VERIFY&worker_id=review-verifier [32m200[0m 0.740 ms - 13[0m
[0mGET /api/refunds/tasks/next?type=WHATSAPP_BLAST&worker_id=whatsapp-campaign [32m200[0m 0.870 ms - 13[0m
[0mGET /api/refunds/tasks/next?type=REVIEW_VERIFY&worker_id=review-verifier [32m200[0m 0.645 ms - 13[0m
[0mGET /api/refunds/tasks/next?type=WHATSAPP_BLAST&worker_id=whatsapp-campaign [32m200[0m 6.232 ms - 13[0m
[0mGET /api/refunds/queue [32m200[0m 1.280 ms - 12[0m
[0mGET /api/refunds/tasks/next?type=REVIEW_VERIFY&worker_id=review-verifier [32m200[0m 0.921 ms - 13[0m
[0mGET /api/refunds/tasks/next?type=WHATSAPP_BLAST&worker_id=whatsapp-campaign [32m200[0m 2.908 ms - 13[0m
[0mGET /api/refunds/tasks/next?type=REVIEW_VERIFY&worker_id=review-verifier [32m200[0m 0.731 ms - 13[0m
[0mGET /api/refunds/tasks/next?type=WHATSAPP_BLAST&worker_id=whatsapp-campaign [32m200[0m 1.955 ms - 13[0m
[0mGET /api/refunds/tasks/next?type=REVIEW_VERIFY&worker_id=review-verifier [32m200[0m 1.005 ms - 13[0m
[0mGET /api/refunds/tasks/next?type=WHATSAPP_BLAST&worker_id=whatsapp-campaign [32m200[0m 3.936 ms - 13[0m
[0mGET /api/refunds/queue [32m200[0m 0.943 ms - 12[0m
[0mGET /api/refunds/tasks/next?type=REVIEW_VERIFY&worker_id=review-verifier [32m200[0m 0.939 ms - 13[0m
[0mGET /api/refunds/tasks/next?type=WHATSAPP_BLAST&worker_id=whatsapp-campaign [32m200[0m 2.566 ms - 13[0m
[0mGET /api/refunds/tasks/next?type=REVIEW_VERIFY&worker_id=review-verifier [32m200[0m 3.506 ms - 13[0m
[0mGET /api/refunds/tasks/next?type=WHATSAPP_BLAST&worker_id=whatsapp-campaign [32m200[0m 4.692 ms - 13[0m
[0mGET /api/refunds/tasks/next?type=REVIEW_VERIFY&worker_id=review-verifier [32m200[0m 1.123 ms - 13[0m
[0mGET /api/refunds/tasks/next?type=WHATSAPP_BLAST&worker_id=whatsapp-campaign [32m200[0m 1.587 ms - 13[0m
[0mGET /api/refunds/queue [32m200[0m 1.747 ms - 12[0m
[0mGET /api/refunds/tasks/next?type=REVIEW_VERIFY&worker_id=review-verifier [32m200[0m 2.430 ms - 13[0m
[0mGET /api/refunds/tasks/next?type=WHATSAPP_BLAST&worker_id=whatsapp-campaign [32m200[0m 7.318 ms - 13[0m
[0mGET /api/refunds/tasks/next?type=REVIEW_VERIFY&worker_id=review-verifier [32m200[0m 0.772 ms - 13[0m
[0mGET /api/refunds/tasks/next?type=WHATSAPP_BLAST&worker_id=whatsapp-campaign [32m200[0m 1.712 ms - 13[0m
[0mGET /api/refunds/tasks/next?type=REVIEW_VERIFY&worker_id=review-verifier [32m200[0m 1.278 ms - 13[0m
[0mGET /api/refunds/tasks/next?type=WHATSAPP_BLAST&worker_id=whatsapp-campaign [32m200[0m 2.596 ms - 13[0m
[0mGET /api/refunds/queue [32m200[0m 2.546 ms - 12[0m
[0mGET /api/refunds/tasks/next?type=REVIEW_VERIFY&worker_id=review-verifier [32m200[0m 1.992 ms - 13[0m
[0mGET /api/refunds/tasks/next?type=WHATSAPP_BLAST&worker_id=whatsapp-campaign [32m200[0m 0.845 ms - 13[0m
[0mGET /api/refunds/tasks/next?type=REVIEW_VERIFY&worker_id=review-verifier [32m200[0m 1.622 ms - 13[0m
[0mGET /api/refunds/tasks/next?type=WHATSAPP_BLAST&worker_id=whatsapp-campaign [32m200[0m 3.126 ms - 13[0m
[0mGET /api/refunds/tasks/next?type=REVIEW_VERIFY&worker_id=review-verifier [32m200[0m 0.855 ms - 13[0m
[0mGET /api/refunds/tasks/next?type=WHATSAPP_BLAST&worker_id=whatsapp-campaign [32m200[0m 4.084 ms - 13[0m
[0mGET /api/refunds/queue [32m200[0m 1.069 ms - 12[0m
[0mGET /api/refunds/tasks/next?type=REVIEW_VERIFY&worker_id=review-verifier [32m200[0m 2.196 ms - 13[0m
[0mGET /api/refunds/tasks/next?type=WHATSAPP_BLAST&worker_id=whatsapp-campaign [32m200[0m 5.769 ms - 13[0m
[0mGET /api/refunds/tasks/next?type=REVIEW_VERIFY&worker_id=review-verifier [32m200[0m 0.972 ms - 13[0m
[0mGET /api/refunds/tasks/next?type=WHATSAPP_BLAST&worker_id=whatsapp-campaign [32m200[0m 1.209 ms - 13[0m
[0mGET /api/refunds/tasks/next?type=REVIEW_VERIFY&worker_id=review-verifier [32m200[0m 1.107 ms - 13[0m
[0mGET /api/refunds/tasks/next?type=WHATSAPP_BLAST&worker_id=whatsapp-campaign [32m200[0m 1.168 ms - 13[0m
[0mGET /api/refunds/queue [32m200[0m 2.894 ms - 12[0m
[0mGET /api/refunds/tasks/next?type=REVIEW_VERIFY&worker_id=review-verifier [32m200[0m 1.027 ms - 13[0m
[0mGET /api/refunds/tasks/next?type=WHATSAPP_BLAST&worker_id=whatsapp-campaign [32m200[0m 5.276 ms - 13[0m
[0mGET /api/refunds/tasks/next?type=REVIEW_VERIFY&worker_id=review-verifier [32m200[0m 4.125 ms - 13[0m
[0mGET /api/refunds/tasks/next?type=WHATSAPP_BLAST&worker_id=whatsapp-campaign [32m200[0m 13.090 ms - 13[0m
[0mGET /api/refunds/tasks/next?type=REVIEW_VERIFY&worker_id=review-verifier [32m200[0m 38.851 ms - 13[0m
[0mGET /api/refunds/tasks/next?type=WHATSAPP_BLAST&worker_id=whatsapp-campaign [32m200[0m 6.140 ms - 13[0m
[0mGET /api/refunds/queue [32m200[0m 6.279 ms - 12[0m
[0mGET /api/refunds/tasks/next?type=REVIEW_VERIFY&worker_id=review-verifier [32m200[0m 8.740 ms - 13[0m
[0mGET /api/refunds/tasks/next?type=WHATSAPP_BLAST&worker_id=whatsapp-campaign [32m200[0m 12.501 ms - 13[0m
[0mGET /api/refunds/tasks/next?type=REVIEW_VERIFY&worker_id=review-verifier [32m200[0m 1.606 ms - 13[0m
[0mGET /api/refunds/tasks/next?type=WHATSAPP_BLAST&worker_id=whatsapp-campaign [32m200[0m 8.204 ms - 13[0m
[0mGET /api/refunds/tasks/next?type=REVIEW_VERIFY&worker_id=review-verifier [32m200[0m 5.935 ms - 13[0m
[0mGET /api/refunds/tasks/next?type=WHATSAPP_BLAST&worker_id=whatsapp-campaign [32m200[0m 32.859 ms - 13[0m
[0mGET /api/refunds/queue [32m200[0m 111.324 ms - 12[0m
[0mGET /api/refunds/tasks/next?type=REVIEW_VERIFY&worker_id=review-verifier [32m200[0m 7.986 ms - 13[0m
[0mGET /api/refunds/tasks/next?type=WHATSAPP_BLAST&worker_id=whatsapp-campaign [32m200[0m 15.071 ms - 13[0m
[0mGET /api/refunds/tasks/next?type=REVIEW_VERIFY&worker_id=review-verifier [32m200[0m 29.871 ms - 13[0m
[0mGET /api/refunds/tasks/next?type=WHATSAPP_BLAST&worker_id=whatsapp-campaign [32m200[0m 90.056 ms - 13[0m
[0mGET /api/refunds/tasks/next?type=REVIEW_VERIFY&worker_id=review-verifier [32m200[0m 17.066 ms - 13[0m
[0mGET /api/refunds/tasks/next?type=WHATSAPP_BLAST&worker_id=whatsapp-campaign [32m200[0m 2.151 ms - 13[0m
[0mGET /api/refunds/queue [32m200[0m 3.810 ms - 12[0m
[0mGET /api/refunds/tasks/next?type=REVIEW_VERIFY&worker_id=review-verifier [32m200[0m 1.489 ms - 13[0m
[0mGET /api/refunds/tasks/next?type=WHATSAPP_BLAST&worker_id=whatsapp-campaign [32m200[0m 1.546 ms - 13[0m
[0mGET /api/refunds/tasks/next?type=REVIEW_VERIFY&worker_id=review-verifier [32m200[0m 12.867 ms - 13[0m
[0mGET /api/refunds/tasks/next?type=WHATSAPP_BLAST&worker_id=whatsapp-campaign [32m200[0m 3.041 ms - 13[0m
[0mGET /api/refunds/tasks/next?type=REVIEW_VERIFY&worker_id=review-verifier [32m200[0m 1.908 ms - 13[0m
[0mGET /api/refunds/tasks/next?type=WHATSAPP_BLAST&worker_id=whatsapp-campaign [32m200[0m 0.919 ms - 13[0m
[0mGET /api/refunds/queue [32m200[0m 2.774 ms - 12[0m
[0mGET /api/refunds/tasks/next?type=REVIEW_VERIFY&worker_id=review-verifier [32m200[0m 0.863 ms - 13[0m
[0mGET /api/refunds/tasks/next?type=WHATSAPP_BLAST&worker_id=whatsapp-campaign [32m200[0m 0.750 ms - 13[0m
[0mGET /api/refunds/tasks/next?type=REVIEW_VERIFY&worker_id=review-verifier [32m200[0m 0.899 ms - 13[0m
[0mGET /api/refunds/tasks/next?type=WHATSAPP_BLAST&worker_id=whatsapp-campaign [32m200[0m 0.812 ms - 13[0m
[0mGET /api/refunds/tasks/next?type=REVIEW_VERIFY&worker_id=review-verifier [32m200[0m 1.054 ms - 13[0m
[0mGET /api/refunds/tasks/next?type=WHATSAPP_BLAST&worker_id=whatsapp-campaign [32m200[0m 1.044 ms - 13[0m
[0mGET /api/refunds/queue [32m200[0m 1.020 ms - 12[0m
[0mGET /api/refunds/tasks/next?type=REVIEW_VERIFY&worker_id=review-verifier [32m200[0m 0.930 ms - 13[0m
[0mGET /api/refunds/tasks/next?type=WHATSAPP_BLAST&worker_id=whatsapp-campaign [32m200[0m 0.810 ms - 13[0m
[0mGET /api/refunds/tasks/next?type=REVIEW_VERIFY&worker_id=review-verifier [32m200[0m 1.259 ms - 13[0m
[0mGET /api/refunds/tasks/next?type=WHATSAPP_BLAST&worker_id=whatsapp-campaign [32m200[0m 0.655 ms - 13[0m
[0mGET /api/refunds/tasks/next?type=REVIEW_VERIFY&worker_id=review-verifier [32m200[0m 2.250 ms - 13[0m
[0mGET /api/refunds/tasks/next?type=WHATSAPP_BLAST&worker_id=whatsapp-campaign [32m200[0m 0.683 ms - 13[0m
[0mGET /api/refunds/queue [32m200[0m 2.601 ms - 12[0m
[0mGET /api/refunds/tasks/next?type=REVIEW_VERIFY&worker_id=review-verifier [32m200[0m 0.719 ms - 13[0m
[0mGET /api/refunds/tasks/next?type=WHATSAPP_BLAST&worker_id=whatsapp-campaign [32m200[0m 0.720 ms - 13[0m
[0mGET /api/refunds/tasks/next?type=REVIEW_VERIFY&worker_id=review-verifier [32m200[0m 0.623 ms - 13[0m
[0mGET /api/refunds/tasks/next?type=WHATSAPP_BLAST&worker_id=whatsapp-campaign [32m200[0m 0.849 ms - 13[0m
[0mGET /api/refunds/tasks/next?type=REVIEW_VERIFY&worker_id=review-verifier [32m200[0m 1.052 ms - 13[0m
[0mGET /api/refunds/tasks/next?type=WHATSAPP_BLAST&worker_id=whatsapp-campaign [32m200[0m 0.935 ms - 13[0m
[0mGET /api/refunds/queue [32m200[0m 0.927 ms - 12[0m
[0mGET /api/refunds/tasks/next?type=REVIEW_VERIFY&worker_id=review-verifier [32m200[0m 1.002 ms - 13[0m
[0mGET /api/refunds/tasks/next?type=WHATSAPP_BLAST&worker_id=whatsapp-campaign [32m200[0m 1.042 ms - 13[0m
[0mGET /api/refunds/tasks/next?type=REVIEW_VERIFY&worker_id=review-verifier [32m200[0m 0.839 ms - 13[0m
[0mGET /api/refunds/tasks/next?type=WHATSAPP_BLAST&worker_id=whatsapp-campaign [32m200[0m 2.214 ms - 13[0m
[0mGET /api/refunds/tasks/next?type=REVIEW_VERIFY&worker_id=review-verifier [32m200[0m 0.830 ms - 13[0m
[0mGET /api/refunds/tasks/next?type=WHATSAPP_BLAST&worker_id=whatsapp-campaign [32m200[0m 0.848 ms - 13[0m
[0mGET /api/refunds/queue [32m200[0m 0.993 ms - 12[0m
[0mGET /api/refunds/tasks/next?type=REVIEW_VERIFY&worker_id=review-verifier [32m200[0m 0.756 ms - 13[0m
[0mGET /api/refunds/tasks/next?type=WHATSAPP_BLAST&worker_id=whatsapp-campaign [32m200[0m 1.086 ms - 13[0m
[0mGET /api/refunds/tasks/next?type=REVIEW_VERIFY&worker_id=review-verifier [32m200[0m 0.618 ms - 13[0m
[0mGET /api/refunds/tasks/next?type=WHATSAPP_BLAST&worker_id=whatsapp-campaign [32m200[0m 0.736 ms - 13[0m
[0mGET /api/refunds/tasks/next?type=REVIEW_VERIFY&worker_id=review-verifier [32m200[0m 0.982 ms - 13[0m
[0mGET /api/refunds/tasks/next?type=WHATSAPP_BLAST&worker_id=whatsapp-campaign [32m200[0m 0.859 ms - 13[0m
[0mGET /api/refunds/queue [32m200[0m 1.985 ms - 12[0m
[0mGET /api/refunds/tasks/next?type=REVIEW_VERIFY&worker_id=review-verifier [32m200[0m 0.674 ms - 13[0m
[0mGET /api/refunds/tasks/next?type=WHATSAPP_BLAST&worker_id=whatsapp-campaign [32m200[0m 0.956 ms - 13[0m
[0mGET /api/refunds/tasks/next?type=REVIEW_VERIFY&worker_id=review-verifier [32m200[0m 0.844 ms - 13[0m
[0mGET /api/refunds/tasks/next?type=WHATSAPP_BLAST&worker_id=whatsapp-campaign [32m200[0m 0.757 ms - 13[0m
[0mGET /api/refunds/tasks/next?type=REVIEW_VERIFY&worker_id=review-verifier [32m200[0m 1.102 ms - 13[0m
[0mGET /api/refunds/tasks/next?type=WHATSAPP_BLAST&worker_id=whatsapp-campaign [32m200[0m 0.851 ms - 13[0m
[0mGET /api/refunds/queue [32m200[0m 0.908 ms - 12[0m
[0mGET /api/refunds/tasks/next?type=REVIEW_VERIFY&worker_id=review-verifier [32m200[0m 0.859 ms - 13[0m
[0mGET /api/refunds/tasks/next?type=WHATSAPP_BLAST&worker_id=whatsapp-campaign [32m200[0m 0.731 ms - 13[0m
[0mGET /api/refunds/tasks/next?type=REVIEW_VERIFY&worker_id=review-verifier [32m200[0m 1.121 ms - 13[0m
[0mGET /api/refunds/tasks/next?type=WHATSAPP_BLAST&worker_id=whatsapp-campaign [32m200[0m 1.645 ms - 13[0m
[0mGET /api/refunds/tasks/next?type=REVIEW_VERIFY&worker_id=review-verifier [32m200[0m 2.409 ms - 13[0m
[0mGET /api/refunds/tasks/next?type=WHATSAPP_BLAST&worker_id=whatsapp-campaign [32m200[0m 1.789 ms - 13[0m
[0mGET /api/refunds/queue [32m200[0m 1.423 ms - 12[0m
[0mGET /api/refunds/tasks/next?type=REVIEW_VERIFY&worker_id=review-verifier [32m200[0m 0.846 ms - 13[0m
[0mGET /api/refunds/tasks/next?type=WHATSAPP_BLAST&worker_id=whatsapp-campaign [32m200[0m 2.073 ms - 13[0m
[0mGET /api/refunds/tasks/next?type=REVIEW_VERIFY&worker_id=review-verifier [32m200[0m 0.898 ms - 13[0m
[0mGET /api/refunds/tasks/next?type=WHATSAPP_BLAST&worker_id=whatsapp-campaign [32m200[0m 0.865 ms - 13[0m
[0mGET /api/refunds/tasks/next?type=REVIEW_VERIFY&worker_id=review-verifier [32m200[0m 0.759 ms - 13[0m
[0mGET /api/refunds/tasks/next?type=WHATSAPP_BLAST&worker_id=whatsapp-campaign [32m200[0m 2.190 ms - 13[0m
[0mGET /api/refunds/queue [32m200[0m 0.944 ms - 12[0m
[0mGET /api/refunds/tasks/next?type=REVIEW_VERIFY&worker_id=review-verifier [32m200[0m 1.030 ms - 13[0m
[0mGET /api/refunds/tasks/next?type=WHATSAPP_BLAST&worker_id=whatsapp-campaign [32m200[0m 0.781 ms - 13[0m
[0mGET /api/refunds/tasks/next?type=REVIEW_VERIFY&worker_id=review-verifier [32m200[0m 0.847 ms - 13[0m
[0mGET /api/refunds/tasks/next?type=WHATSAPP_BLAST&worker_id=whatsapp-campaign [32m200[0m 1.018 ms - 13[0m
[0mGET /api/refunds/tasks/next?type=REVIEW_VERIFY&worker_id=review-verifier [32m200[0m 1.011 ms - 13[0m
[0mGET /api/refunds/tasks/next?type=WHATSAPP_BLAST&worker_id=whatsapp-campaign [32m200[0m 0.864 ms - 13[0m
[0mGET /api/refunds/queue [32m200[0m 1.253 ms - 12[0m
[0mGET /api/refunds/tasks/next?type=REVIEW_VERIFY&worker_id=review-verifier [32m200[0m 0.916 ms - 13[0m
[0mGET /api/refunds/tasks/next?type=WHATSAPP_BLAST&worker_id=whatsapp-campaign [32m200[0m 0.891 ms - 13[0m
[0mGET /api/refunds/tasks/next?type=REVIEW_VERIFY&worker_id=review-verifier [32m200[0m 0.804 ms - 13[0m
[0mGET /api/refunds/tasks/next?type=WHATSAPP_BLAST&worker_id=whatsapp-campaign [32m200[0m 0.842 ms - 13[0m
[0mGET /api/refunds/tasks/next?type=REVIEW_VERIFY&worker_id=review-verifier [32m200[0m 0.898 ms - 13[0m
[0mGET /api/refunds/tasks/next?type=WHATSAPP_BLAST&worker_id=whatsapp-campaign [32m200[0m 0.817 ms - 13[0m
[0mGET /api/refunds/queue [32m200[0m 0.767 ms - 12[0m
[0mGET /api/refunds/tasks/next?type=REVIEW_VERIFY&worker_id=review-verifier [32m200[0m 0.686 ms - 13[0m
[0mGET /api/refunds/tasks/next?type=WHATSAPP_BLAST&worker_id=whatsapp-campaign [32m200[0m 0.605 ms - 13[0m
[0mGET /api/refunds/tasks/next?type=REVIEW_VERIFY&worker_id=review-verifier [32m200[0m 0.750 ms - 13[0m
[0mGET /api/refunds/tasks/next?type=WHATSAPP_BLAST&worker_id=whatsapp-campaign [32m200[0m 1.383 ms - 13[0m
[0mGET /api/refunds/tasks/next?type=REVIEW_VERIFY&worker_id=review-verifier [32m200[0m 0.735 ms - 13[0m
[0mGET /api/refunds/tasks/next?type=WHATSAPP_BLAST&worker_id=whatsapp-campaign [32m200[0m 1.162 ms - 13[0m
[0mGET /api/refunds/queue [32m200[0m 0.897 ms - 12[0m
[0mGET /api/refunds/tasks/next?type=REVIEW_VERIFY&worker_id=review-verifier [32m200[0m 1.865 ms - 13[0m
[0mGET /api/refunds/tasks/next?type=WHATSAPP_BLAST&worker_id=whatsapp-campaign [32m200[0m 1.147 ms - 13[0m
[0mGET /api/refunds/tasks/next?type=REVIEW_VERIFY&worker_id=review-verifier [32m200[0m 1.789 ms - 13[0m
[0mGET /api/refunds/tasks/next?type=WHATSAPP_BLAST&worker_id=whatsapp-campaign [32m200[0m 0.662 ms - 13[0m
[0mGET /api/refunds/tasks/next?type=REVIEW_VERIFY&worker_id=review-verifier [32m200[0m 0.730 ms - 13[0m
[0mGET /api/refunds/tasks/next?type=WHATSAPP_BLAST&worker_id=whatsapp-campaign [32m200[0m 0.932 ms - 13[0m
[0mGET /api/refunds/queue [32m200[0m 0.775 ms - 12[0m
[0mGET /api/refunds/tasks/next?type=REVIEW_VERIFY&worker_id=review-verifier [32m200[0m 1.983 ms - 13[0m
[0mGET /api/refunds/tasks/next?type=WHATSAPP_BLAST&worker_id=whatsapp-campaign [32m200[0m 0.858 ms - 13[0m
[0mGET /api/refunds/tasks/next?type=REVIEW_VERIFY&worker_id=review-verifier [32m200[0m 0.988 ms - 13[0m
[0mGET /api/refunds/tasks/next?type=WHATSAPP_BLAST&worker_id=whatsapp-campaign [32m200[0m 1.278 ms - 13[0m
[0mGET /api/refunds/tasks/next?type=REVIEW_VERIFY&worker_id=review-verifier [32m200[0m 0.795 ms - 13[0m
[0mGET /api/refunds/tasks/next?type=WHATSAPP_BLAST&worker_id=whatsapp-campaign [32m200[0m 1.519 ms - 13[0m
[0mGET /api/refunds/queue [32m200[0m 0.728 ms - 12[0m
[0mGET /api/refunds/tasks/next?type=REVIEW_VERIFY&worker_id=review-verifier [32m200[0m 0.990 ms - 13[0m
[0mGET /api/refunds/tasks/next?type=WHATSAPP_BLAST&worker_id=whatsapp-campaign [32m200[0m 1.079 ms - 13[0m
[0mGET /api/refunds/tasks/next?type=REVIEW_VERIFY&worker_id=review-verifier [32m200[0m 0.833 ms - 13[0m
[0mGET /api/refunds/tasks/next?type=WHATSAPP_BLAST&worker_id=whatsapp-campaign [32m200[0m 0.863 ms - 13[0m
[0mGET /api/refunds/tasks/next?type=REVIEW_VERIFY&worker_id=review-verifier [32m200[0m 0.750 ms - 13[0m
[0mGET /api/refunds/tasks/next?type=WHATSAPP_BLAST&worker_id=whatsapp-campaign [32m200[0m 1.987 ms - 13[0m
[0mGET /api/refunds/queue [32m200[0m 1.036 ms - 12[0m
[0mGET /api/refunds/tasks/next?type=REVIEW_VERIFY&worker_id=review-verifier [32m200[0m 0.926 ms - 13[0m
[0mGET /api/refunds/tasks/next?type=WHATSAPP_BLAST&worker_id=whatsapp-campaign [32m200[0m 2.129 ms - 13[0m
[0mGET /api/refunds/tasks/next?type=REVIEW_VERIFY&worker_id=review-verifier [32m200[0m 0.699 ms - 13[0m
[0mGET /api/refunds/tasks/next?type=WHATSAPP_BLAST&worker_id=whatsapp-campaign [32m200[0m 0.778 ms - 13[0m
[0mGET /api/refunds/tasks/next?type=REVIEW_VERIFY&worker_id=review-verifier [32m200[0m 2.332 ms - 13[0m
[0mGET /api/refunds/tasks/next?type=WHATSAPP_BLAST&worker_id=whatsapp-campaign [32m200[0m 1.352 ms - 13[0m
[0mGET /api/refunds/queue [32m200[0m 2.070 ms - 12[0m
[0mGET /api/refunds/tasks/next?type=REVIEW_VERIFY&worker_id=review-verifier [32m200[0m 0.842 ms - 13[0m
[0mGET /api/refunds/tasks/next?type=WHATSAPP_BLAST&worker_id=whatsapp-campaign [32m200[0m 1.053 ms - 13[0m
[0mGET /api/refunds/tasks/next?type=REVIEW_VERIFY&worker_id=review-verifier [32m200[0m 0.793 ms - 13[0m
[0mGET /api/refunds/tasks/next?type=WHATSAPP_BLAST&worker_id=whatsapp-campaign [32m200[0m 0.809 ms - 13[0m
[0mGET /api/refunds/tasks/next?type=REVIEW_VERIFY&worker_id=review-verifier [32m200[0m 0.794 ms - 13[0m
[0mGET /api/refunds/tasks/next?type=WHATSAPP_BLAST&worker_id=whatsapp-campaign [32m200[0m 0.770 ms - 13[0m
[0mGET /api/refunds/queue [32m200[0m 0.898 ms - 12[0m
[0mGET /api/refunds/tasks/next?type=REVIEW_VERIFY&worker_id=review-verifier [32m200[0m 0.727 ms - 13[0m
[0mGET /api/refunds/tasks/next?type=WHATSAPP_BLAST&worker_id=whatsapp-campaign [32m200[0m 0.964 ms - 13[0m
[0mGET /api/refunds/tasks/next?type=REVIEW_VERIFY&worker_id=review-verifier [32m200[0m 0.802 ms - 13[0m
[0mGET /api/refunds/tasks/next?type=WHATSAPP_BLAST&worker_id=whatsapp-campaign [32m200[0m 0.750 ms - 13[0m
[0mGET /api/refunds/tasks/next?type=REVIEW_VERIFY&worker_id=review-verifier [32m200[0m 1.142 ms - 13[0m
[0mGET /api/refunds/tasks/next?type=WHATSAPP_BLAST&worker_id=whatsapp-campaign [32m200[0m 0.847 ms - 13[0m
[0mGET /api/refunds/queue [32m200[0m 1.369 ms - 12[0m
[0mGET /api/refunds/tasks/next?type=REVIEW_VERIFY&worker_id=review-verifier [32m200[0m 1.058 ms - 13[0m
[0mGET /api/refunds/tasks/next?type=WHATSAPP_BLAST&worker_id=whatsapp-campaign [32m200[0m 1.386 ms - 13[0m
[0mGET /api/refunds/tasks/next?type=REVIEW_VERIFY&worker_id=review-verifier [32m200[0m 0.857 ms - 13[0m
[0mGET /api/refunds/tasks/next?type=WHATSAPP_BLAST&worker_id=whatsapp-campaign [32m200[0m 1.061 ms - 13[0m
[0mGET /api/refunds/tasks/next?type=REVIEW_VERIFY&worker_id=review-verifier [32m200[0m 0.691 ms - 13[0m
[0mGET /api/refunds/tasks/next?type=WHATSAPP_BLAST&worker_id=whatsapp-campaign [32m200[0m 0.968 ms - 13[0m
[0mGET /api/refunds/queue [32m200[0m 0.741 ms - 12[0m
[0mGET /api/refunds/tasks/next?type=REVIEW_VERIFY&worker_id=review-verifier [32m200[0m 0.779 ms - 13[0m
[0mGET /api/refunds/tasks/next?type=WHATSAPP_BLAST&worker_id=whatsapp-campaign [32m200[0m 0.799 ms - 13[0m
[0mGET /api/refunds/tasks/next?type=REVIEW_VERIFY&worker_id=review-verifier [32m200[0m 0.666 ms - 13[0m
[0mGET /api/refunds/tasks/next?type=WHATSAPP_BLAST&worker_id=whatsapp-campaign [32m200[0m 1.111 ms - 13[0m
[0mGET /api/refunds/tasks/next?type=REVIEW_VERIFY&worker_id=review-verifier [32m200[0m 1.297 ms - 13[0m
[0mGET /api/refunds/tasks/next?type=WHATSAPP_BLAST&worker_id=whatsapp-campaign [32m200[0m 0.779 ms - 13[0m
[0mGET /api/refunds/queue [32m200[0m 0.925 ms - 12[0m
[0mGET /api/refunds/tasks/next?type=REVIEW_VERIFY&worker_id=review-verifier [32m200[0m 0.696 ms - 13[0m
[0mGET /api/refunds/tasks/next?type=WHATSAPP_BLAST&worker_id=whatsapp-campaign [32m200[0m 1.088 ms - 13[0m
[0mGET /api/refunds/tasks/next?type=REVIEW_VERIFY&worker_id=review-verifier [32m200[0m 0.750 ms - 13[0m
[0mGET /api/refunds/tasks/next?type=WHATSAPP_BLAST&worker_id=whatsapp-campaign [32m200[0m 1.428 ms - 13[0m
[0mGET /api/refunds/tasks/next?type=REVIEW_VERIFY&worker_id=review-verifier [32m200[0m 1.198 ms - 13[0m
[0mGET /api/refunds/tasks/next?type=WHATSAPP_BLAST&worker_id=whatsapp-campaign [32m200[0m 0.698 ms - 13[0m
[0mGET /api/refunds/queue [32m200[0m 1.530 ms - 12[0m
[0mGET /api/refunds/tasks/next?type=REVIEW_VERIFY&worker_id=review-verifier [32m200[0m 1.583 ms - 13[0m
[0mGET /api/refunds/tasks/next?type=WHATSAPP_BLAST&worker_id=whatsapp-campaign [32m200[0m 1.955 ms - 13[0m
[0mGET /api/refunds/tasks/next?type=REVIEW_VERIFY&worker_id=review-verifier [32m200[0m 1.881 ms - 13[0m
[0mGET /api/refunds/tasks/next?type=WHATSAPP_BLAST&worker_id=whatsapp-campaign [32m200[0m 0.850 ms - 13[0m
[0mGET /api/refunds/tasks/next?type=REVIEW_VERIFY&worker_id=review-verifier [32m200[0m 1.764 ms - 13[0m
[0mGET /api/refunds/tasks/next?type=WHATSAPP_BLAST&worker_id=whatsapp-campaign [32m200[0m 1.319 ms - 13[0m
[0mGET /api/refunds/queue [32m200[0m 1.873 ms - 12[0m
[0mGET /api/refunds/tasks/next?type=REVIEW_VERIFY&worker_id=review-verifier [32m200[0m 1.366 ms - 13[0m
[0mGET /api/refunds/tasks/next?type=WHATSAPP_BLAST&worker_id=whatsapp-campaign [32m200[0m 1.948 ms - 13[0m
[0mGET /api/refunds/tasks/next?type=REVIEW_VERIFY&worker_id=review-verifier [32m200[0m 0.892 ms - 13[0m
[0mGET /api/refunds/tasks/next?type=WHATSAPP_BLAST&worker_id=whatsapp-campaign [32m200[0m 1.132 ms - 13[0m
[0mGET /api/refunds/tasks/next?type=REVIEW_VERIFY&worker_id=review-verifier [32m200[0m 1.123 ms - 13[0m
[0mGET /api/refunds/tasks/next?type=WHATSAPP_BLAST&worker_id=whatsapp-campaign [32m200[0m 1.795 ms - 13[0m
[0mGET /api/refunds/queue [32m200[0m 1.779 ms - 12[0m
[0mGET /api/refunds/tasks/next?type=REVIEW_VERIFY&worker_id=review-verifier [32m200[0m 0.708 ms - 13[0m
[0mGET /api/refunds/tasks/next?type=WHATSAPP_BLAST&worker_id=whatsapp-campaign [32m200[0m 0.848 ms - 13[0m
[0mGET /api/refunds/tasks/next?type=REVIEW_VERIFY&worker_id=review-verifier [32m200[0m 0.674 ms - 13[0m
[0mGET /api/refunds/tasks/next?type=WHATSAPP_BLAST&worker_id=whatsapp-campaign [32m200[0m 1.246 ms - 13[0m
[0mGET /api/refunds/tasks/next?type=REVIEW_VERIFY&worker_id=review-verifier [32m200[0m 1.325 ms - 13[0m
[0mGET /api/refunds/tasks/next?type=WHATSAPP_BLAST&worker_id=whatsapp-campaign [32m200[0m 1.742 ms - 13[0m
[0mGET /api/refunds/queue [32m200[0m 0.798 ms - 12[0m
[0mGET /api/refunds/tasks/next?type=REVIEW_VERIFY&worker_id=review-verifier [32m200[0m 1.325 ms - 13[0m
[0mGET /api/refunds/tasks/next?type=WHATSAPP_BLAST&worker_id=whatsapp-campaign [32m200[0m 1.033 ms - 13[0m
[0mGET /api/refunds/tasks/next?type=REVIEW_VERIFY&worker_id=review-verifier [32m200[0m 0.860 ms - 13[0m
[0mGET /api/refunds/tasks/next?type=WHATSAPP_BLAST&worker_id=whatsapp-campaign [32m200[0m 1.362 ms - 13[0m
[0mGET /api/refunds/tasks/next?type=REVIEW_VERIFY&worker_id=review-verifier [32m200[0m 0.828 ms - 13[0m
[0mGET /api/refunds/tasks/next?type=WHATSAPP_BLAST&worker_id=whatsapp-campaign [32m200[0m 0.998 ms - 13[0m
[0mGET /api/refunds/queue [32m200[0m 1.050 ms - 12[0m
[0mGET /api/refunds/tasks/next?type=REVIEW_VERIFY&worker_id=review-verifier [32m200[0m 1.289 ms - 13[0m
[0mGET /api/refunds/tasks/next?type=WHATSAPP_BLAST&worker_id=whatsapp-campaign [32m200[0m 1.054 ms - 13[0m
[0mGET /api/refunds/tasks/next?type=REVIEW_VERIFY&worker_id=review-verifier [32m200[0m 0.855 ms - 13[0m
[0mGET /api/refunds/tasks/next?type=WHATSAPP_BLAST&worker_id=whatsapp-campaign [32m200[0m 1.250 ms - 13[0m
[0mGET /api/refunds/tasks/next?type=REVIEW_VERIFY&worker_id=review-verifier [32m200[0m 1.593 ms - 13[0m
[0mGET /api/refunds/tasks/next?type=WHATSAPP_BLAST&worker_id=whatsapp-campaign [32m200[0m 1.824 ms - 13[0m
[0mGET /api/refunds/queue [32m200[0m 1.721 ms - 12[0m
[0mGET /api/refunds/tasks/next?type=REVIEW_VERIFY&worker_id=review-verifier [32m200[0m 1.086 ms - 13[0m
[0mGET /api/refunds/tasks/next?type=WHATSAPP_BLAST&worker_id=whatsapp-campaign [32m200[0m 1.455 ms - 13[0m
[0mGET /api/refunds/tasks/next?type=REVIEW_VERIFY&worker_id=review-verifier [32m200[0m 1.287 ms - 13[0m
[0mGET /api/refunds/tasks/next?type=WHATSAPP_BLAST&worker_id=whatsapp-campaign [32m200[0m 3.217 ms - 13[0m
[0mGET /api/refunds/tasks/next?type=REVIEW_VERIFY&worker_id=review-verifier [32m200[0m 1.340 ms - 13[0m
[0mGET /api/refunds/tasks/next?type=WHATSAPP_BLAST&worker_id=whatsapp-campaign [32m200[0m 0.901 ms - 13[0m
[0mGET /api/refunds/queue [32m200[0m 1.061 ms - 12[0m
[0mGET /api/refunds/tasks/next?type=REVIEW_VERIFY&worker_id=review-verifier [32m200[0m 0.905 ms - 13[0m
[0mGET /api/refunds/tasks/next?type=WHATSAPP_BLAST&worker_id=whatsapp-campaign [32m200[0m 1.042 ms - 13[0m
[0mGET /api/refunds/tasks/next?type=REVIEW_VERIFY&worker_id=review-verifier [32m200[0m 0.784 ms - 13[0m
[0mGET /api/refunds/tasks/next?type=WHATSAPP_BLAST&worker_id=whatsapp-campaign [32m200[0m 1.818 ms - 13[0m
[0mGET /api/refunds/tasks/next?type=REVIEW_VERIFY&worker_id=review-verifier [32m200[0m 2.022 ms - 13[0m
[0mGET /api/refunds/tasks/next?type=WHATSAPP_BLAST&worker_id=whatsapp-campaign [32m200[0m 2.201 ms - 13[0m
[0mGET /api/refunds/queue [32m200[0m 2.160 ms - 12[0m
[0mGET /api/refunds/tasks/next?type=REVIEW_VERIFY&worker_id=review-verifier [32m200[0m 1.021 ms - 13[0m
[0mGET /api/refunds/tasks/next?type=WHATSAPP_BLAST&worker_id=whatsapp-campaign [32m200[0m 2.225 ms - 13[0m
[0mGET /api/refunds/tasks/next?type=REVIEW_VERIFY&worker_id=review-verifier [32m200[0m 1.635 ms - 13[0m
[0mGET /api/refunds/tasks/next?type=WHATSAPP_BLAST&worker_id=whatsapp-campaign [32m200[0m 0.891 ms - 13[0m
[0mGET /api/refunds/tasks/next?type=REVIEW_VERIFY&worker_id=review-verifier [32m200[0m 1.949 ms - 13[0m
[0mGET /api/refunds/tasks/next?type=WHATSAPP_BLAST&worker_id=whatsapp-campaign [32m200[0m 1.898 ms - 13[0m
[0mGET /api/refunds/queue [32m200[0m 1.842 ms - 12[0m
[0mGET /api/refunds/tasks/next?type=REVIEW_VERIFY&worker_id=review-verifier [32m200[0m 2.281 ms - 13[0m
[0mGET /api/refunds/tasks/next?type=WHATSAPP_BLAST&worker_id=whatsapp-campaign [32m200[0m 1.171 ms - 13[0m
[0mGET /api/refunds/tasks/next?type=REVIEW_VERIFY&worker_id=review-verifier [32m200[0m 1.809 ms - 13[0m
[0mGET /api/refunds/tasks/next?type=WHATSAPP_BLAST&worker_id=whatsapp-campaign [32m200[0m 1.378 ms - 13[0m
[0mGET /api/refunds/tasks/next?type=REVIEW_VERIFY&worker_id=review-verifier [32m200[0m 2.842 ms - 13[0m
[0mGET /api/refunds/tasks/next?type=WHATSAPP_BLAST&worker_id=whatsapp-campaign [32m200[0m 0.611 ms - 13[0m
[0mGET /api/refunds/queue [32m200[0m 1.990 ms - 12[0m
[0mGET /api/refunds/tasks/next?type=REVIEW_VERIFY&worker_id=review-verifier [32m200[0m 0.930 ms - 13[0m
[0mGET /api/refunds/tasks/next?type=WHATSAPP_BLAST&worker_id=whatsapp-campaign [32m200[0m 1.721 ms - 13[0m
[0mGET /api/refunds/tasks/next?type=REVIEW_VERIFY&worker_id=review-verifier [32m200[0m 1.029 ms - 13[0m
[0mGET /api/refunds/tasks/next?type=WHATSAPP_BLAST&worker_id=whatsapp-campaign [32m200[0m 0.844 ms - 13[0m
[0mGET /api/refunds/tasks/next?type=REVIEW_VERIFY&worker_id=review-verifier [32m200[0m 1.899 ms - 13[0m
[0mGET /api/refunds/tasks/next?type=WHATSAPP_BLAST&worker_id=whatsapp-campaign [32m200[0m 2.351 ms - 13[0m
[0mGET /api/refunds/queue [32m200[0m 0.779 ms - 12[0m
[0mGET /api/refunds/tasks/next?type=REVIEW_VERIFY&worker_id=review-verifier [32m200[0m 1.784 ms - 13[0m
[0mGET /api/refunds/tasks/next?type=WHATSAPP_BLAST&worker_id=whatsapp-campaign [32m200[0m 0.913 ms - 13[0m
[0mGET /api/refunds/tasks/next?type=REVIEW_VERIFY&worker_id=review-verifier [32m200[0m 1.877 ms - 13[0m
[0mGET /api/refunds/tasks/next?type=WHATSAPP_BLAST&worker_id=whatsapp-campaign [32m200[0m 0.655 ms - 13[0m
[0mGET /api/refunds/tasks/next?type=REVIEW_VERIFY&worker_id=review-verifier [32m200[0m 1.039 ms - 13[0m
[0mGET /api/refunds/tasks/next?type=WHATSAPP_BLAST&worker_id=whatsapp-campaign [32m200[0m 1.084 ms - 13[0m
[0mGET /api/refunds/queue [32m200[0m 3.937 ms - 12[0m
[0mGET /api/refunds/tasks/next?type=REVIEW_VERIFY&worker_id=review-verifier [32m200[0m 0.743 ms - 13[0m
[0mGET /api/refunds/tasks/next?type=WHATSAPP_BLAST&worker_id=whatsapp-campaign [32m200[0m 0.858 ms - 13[0m
[0mGET /api/refunds/tasks/next?type=REVIEW_VERIFY&worker_id=review-verifier [32m200[0m 0.825 ms - 13[0m
[0mGET /api/refunds/tasks/next?type=WHATSAPP_BLAST&worker_id=whatsapp-campaign [32m200[0m 1.263 ms - 13[0m
[0mGET /api/refunds/tasks/next?type=REVIEW_VERIFY&worker_id=review-verifier [32m200[0m 0.942 ms - 13[0m
[0mGET /api/refunds/tasks/next?type=WHATSAPP_BLAST&worker_id=whatsapp-campaign [32m200[0m 0.662 ms - 13[0m
[0mGET /api/refunds/queue [32m200[0m 1.921 ms - 12[0m
[0mGET /api/refunds/tasks/next?type=REVIEW_VERIFY&worker_id=review-verifier [32m200[0m 0.766 ms - 13[0m
[0mGET /api/refunds/tasks/next?type=WHATSAPP_BLAST&worker_id=whatsapp-campaign [32m200[0m 0.983 ms - 13[0m
[0mGET /api/refunds/tasks/next?type=REVIEW_VERIFY&worker_id=review-verifier [32m200[0m 0.924 ms - 13[0m
[0mGET /api/refunds/tasks/next?type=WHATSAPP_BLAST&worker_id=whatsapp-campaign [32m200[0m 0.933 ms - 13[0m
[0mGET /api/refunds/tasks/next?type=REVIEW_VERIFY&worker_id=review-verifier [32m200[0m 1.714 ms - 13[0m
[0mGET /api/refunds/tasks/next?type=WHATSAPP_BLAST&worker_id=whatsapp-campaign [32m200[0m 1.651 ms - 13[0m
[0mGET /api/refunds/queue [32m200[0m 1.384 ms - 12[0m
[0mGET /api/refunds/tasks/next?type=REVIEW_VERIFY&worker_id=review-verifier [32m200[0m 1.609 ms - 13[0m
[0mGET /api/refunds/tasks/next?type=WHATSAPP_BLAST&worker_id=whatsapp-campaign [32m200[0m 1.334 ms - 13[0m
[0mGET /api/refunds/tasks/next?type=REVIEW_VERIFY&worker_id=review-verifier [32m200[0m 1.143 ms - 13[0m
[0mGET /api/refunds/tasks/next?type=WHATSAPP_BLAST&worker_id=whatsapp-campaign [32m200[0m 0.710 ms - 13[0m
[0mGET /api/refunds/tasks/next?type=REVIEW_VERIFY&worker_id=review-verifier [32m200[0m 0.797 ms - 13[0m
[0mGET /api/refunds/tasks/next?type=WHATSAPP_BLAST&worker_id=whatsapp-campaign [32m200[0m 1.445 ms - 13[0m
[0mGET /api/refunds/queue [32m200[0m 0.744 ms - 12[0m
[0mGET /api/refunds/tasks/next?type=REVIEW_VERIFY&worker_id=review-verifier [32m200[0m 1.797 ms - 13[0m
[0mGET /api/refunds/tasks/next?type=WHATSAPP_BLAST&worker_id=whatsapp-campaign [32m200[0m 0.764 ms - 13[0m
[0mGET /api/refunds/tasks/next?type=REVIEW_VERIFY&worker_id=review-verifier [32m200[0m 0.825 ms - 13[0m
[0mGET /api/refunds/tasks/next?type=WHATSAPP_BLAST&worker_id=whatsapp-campaign [32m200[0m 1.116 ms - 13[0m
[0mGET /api/refunds/tasks/next?type=REVIEW_VERIFY&worker_id=review-verifier [32m200[0m 1.129 ms - 13[0m
[0mGET /api/refunds/tasks/next?type=WHATSAPP_BLAST&worker_id=whatsapp-campaign [32m200[0m 0.861 ms - 13[0m
[0mGET /api/refunds/queue [32m200[0m 0.896 ms - 12[0m
[0mGET /api/refunds/tasks/next?type=REVIEW_VERIFY&worker_id=review-verifier [32m200[0m 0.618 ms - 13[0m
[0mGET /api/refunds/tasks/next?type=WHATSAPP_BLAST&worker_id=whatsapp-campaign [32m200[0m 1.083 ms - 13[0m
[0mGET /api/refunds/tasks/next?type=REVIEW_VERIFY&worker_id=review-verifier [32m200[0m 0.955 ms - 13[0m
[0mGET /api/refunds/tasks/next?type=WHATSAPP_BLAST&worker_id=whatsapp-campaign [32m200[0m 1.037 ms - 13[0m
[0mGET /api/refunds/tasks/next?type=REVIEW_VERIFY&worker_id=review-verifier [32m200[0m 0.963 ms - 13[0m
[0mGET /api/refunds/tasks/next?type=WHATSAPP_BLAST&worker_id=whatsapp-campaign [32m200[0m 1.129 ms - 13[0m
[0mGET /api/refunds/queue [32m200[0m 1.284 ms - 12[0m
[0mGET /api/refunds/tasks/next?type=REVIEW_VERIFY&worker_id=review-verifier [32m200[0m 0.966 ms - 13[0m
[0mGET /api/refunds/tasks/next?type=WHATSAPP_BLAST&worker_id=whatsapp-campaign [32m200[0m 0.716 ms - 13[0m
[0mGET /api/refunds/tasks/next?type=REVIEW_VERIFY&worker_id=review-verifier [32m200[0m 0.906 ms - 13[0m
[0mGET /api/refunds/tasks/next?type=WHATSAPP_BLAST&worker_id=whatsapp-campaign [32m200[0m 0.963 ms - 13[0m
[0mGET /api/refunds/tasks/next?type=REVIEW_VERIFY&worker_id=review-verifier [32m200[0m 1.182 ms - 13[0m
[0mGET /api/refunds/tasks/next?type=WHATSAPP_BLAST&worker_id=whatsapp-campaign [32m200[0m 0.874 ms - 13[0m
[0mGET /api/refunds/queue [32m200[0m 1.109 ms - 12[0m
[0mGET /api/refunds/tasks/next?type=REVIEW_VERIFY&worker_id=review-verifier [32m200[0m 0.871 ms - 13[0m
[0mGET /api/refunds/tasks/next?type=WHATSAPP_BLAST&worker_id=whatsapp-campaign [32m200[0m 0.838 ms - 13[0m
[0mGET /api/refunds/tasks/next?type=REVIEW_VERIFY&worker_id=review-verifier [32m200[0m 0.855 ms - 13[0m
[0mGET /api/refunds/tasks/next?type=WHATSAPP_BLAST&worker_id=whatsapp-campaign [32m200[0m 2.050 ms - 13[0m
[0mGET /api/refunds/tasks/next?type=REVIEW_VERIFY&worker_id=review-verifier [32m200[0m 1.182 ms - 13[0m
[0mGET /api/refunds/tasks/next?type=WHATSAPP_BLAST&worker_id=whatsapp-campaign [32m200[0m 1.400 ms - 13[0m
[0mGET /api/refunds/queue [32m200[0m 1.047 ms - 12[0m
[0mGET /api/refunds/tasks/next?type=REVIEW_VERIFY&worker_id=review-verifier [32m200[0m 0.819 ms - 13[0m
[0mGET /api/refunds/tasks/next?type=WHATSAPP_BLAST&worker_id=whatsapp-campaign [32m200[0m 0.767 ms - 13[0m
[0mGET /api/refunds/tasks/next?type=REVIEW_VERIFY&worker_id=review-verifier [32m200[0m 1.564 ms - 13[0m
[0mGET /api/refunds/tasks/next?type=WHATSAPP_BLAST&worker_id=whatsapp-campaign [32m200[0m 0.742 ms - 13[0m
[0mGET /api/refunds/tasks/next?type=REVIEW_VERIFY&worker_id=review-verifier [32m200[0m 0.846 ms - 13[0m
[0mGET /api/refunds/tasks/next?type=WHATSAPP_BLAST&worker_id=whatsapp-campaign [32m200[0m 0.954 ms - 13[0m
[0mGET /api/refunds/queue [32m200[0m 1.401 ms - 12[0m
[0mGET /api/refunds/tasks/next?type=REVIEW_VERIFY&worker_id=review-verifier [32m200[0m 1.056 ms - 13[0m
[0mGET /api/refunds/tasks/next?type=WHATSAPP_BLAST&worker_id=whatsapp-campaign [32m200[0m 0.884 ms - 13[0m
[0mGET /api/refunds/tasks/next?type=REVIEW_VERIFY&worker_id=review-verifier [32m200[0m 1.100 ms - 13[0m
[0mGET /api/refunds/tasks/next?type=WHATSAPP_BLAST&worker_id=whatsapp-campaign [32m200[0m 1.092 ms - 13[0m
[0mGET /api/refunds/tasks/next?type=REVIEW_VERIFY&worker_id=review-verifier [32m200[0m 0.787 ms - 13[0m
[0mGET /api/refunds/tasks/next?type=WHATSAPP_BLAST&worker_id=whatsapp-campaign [32m200[0m 0.924 ms - 13[0m
[0mGET /api/refunds/queue [32m200[0m 1.633 ms - 12[0m
[0mGET /api/refunds/tasks/next?type=REVIEW_VERIFY&worker_id=review-verifier [32m200[0m 0.730 ms - 13[0m
[0mGET /api/refunds/tasks/next?type=WHATSAPP_BLAST&worker_id=whatsapp-campaign [32m200[0m 0.911 ms - 13[0m
[0mGET /api/refunds/tasks/next?type=REVIEW_VERIFY&worker_id=review-verifier [32m200[0m 0.627 ms - 13[0m
[0mGET /api/refunds/tasks/next?type=WHATSAPP_BLAST&worker_id=whatsapp-campaign [32m200[0m 1.133 ms - 13[0m
[0mGET /api/refunds/tasks/next?type=REVIEW_VERIFY&worker_id=review-verifier [32m200[0m 1.226 ms - 13[0m
[0mGET /api/refunds/tasks/next?type=WHATSAPP_BLAST&worker_id=whatsapp-campaign [32m200[0m 0.897 ms - 13[0m
[0mGET /api/refunds/queue [32m200[0m 1.856 ms - 12[0m
[0mGET /api/refunds/tasks/next?type=REVIEW_VERIFY&worker_id=review-verifier [32m200[0m 0.602 ms - 13[0m
[0mGET /api/refunds/tasks/next?type=WHATSAPP_BLAST&worker_id=whatsapp-campaign [32m200[0m 0.971 ms - 13[0m
[0mGET /api/refunds/tasks/next?type=REVIEW_VERIFY&worker_id=review-verifier [32m200[0m 0.915 ms - 13[0m
[0mGET /api/refunds/tasks/next?type=WHATSAPP_BLAST&worker_id=whatsapp-campaign [32m200[0m 0.863 ms - 13[0m
[0mGET /api/refunds/tasks/next?type=REVIEW_VERIFY&worker_id=review-verifier [32m200[0m 0.928 ms - 13[0m
[0mGET /api/refunds/tasks/next?type=WHATSAPP_BLAST&worker_id=whatsapp-campaign [32m200[0m 1.284 ms - 13[0m
[0mGET /api/refunds/queue [32m200[0m 0.948 ms - 12[0m
[0mGET /api/refunds/tasks/next?type=REVIEW_VERIFY&worker_id=review-verifier [32m200[0m 0.772 ms - 13[0m
[0mGET /api/refunds/tasks/next?type=WHATSAPP_BLAST&worker_id=whatsapp-campaign [32m200[0m 1.059 ms - 13[0m
[0mGET /api/refunds/tasks/next?type=REVIEW_VERIFY&worker_id=review-verifier [32m200[0m 3.522 ms - 13[0m
[0mGET /api/refunds/tasks/next?type=WHATSAPP_BLAST&worker_id=whatsapp-campaign [32m200[0m 1.194 ms - 13[0m
[0mGET /api/refunds/tasks/next?type=REVIEW_VERIFY&worker_id=review-verifier [32m200[0m 2.072 ms - 13[0m
[0mGET /api/refunds/tasks/next?type=WHATSAPP_BLAST&worker_id=whatsapp-campaign [32m200[0m 3.493 ms - 13[0m
[0mGET /api/refunds/queue [32m200[0m 1.040 ms - 12[0m
[0mGET /api/refunds/tasks/next?type=REVIEW_VERIFY&worker_id=review-verifier [32m200[0m 0.846 ms - 13[0m
[0mGET /api/refunds/tasks/next?type=WHATSAPP_BLAST&worker_id=whatsapp-campaign [32m200[0m 0.763 ms - 13[0m
[0mGET /api/refunds/tasks/next?type=REVIEW_VERIFY&worker_id=review-verifier [32m200[0m 2.050 ms - 13[0m
[0mGET /api/refunds/tasks/next?type=WHATSAPP_BLAST&worker_id=whatsapp-campaign [32m200[0m 1.088 ms - 13[0m
[0mGET /api/refunds/tasks/next?type=REVIEW_VERIFY&worker_id=review-verifier [32m200[0m 0.935 ms - 13[0m
[0mGET /api/refunds/tasks/next?type=WHATSAPP_BLAST&worker_id=whatsapp-campaign [32m200[0m 1.280 ms - 13[0m
[0mGET /api/refunds/queue [32m200[0m 1.839 ms - 12[0m
[0mGET /api/refunds/tasks/next?type=REVIEW_VERIFY&worker_id=review-verifier [32m200[0m 1.052 ms - 13[0m
[0mGET /api/refunds/tasks/next?type=WHATSAPP_BLAST&worker_id=whatsapp-campaign [32m200[0m 0.683 ms - 13[0m
[0mGET /api/refunds/tasks/next?type=REVIEW_VERIFY&worker_id=review-verifier [32m200[0m 0.742 ms - 13[0m
[0mGET /api/refunds/tasks/next?type=WHATSAPP_BLAST&worker_id=whatsapp-campaign [32m200[0m 1.910 ms - 13[0m
[0mGET /api/refunds/tasks/next?type=REVIEW_VERIFY&worker_id=review-verifier [32m200[0m 2.514 ms - 13[0m
[0mGET /api/refunds/tasks/next?type=WHATSAPP_BLAST&worker_id=whatsapp-campaign [32m200[0m 2.135 ms - 13[0m
[0mGET /api/refunds/queue [32m200[0m 1.025 ms - 12[0m
[0mGET /api/refunds/tasks/next?type=REVIEW_VERIFY&worker_id=review-verifier [32m200[0m 1.745 ms - 13[0m
[0mGET /api/refunds/tasks/next?type=WHATSAPP_BLAST&worker_id=whatsapp-campaign [32m200[0m 1.019 ms - 13[0m
[0mGET /api/refunds/tasks/next?type=REVIEW_VERIFY&worker_id=review-verifier [32m200[0m 1.306 ms - 13[0m
[0mGET /api/refunds/tasks/next?type=WHATSAPP_BLAST&worker_id=whatsapp-campaign [32m200[0m 0.669 ms - 13[0m
[0mGET /api/refunds/tasks/next?type=REVIEW_VERIFY&worker_id=review-verifier [32m200[0m 0.926 ms - 13[0m
[0mGET /api/refunds/tasks/next?type=WHATSAPP_BLAST&worker_id=whatsapp-campaign [32m200[0m 1.085 ms - 13[0m
[0mGET /api/refunds/queue [32m200[0m 1.236 ms - 12[0m
[0mGET /api/refunds/tasks/next?type=REVIEW_VERIFY&worker_id=review-verifier [32m200[0m 2.765 ms - 13[0m
[0mGET /api/refunds/tasks/next?type=WHATSAPP_BLAST&worker_id=whatsapp-campaign [32m200[0m 1.521 ms - 13[0m
[0mGET /api/refunds/tasks/next?type=REVIEW_VERIFY&worker_id=review-verifier [32m200[0m 0.767 ms - 13[0m
[0mGET /api/refunds/tasks/next?type=WHATSAPP_BLAST&worker_id=whatsapp-campaign [32m200[0m 1.133 ms - 13[0m
[0mGET /api/refunds/tasks/next?type=REVIEW_VERIFY&worker_id=review-verifier [32m200[0m 0.721 ms - 13[0m
[0mGET /api/refunds/tasks/next?type=WHATSAPP_BLAST&worker_id=whatsapp-campaign [32m200[0m 0.859 ms - 13[0m
[0mGET /api/refunds/queue [32m200[0m 0.688 ms - 12[0m
[0mGET /api/refunds/tasks/next?type=REVIEW_VERIFY&worker_id=review-verifier [32m200[0m 0.700 ms - 13[0m
[0mGET /api/refunds/tasks/next?type=WHATSAPP_BLAST&worker_id=whatsapp-campaign [32m200[0m 0.908 ms - 13[0m
[0mGET /api/refunds/tasks/next?type=REVIEW_VERIFY&worker_id=review-verifier [32m200[0m 0.878 ms - 13[0m
[0mGET /api/refunds/tasks/next?type=WHATSAPP_BLAST&worker_id=whatsapp-campaign [32m200[0m 0.912 ms - 13[0m
[0mGET /api/refunds/tasks/next?type=REVIEW_VERIFY&worker_id=review-verifier [32m200[0m 1.179 ms - 13[0m
[0mGET /api/refunds/tasks/next?type=WHATSAPP_BLAST&worker_id=whatsapp-campaign [32m200[0m 0.669 ms - 13[0m
[0mGET /api/refunds/queue [32m200[0m 1.241 ms - 12[0m
[0mGET /api/refunds/tasks/next?type=REVIEW_VERIFY&worker_id=review-verifier [32m200[0m 0.796 ms - 13[0m
[0mGET /api/refunds/tasks/next?type=WHATSAPP_BLAST&worker_id=whatsapp-campaign [32m200[0m 1.303 ms - 13[0m
[0mGET /api/refunds/tasks/next?type=REVIEW_VERIFY&worker_id=review-verifier [32m200[0m 0.855 ms - 13[0m
[0mGET /api/refunds/tasks/next?type=WHATSAPP_BLAST&worker_id=whatsapp-campaign [32m200[0m 1.724 ms - 13[0m
[0mGET /api/refunds/tasks/next?type=REVIEW_VERIFY&worker_id=review-verifier [32m200[0m 2.436 ms - 13[0m
[0mGET /api/refunds/tasks/next?type=WHATSAPP_BLAST&worker_id=whatsapp-campaign [32m200[0m 0.971 ms - 13[0m
[0mGET /api/refunds/queue [32m200[0m 2.145 ms - 12[0m
[0mGET /api/refunds/tasks/next?type=REVIEW_VERIFY&worker_id=review-verifier [32m200[0m 3.329 ms - 13[0m
[0mGET /api/refunds/tasks/next?type=WHATSAPP_BLAST&worker_id=whatsapp-campaign [32m200[0m 1.004 ms - 13[0m
[0mGET /api/refunds/tasks/next?type=REVIEW_VERIFY&worker_id=review-verifier [32m200[0m 0.851 ms - 13[0m
[0mGET /api/refunds/tasks/next?type=WHATSAPP_BLAST&worker_id=whatsapp-campaign [32m200[0m 1.026 ms - 13[0m
[0mGET /api/refunds/tasks/next?type=REVIEW_VERIFY&worker_id=review-verifier [32m200[0m 0.834 ms - 13[0m
[0mGET /api/refunds/tasks/next?type=WHATSAPP_BLAST&worker_id=whatsapp-campaign [32m200[0m 5.642 ms - 13[0m
[0mGET /api/refunds/queue [32m200[0m 1.458 ms - 12[0m
[0mGET /api/refunds/tasks/next?type=REVIEW_VERIFY&worker_id=review-verifier [32m200[0m 1.320 ms - 13[0m
[0mGET /api/refunds/tasks/next?type=WHATSAPP_BLAST&worker_id=whatsapp-campaign [32m200[0m 0.745 ms - 13[0m
[0mGET /api/refunds/tasks/next?type=REVIEW_VERIFY&worker_id=review-verifier [32m200[0m 0.909 ms - 13[0m
[0mGET /api/refunds/tasks/next?type=WHATSAPP_BLAST&worker_id=whatsapp-campaign [32m200[0m 0.919 ms - 13[0m
[0mGET /api/refunds/tasks/next?type=REVIEW_VERIFY&worker_id=review-verifier [32m200[0m 0.846 ms - 13[0m
[0mGET /api/refunds/tasks/next?type=WHATSAPP_BLAST&worker_id=whatsapp-campaign [32m200[0m 2.028 ms - 13[0m
[0mGET /api/refunds/queue [32m200[0m 2.344 ms - 12[0m
[0mGET /api/refunds/tasks/next?type=REVIEW_VERIFY&worker_id=review-verifier [32m200[0m 1.800 ms - 13[0m
[0mGET /api/refunds/tasks/next?type=WHATSAPP_BLAST&worker_id=whatsapp-campaign [32m200[0m 0.789 ms - 13[0m
[0mGET /api/refunds/tasks/next?type=REVIEW_VERIFY&worker_id=review-verifier [32m200[0m 1.341 ms - 13[0m
[0mGET /api/refunds/tasks/next?type=WHATSAPP_BLAST&worker_id=whatsapp-campaign [32m200[0m 0.793 ms - 13[0m
[0mGET /api/refunds/tasks/next?type=REVIEW_VERIFY&worker_id=review-verifier [32m200[0m 0.896 ms - 13[0m
[0mGET /api/refunds/tasks/next?type=WHATSAPP_BLAST&worker_id=whatsapp-campaign [32m200[0m 0.642 ms - 13[0m
[0mGET /api/refunds/queue [32m200[0m 0.783 ms - 12[0m
[0mGET /api/refunds/tasks/next?type=REVIEW_VERIFY&worker_id=review-verifier [32m200[0m 0.609 ms - 13[0m
[0mGET /api/refunds/tasks/next?type=WHATSAPP_BLAST&worker_id=whatsapp-campaign [32m200[0m 1.146 ms - 13[0m
[0mGET /api/refunds/tasks/next?type=REVIEW_VERIFY&worker_id=review-verifier [32m200[0m 0.986 ms - 13[0m
[0mGET /api/refunds/tasks/next?type=WHATSAPP_BLAST&worker_id=whatsapp-campaign [32m200[0m 1.922 ms - 13[0m
[0mGET /api/refunds/tasks/next?type=REVIEW_VERIFY&worker_id=review-verifier [32m200[0m 2.065 ms - 13[0m
[0mGET /api/refunds/tasks/next?type=WHATSAPP_BLAST&worker_id=whatsapp-campaign [32m200[0m 1.007 ms - 13[0m
[0mGET /api/refunds/queue [32m200[0m 2.040 ms - 12[0m
[0mGET /api/refunds/tasks/next?type=REVIEW_VERIFY&worker_id=review-verifier [32m200[0m 0.873 ms - 13[0m
[0mGET /api/refunds/tasks/next?type=WHATSAPP_BLAST&worker_id=whatsapp-campaign [32m200[0m 0.749 ms - 13[0m
[0mGET /api/refunds/tasks/next?type=REVIEW_VERIFY&worker_id=review-verifier [32m200[0m 0.876 ms - 13[0m
[0mGET /api/refunds/tasks/next?type=WHATSAPP_BLAST&worker_id=whatsapp-campaign [32m200[0m 1.963 ms - 13[0m
[0mGET /api/refunds/tasks/next?type=REVIEW_VERIFY&worker_id=review-verifier [32m200[0m 0.694 ms - 13[0m
[0mGET /api/refunds/tasks/next?type=WHATSAPP_BLAST&worker_id=whatsapp-campaign [32m200[0m 3.124 ms - 13[0m
[0mGET /api/refunds/queue [32m200[0m 2.293 ms - 12[0m
[0mGET /api/refunds/tasks/next?type=REVIEW_VERIFY&worker_id=review-verifier [32m200[0m 0.925 ms - 13[0m
[0mGET /api/refunds/tasks/next?type=WHATSAPP_BLAST&worker_id=whatsapp-campaign [32m200[0m 0.668 ms - 13[0m
[0mGET /api/refunds/tasks/next?type=REVIEW_VERIFY&worker_id=review-verifier [32m200[0m 0.982 ms - 13[0m
[0mGET /api/refunds/tasks/next?type=WHATSAPP_BLAST&worker_id=whatsapp-campaign [32m200[0m 1.012 ms - 13[0m
[0mGET /api/refunds/tasks/next?type=REVIEW_VERIFY&worker_id=review-verifier [32m200[0m 0.828 ms - 13[0m
[0mGET /api/refunds/tasks/next?type=WHATSAPP_BLAST&worker_id=whatsapp-campaign [32m200[0m 0.768 ms - 13[0m
[0mGET /api/refunds/queue [32m200[0m 0.846 ms - 12[0m
[0mGET /api/refunds/tasks/next?type=REVIEW_VERIFY&worker_id=review-verifier [32m200[0m 1.825 ms - 13[0m
[0mGET /api/refunds/tasks/next?type=WHATSAPP_BLAST&worker_id=whatsapp-campaign [32m200[0m 1.562 ms - 13[0m
[0mGET /api/refunds/tasks/next?type=REVIEW_VERIFY&worker_id=review-verifier [32m200[0m 2.130 ms - 13[0m
[0mGET /api/refunds/tasks/next?type=WHATSAPP_BLAST&worker_id=whatsapp-campaign [32m200[0m 0.898 ms - 13[0m
[0mGET /api/refunds/tasks/next?type=REVIEW_VERIFY&worker_id=review-verifier [32m200[0m 0.749 ms - 13[0m
[0mGET /api/refunds/tasks/next?type=WHATSAPP_BLAST&worker_id=whatsapp-campaign [32m200[0m 0.646 ms - 13[0m
[0mGET /api/refunds/queue [32m200[0m 1.106 ms - 12[0m
[0mGET /api/refunds/tasks/next?type=REVIEW_VERIFY&worker_id=review-verifier [32m200[0m 0.810 ms - 13[0m
[0mGET /api/refunds/tasks/next?type=WHATSAPP_BLAST&worker_id=whatsapp-campaign [32m200[0m 0.955 ms - 13[0m
[0mGET /api/refunds/tasks/next?type=REVIEW_VERIFY&worker_id=review-verifier [32m200[0m 1.573 ms - 13[0m
[0mGET /api/refunds/tasks/next?type=WHATSAPP_BLAST&worker_id=whatsapp-campaign [32m200[0m 0.796 ms - 13[0m
[0mGET /api/refunds/tasks/next?type=REVIEW_VERIFY&worker_id=review-verifier [32m200[0m 0.798 ms - 13[0m
[0mGET /api/refunds/tasks/next?type=WHATSAPP_BLAST&worker_id=whatsapp-campaign [32m200[0m 0.850 ms - 13[0m
[0mGET /api/refunds/queue [32m200[0m 2.086 ms - 12[0m
[0mGET /api/refunds/tasks/next?type=REVIEW_VERIFY&worker_id=review-verifier [32m200[0m 0.829 ms - 13[0m
[0mGET /api/refunds/tasks/next?type=WHATSAPP_BLAST&worker_id=whatsapp-campaign [32m200[0m 0.848 ms - 13[0m
[0mGET /api/refunds/tasks/next?type=REVIEW_VERIFY&worker_id=review-verifier [32m200[0m 0.895 ms - 13[0m
[0mGET /api/refunds/tasks/next?type=WHATSAPP_BLAST&worker_id=whatsapp-campaign [32m200[0m 2.102 ms - 13[0m
[0mGET /api/refunds/tasks/next?type=REVIEW_VERIFY&worker_id=review-verifier [32m200[0m 0.792 ms - 13[0m
[0mGET /api/refunds/tasks/next?type=WHATSAPP_BLAST&worker_id=whatsapp-campaign [32m200[0m 1.133 ms - 13[0m
[0mGET /api/refunds/queue [32m200[0m 0.706 ms - 12[0m
[0mGET /api/refunds/tasks/next?type=REVIEW_VERIFY&worker_id=review-verifier [32m200[0m 0.714 ms - 13[0m
[0mGET /api/refunds/tasks/next?type=WHATSAPP_BLAST&worker_id=whatsapp-campaign [32m200[0m 0.599 ms - 13[0m
[0mGET /api/refunds/tasks/next?type=REVIEW_VERIFY&worker_id=review-verifier [32m200[0m 0.919 ms - 13[0m
[0mGET /api/refunds/tasks/next?type=WHATSAPP_BLAST&worker_id=whatsapp-campaign [32m200[0m 0.874 ms - 13[0m
[0mGET /api/refunds/tasks/next?type=REVIEW_VERIFY&worker_id=review-verifier [32m200[0m 0.901 ms - 13[0m
[0mGET /api/refunds/tasks/next?type=WHATSAPP_BLAST&worker_id=whatsapp-campaign [32m200[0m 0.701 ms - 13[0m
[0mGET /api/refunds/queue [32m200[0m 0.829 ms - 12[0m
[0mGET /api/refunds/tasks/next?type=REVIEW_VERIFY&worker_id=review-verifier [32m200[0m 0.979 ms - 13[0m
[0mGET /api/refunds/tasks/next?type=WHATSAPP_BLAST&worker_id=whatsapp-campaign [32m200[0m 1.199 ms - 13[0m
[0mGET /api/refunds/tasks/next?type=REVIEW_VERIFY&worker_id=review-verifier [32m200[0m 1.125 ms - 13[0m
[0mGET /api/refunds/tasks/next?type=WHATSAPP_BLAST&worker_id=whatsapp-campaign [32m200[0m 1.670 ms - 13[0m
[0mGET /api/refunds/tasks/next?type=REVIEW_VERIFY&worker_id=review-verifier [32m200[0m 1.958 ms - 13[0m
[0mGET /api/refunds/tasks/next?type=WHATSAPP_BLAST&worker_id=whatsapp-campaign [32m200[0m 0.719 ms - 13[0m
[0mGET /api/refunds/queue [32m200[0m 1.937 ms - 12[0m
[0mGET /api/refunds/tasks/next?type=REVIEW_VERIFY&worker_id=review-verifier [32m200[0m 2.287 ms - 13[0m
[0mGET /api/refunds/tasks/next?type=WHATSAPP_BLAST&worker_id=whatsapp-campaign [32m200[0m 0.956 ms - 13[0m
[0mGET /api/refunds/tasks/next?type=REVIEW_VERIFY&worker_id=review-verifier [32m200[0m 1.413 ms - 13[0m
[0mGET /api/refunds/tasks/next?type=WHATSAPP_BLAST&worker_id=whatsapp-campaign [32m200[0m 0.957 ms - 13[0m
[0mGET /api/refunds/tasks/next?type=REVIEW_VERIFY&worker_id=review-verifier [32m200[0m 0.671 ms - 13[0m
[0mGET /api/refunds/tasks/next?type=WHATSAPP_BLAST&worker_id=whatsapp-campaign [32m200[0m 0.875 ms - 13[0m
[0mGET /api/refunds/queue [32m200[0m 0.708 ms - 12[0m
[0mGET /api/refunds/tasks/next?type=REVIEW_VERIFY&worker_id=review-verifier [32m200[0m 0.626 ms - 13[0m
[0mGET /api/refunds/tasks/next?type=WHATSAPP_BLAST&worker_id=whatsapp-campaign [32m200[0m 1.253 ms - 13[0m
[0mGET /api/refunds/tasks/next?type=REVIEW_VERIFY&worker_id=review-verifier [32m200[0m 1.132 ms - 13[0m
[0mGET /api/refunds/tasks/next?type=WHATSAPP_BLAST&worker_id=whatsapp-campaign [32m200[0m 0.852 ms - 13[0m
[0mGET /api/refunds/tasks/next?type=REVIEW_VERIFY&worker_id=review-verifier [32m200[0m 1.240 ms - 13[0m
[0mGET /api/refunds/tasks/next?type=WHATSAPP_BLAST&worker_id=whatsapp-campaign [32m200[0m 0.923 ms - 13[0m
[0mGET /api/refunds/queue [32m200[0m 1.085 ms - 12[0m
[0mGET /api/refunds/tasks/next?type=REVIEW_VERIFY&worker_id=review-verifier [32m200[0m 0.808 ms - 13[0m
[0mGET /api/refunds/tasks/next?type=WHATSAPP_BLAST&worker_id=whatsapp-campaign [32m200[0m 0.781 ms - 13[0m
[0mGET /api/refunds/tasks/next?type=REVIEW_VERIFY&worker_id=review-verifier [32m200[0m 0.724 ms - 13[0m
[0mGET /api/refunds/tasks/next?type=WHATSAPP_BLAST&worker_id=whatsapp-campaign [32m200[0m 1.021 ms - 13[0m
[0mGET /api/refunds/tasks/next?type=REVIEW_VERIFY&worker_id=review-verifier [32m200[0m 0.960 ms - 13[0m
[0mGET /api/refunds/tasks/next?type=WHATSAPP_BLAST&worker_id=whatsapp-campaign [32m200[0m 0.839 ms - 13[0m
[0mGET /api/refunds/queue [32m200[0m 0.938 ms - 12[0m
[0mGET /api/refunds/tasks/next?type=REVIEW_VERIFY&worker_id=review-verifier [32m200[0m 1.383 ms - 13[0m
[0mGET /api/refunds/tasks/next?type=WHATSAPP_BLAST&worker_id=whatsapp-campaign [32m200[0m 0.641 ms - 13[0m
[0mGET /api/refunds/tasks/next?type=REVIEW_VERIFY&worker_id=review-verifier [32m200[0m 0.747 ms - 13[0m
[0mGET /api/refunds/tasks/next?type=WHATSAPP_BLAST&worker_id=whatsapp-campaign [32m200[0m 0.707 ms - 13[0m
[0mGET /api/refunds/tasks/next?type=REVIEW_VERIFY&worker_id=review-verifier [32m200[0m 0.731 ms - 13[0m
[0mGET /api/refunds/tasks/next?type=WHATSAPP_BLAST&worker_id=whatsapp-campaign [32m200[0m 1.034 ms - 13[0m
[0mGET /api/refunds/queue [32m200[0m 0.870 ms - 12[0m
[0mGET /api/refunds/tasks/next?type=REVIEW_VERIFY&worker_id=review-verifier [32m200[0m 0.695 ms - 13[0m
[0mGET /api/refunds/tasks/next?type=WHATSAPP_BLAST&worker_id=whatsapp-campaign [32m200[0m 0.957 ms - 13[0m
[0mGET /api/refunds/tasks/next?type=REVIEW_VERIFY&worker_id=review-verifier [32m200[0m 1.086 ms - 13[0m
[0mGET /api/refunds/tasks/next?type=WHATSAPP_BLAST&worker_id=whatsapp-campaign [32m200[0m 0.750 ms - 13[0m
[0mGET /api/refunds/tasks/next?type=REVIEW_VERIFY&worker_id=review-verifier [32m200[0m 0.858 ms - 13[0m
[0mGET /api/refunds/tasks/next?type=WHATSAPP_BLAST&worker_id=whatsapp-campaign [32m200[0m 0.745 ms - 13[0m
[0mGET /api/refunds/queue [32m200[0m 3.086 ms - 12[0m
[0mGET /api/refunds/tasks/next?type=REVIEW_VERIFY&worker_id=review-verifier [32m200[0m 0.683 ms - 13[0m
[0mGET /api/refunds/tasks/next?type=WHATSAPP_BLAST&worker_id=whatsapp-campaign [32m200[0m 1.408 ms - 13[0m
[0mGET /api/refunds/tasks/next?type=REVIEW_VERIFY&worker_id=review-verifier [32m200[0m 1.664 ms - 13[0m
[0mGET /api/refunds/tasks/next?type=WHATSAPP_BLAST&worker_id=whatsapp-campaign [32m200[0m 1.965 ms - 13[0m
[0mGET /api/refunds/tasks/next?type=REVIEW_VERIFY&worker_id=review-verifier [32m200[0m 0.705 ms - 13[0m
[0mGET /api/refunds/tasks/next?type=WHATSAPP_BLAST&worker_id=whatsapp-campaign [32m200[0m 0.745 ms - 13[0m
[0mGET /api/refunds/queue [32m200[0m 0.897 ms - 12[0m
[0mGET /api/refunds/tasks/next?type=REVIEW_VERIFY&worker_id=review-verifier [32m200[0m 0.721 ms - 13[0m
[0mGET /api/refunds/tasks/next?type=WHATSAPP_BLAST&worker_id=whatsapp-campaign [32m200[0m 0.935 ms - 13[0m
[0mGET /api/refunds/tasks/next?type=REVIEW_VERIFY&worker_id=review-verifier [32m200[0m 0.662 ms - 13[0m
[0mGET /api/refunds/tasks/next?type=WHATSAPP_BLAST&worker_id=whatsapp-campaign [32m200[0m 0.936 ms - 13[0m
[0mGET /api/refunds/tasks/next?type=REVIEW_VERIFY&worker_id=review-verifier [32m200[0m 0.852 ms - 13[0m
[0mGET /api/refunds/tasks/next?type=WHATSAPP_BLAST&worker_id=whatsapp-campaign [32m200[0m 0.680 ms - 13[0m
[0mGET /api/refunds/queue [32m200[0m 0.778 ms - 12[0m
[0mGET /api/refunds/tasks/next?type=REVIEW_VERIFY&worker_id=review-verifier [32m200[0m 0.832 ms - 13[0m
[0mGET /api/refunds/tasks/next?type=WHATSAPP_BLAST&worker_id=whatsapp-campaign [32m200[0m 1.095 ms - 13[0m
[0mGET /api/refunds/tasks/next?type=REVIEW_VERIFY&worker_id=review-verifier [32m200[0m 0.777 ms - 13[0m
[0mGET /api/refunds/tasks/next?type=WHATSAPP_BLAST&worker_id=whatsapp-campaign [32m200[0m 1.391 ms - 13[0m
[0mGET /api/refunds/tasks/next?type=REVIEW_VERIFY&worker_id=review-verifier [32m200[0m 0.680 ms - 13[0m
[0mGET /api/refunds/tasks/next?type=WHATSAPP_BLAST&worker_id=whatsapp-campaign [32m200[0m 1.227 ms - 13[0m
[0mGET /api/refunds/queue [32m200[0m 0.871 ms - 12[0m
[0mGET /api/refunds/tasks/next?type=REVIEW_VERIFY&worker_id=review-verifier [32m200[0m 0.938 ms - 13[0m
[0mGET /api/refunds/tasks/next?type=WHATSAPP_BLAST&worker_id=whatsapp-campaign [32m200[0m 0.770 ms - 13[0m
[0mGET /api/refunds/tasks/next?type=REVIEW_VERIFY&worker_id=review-verifier [32m200[0m 1.408 ms - 13[0m
[0mGET /api/refunds/tasks/next?type=WHATSAPP_BLAST&worker_id=whatsapp-campaign [32m200[0m 0.739 ms - 13[0m
[0mGET /api/refunds/tasks/next?type=REVIEW_VERIFY&worker_id=review-verifier [32m200[0m 0.772 ms - 13[0m
[0mGET /api/refunds/tasks/next?type=WHATSAPP_BLAST&worker_id=whatsapp-campaign [32m200[0m 0.711 ms - 13[0m
[0mGET /api/refunds/queue [32m200[0m 2.581 ms - 12[0m
[0mGET /api/refunds/tasks/next?type=REVIEW_VERIFY&worker_id=review-verifier [32m200[0m 0.798 ms - 13[0m
[0mGET /api/refunds/tasks/next?type=WHATSAPP_BLAST&worker_id=whatsapp-campaign [32m200[0m 0.732 ms - 13[0m
[0mGET /api/refunds/tasks/next?type=REVIEW_VERIFY&worker_id=review-verifier [32m200[0m 0.621 ms - 13[0m
[0mGET /api/refunds/tasks/next?type=WHATSAPP_BLAST&worker_id=whatsapp-campaign [32m200[0m 1.043 ms - 13[0m
[0mGET /api/refunds/tasks/next?type=REVIEW_VERIFY&worker_id=review-verifier [32m200[0m 1.332 ms - 13[0m
[0mGET /api/refunds/tasks/next?type=WHATSAPP_BLAST&worker_id=whatsapp-campaign [32m200[0m 0.635 ms - 13[0m
[0mGET /api/refunds/queue [32m200[0m 0.799 ms - 12[0m
[0mGET /api/refunds/tasks/next?type=REVIEW_VERIFY&worker_id=review-verifier [32m200[0m 0.709 ms - 13[0m
[0mGET /api/refunds/tasks/next?type=WHATSAPP_BLAST&worker_id=whatsapp-campaign [32m200[0m 1.419 ms - 13[0m
[0mGET /api/refunds/tasks/next?type=REVIEW_VERIFY&worker_id=review-verifier [32m200[0m 0.758 ms - 13[0m
[0mGET /api/refunds/tasks/next?type=WHATSAPP_BLAST&worker_id=whatsapp-campaign [32m200[0m 0.875 ms - 13[0m
[0mGET /api/refunds/tasks/next?type=REVIEW_VERIFY&worker_id=review-verifier [32m200[0m 0.999 ms - 13[0m
[0mGET /api/refunds/tasks/next?type=WHATSAPP_BLAST&worker_id=whatsapp-campaign [32m200[0m 0.762 ms - 13[0m
[0mGET /api/refunds/queue [32m200[0m 0.884 ms - 12[0m
[0mGET /api/refunds/tasks/next?type=REVIEW_VERIFY&worker_id=review-verifier [32m200[0m 0.694 ms - 13[0m
[0mGET /api/refunds/tasks/next?type=WHATSAPP_BLAST&worker_id=whatsapp-campaign [32m200[0m 0.675 ms - 13[0m
[0mGET /api/refunds/tasks/next?type=REVIEW_VERIFY&worker_id=review-verifier [32m200[0m 0.699 ms - 13[0m
[0mGET /api/refunds/tasks/next?type=WHATSAPP_BLAST&worker_id=whatsapp-campaign [32m200[0m 0.711 ms - 13[0m
[0mGET /api/refunds/tasks/next?type=REVIEW_VERIFY&worker_id=review-verifier [32m200[0m 0.820 ms - 13[0m
[0mGET /api/refunds/tasks/next?type=WHATSAPP_BLAST&worker_id=whatsapp-campaign [32m200[0m 1.002 ms - 13[0m
[0mGET /api/refunds/queue [32m200[0m 0.736 ms - 12[0m
[0mGET /api/refunds/tasks/next?type=REVIEW_VERIFY&worker_id=review-verifier [32m200[0m 0.800 ms - 13[0m
[0mGET /api/refunds/tasks/next?type=WHATSAPP_BLAST&worker_id=whatsapp-campaign [32m200[0m 1.244 ms - 13[0m
[0mGET /api/refunds/tasks/next?type=REVIEW_VERIFY&worker_id=review-verifier [32m200[0m 0.835 ms - 13[0m
[0mGET /api/refunds/tasks/next?type=WHATSAPP_BLAST&worker_id=whatsapp-campaign [32m200[0m 0.639 ms - 13[0m
[0mGET /api/refunds/tasks/next?type=REVIEW_VERIFY&worker_id=review-verifier [32m200[0m 0.644 ms - 13[0m
[0mGET /api/refunds/tasks/next?type=WHATSAPP_BLAST&worker_id=whatsapp-campaign [32m200[0m 0.696 ms - 13[0m
[0mGET /api/refunds/queue [32m200[0m 0.975 ms - 12[0m
[0mGET /api/refunds/tasks/next?type=REVIEW_VERIFY&worker_id=review-verifier [32m200[0m 0.881 ms - 13[0m
[0mGET /api/refunds/tasks/next?type=WHATSAPP_BLAST&worker_id=whatsapp-campaign [32m200[0m 0.847 ms - 13[0m
[0mGET /api/refunds/tasks/next?type=REVIEW_VERIFY&worker_id=review-verifier [32m200[0m 1.857 ms - 13[0m
[0mGET /api/refunds/tasks/next?type=WHATSAPP_BLAST&worker_id=whatsapp-campaign [32m200[0m 1.022 ms - 13[0m
[0mGET /api/refunds/tasks/next?type=REVIEW_VERIFY&worker_id=review-verifier [32m200[0m 1.875 ms - 13[0m
[0mGET /api/refunds/tasks/next?type=WHATSAPP_BLAST&worker_id=whatsapp-campaign [32m200[0m 0.635 ms - 13[0m
[0mGET /api/refunds/queue [32m200[0m 0.887 ms - 12[0m
[0mGET /api/refunds/tasks/next?type=REVIEW_VERIFY&worker_id=review-verifier [32m200[0m 0.799 ms - 13[0m
[0mGET /api/refunds/tasks/next?type=WHATSAPP_BLAST&worker_id=whatsapp-campaign [32m200[0m 0.766 ms - 13[0m
[0mGET /api/refunds/tasks/next?type=REVIEW_VERIFY&worker_id=review-verifier [32m200[0m 0.788 ms - 13[0m
[0mGET /api/refunds/tasks/next?type=WHATSAPP_BLAST&worker_id=whatsapp-campaign [32m200[0m 0.858 ms - 13[0m
[0mGET /api/refunds/tasks/next?type=REVIEW_VERIFY&worker_id=review-verifier [32m200[0m 0.848 ms - 13[0m
[0mGET /api/refunds/tasks/next?type=WHATSAPP_BLAST&worker_id=whatsapp-campaign [32m200[0m 0.784 ms - 13[0m
[0mGET /api/refunds/queue [32m200[0m 0.911 ms - 12[0m
[0mGET /api/refunds/tasks/next?type=REVIEW_VERIFY&worker_id=review-verifier [32m200[0m 0.687 ms - 13[0m
[0mGET /api/refunds/tasks/next?type=WHATSAPP_BLAST&worker_id=whatsapp-campaign [32m200[0m 0.900 ms - 13[0m
[0mGET /api/refunds/tasks/next?type=REVIEW_VERIFY&worker_id=review-verifier [32m200[0m 0.818 ms - 13[0m
[0mGET /api/refunds/tasks/next?type=WHATSAPP_BLAST&worker_id=whatsapp-campaign [32m200[0m 0.772 ms - 13[0m
[0mGET /api/refunds/tasks/next?type=REVIEW_VERIFY&worker_id=review-verifier [32m200[0m 0.937 ms - 13[0m
[0mGET /api/refunds/tasks/next?type=WHATSAPP_BLAST&worker_id=whatsapp-campaign [32m200[0m 0.890 ms - 13[0m
[0mGET /api/refunds/queue [32m200[0m 0.813 ms - 12[0m
[0mGET /api/refunds/tasks/next?type=REVIEW_VERIFY&worker_id=review-verifier [32m200[0m 1.556 ms - 13[0m
[0mGET /api/refunds/tasks/next?type=WHATSAPP_BLAST&worker_id=whatsapp-campaign [32m200[0m 0.743 ms - 13[0m
[0mGET /api/refunds/tasks/next?type=REVIEW_VERIFY&worker_id=review-verifier [32m200[0m 0.727 ms - 13[0m
[0mGET /api/refunds/tasks/next?type=WHATSAPP_BLAST&worker_id=whatsapp-campaign [32m200[0m 0.680 ms - 13[0m
[0mGET /api/refunds/tasks/next?type=REVIEW_VERIFY&worker_id=review-verifier [32m200[0m 0.631 ms - 13[0m
[0mGET /api/refunds/tasks/next?type=WHATSAPP_BLAST&worker_id=whatsapp-campaign [32m200[0m 0.853 ms - 13[0m
[0mGET /api/refunds/queue [32m200[0m 1.004 ms - 12[0m
[0mGET /api/refunds/tasks/next?type=REVIEW_VERIFY&worker_id=review-verifier [32m200[0m 1.775 ms - 13[0m
[0mGET /api/refunds/tasks/next?type=WHATSAPP_BLAST&worker_id=whatsapp-campaign [32m200[0m 1.705 ms - 13[0m
[0mGET /api/refunds/tasks/next?type=REVIEW_VERIFY&worker_id=review-verifier [32m200[0m 0.961 ms - 13[0m
[0mGET /api/refunds/tasks/next?type=WHATSAPP_BLAST&worker_id=whatsapp-campaign [32m200[0m 0.684 ms - 13[0m
[0mGET /api/refunds/tasks/next?type=REVIEW_VERIFY&worker_id=review-verifier [32m200[0m 1.646 ms - 13[0m
[0mGET /api/refunds/tasks/next?type=WHATSAPP_BLAST&worker_id=whatsapp-campaign [32m200[0m 1.496 ms - 13[0m
[0mGET /api/refunds/queue [32m200[0m 0.762 ms - 12[0m
[0mGET /api/refunds/tasks/next?type=REVIEW_VERIFY&worker_id=review-verifier [32m200[0m 0.681 ms - 13[0m
[0mGET /api/refunds/tasks/next?type=WHATSAPP_BLAST&worker_id=whatsapp-campaign [32m200[0m 0.658 ms - 13[0m
[0mGET /api/refunds/tasks/next?type=REVIEW_VERIFY&worker_id=review-verifier [32m200[0m 1.564 ms - 13[0m
[0mGET /api/refunds/tasks/next?type=WHATSAPP_BLAST&worker_id=whatsapp-campaign [32m200[0m 0.989 ms - 13[0m
[0mGET /api/refunds/tasks/next?type=REVIEW_VERIFY&worker_id=review-verifier [32m200[0m 0.829 ms - 13[0m
[0mGET /api/refunds/tasks/next?type=WHATSAPP_BLAST&worker_id=whatsapp-campaign [32m200[0m 0.709 ms - 13[0m
[0mGET /api/refunds/queue [32m200[0m 0.930 ms - 12[0m
[0mGET /api/refunds/tasks/next?type=REVIEW_VERIFY&worker_id=review-verifier [32m200[0m 0.763 ms - 13[0m
[0mGET /api/refunds/tasks/next?type=WHATSAPP_BLAST&worker_id=whatsapp-campaign [32m200[0m 0.967 ms - 13[0m
[0mGET /api/refunds/tasks/next?type=REVIEW_VERIFY&worker_id=review-verifier [32m200[0m 0.654 ms - 13[0m
[0mGET /api/refunds/tasks/next?type=WHATSAPP_BLAST&worker_id=whatsapp-campaign [32m200[0m 0.826 ms - 13[0m
[0mGET /api/refunds/tasks/next?type=REVIEW_VERIFY&worker_id=review-verifier [32m200[0m 0.987 ms - 13[0m
[0mGET /api/refunds/tasks/next?type=WHATSAPP_BLAST&worker_id=whatsapp-campaign [32m200[0m 0.710 ms - 13[0m
[0mGET /api/refunds/queue [32m200[0m 0.786 ms - 12[0m
[0mGET /api/refunds/tasks/next?type=REVIEW_VERIFY&worker_id=review-verifier [32m200[0m 0.735 ms - 13[0m
[0mGET /api/refunds/tasks/next?type=WHATSAPP_BLAST&worker_id=whatsapp-campaign [32m200[0m 0.870 ms - 13[0m
[0mGET /api/refunds/tasks/next?type=REVIEW_VERIFY&worker_id=review-verifier [32m200[0m 1.465 ms - 13[0m
[0mGET /api/refunds/tasks/next?type=WHATSAPP_BLAST&worker_id=whatsapp-campaign [32m200[0m 0.645 ms - 13[0m
[0mGET /api/refunds/tasks/next?type=REVIEW_VERIFY&worker_id=review-verifier [32m200[0m 0.670 ms - 13[0m
[0mGET /api/refunds/tasks/next?type=WHATSAPP_BLAST&worker_id=whatsapp-campaign [32m200[0m 0.862 ms - 13[0m
[0mGET /api/refunds/queue [32m200[0m 1.559 ms - 12[0m
[0mGET /api/refunds/tasks/next?type=REVIEW_VERIFY&worker_id=review-verifier [32m200[0m 2.108 ms - 13[0m
[0mGET /api/refunds/tasks/next?type=WHATSAPP_BLAST&worker_id=whatsapp-campaign [32m200[0m 1.792 ms - 13[0m
[0mGET /api/refunds/tasks/next?type=REVIEW_VERIFY&worker_id=review-verifier [32m200[0m 0.779 ms - 13[0m
[0mGET /api/refunds/tasks/next?type=WHATSAPP_BLAST&worker_id=whatsapp-campaign [32m200[0m 0.628 ms - 13[0m
[0mGET /api/refunds/tasks/next?type=REVIEW_VERIFY&worker_id=review-verifier [32m200[0m 0.736 ms - 13[0m
[0mGET /api/refunds/tasks/next?type=WHATSAPP_BLAST&worker_id=whatsapp-campaign [32m200[0m 0.686 ms - 13[0m
[0mGET /api/refunds/queue [32m200[0m 0.741 ms - 12[0m
[0mGET /api/refunds/tasks/next?type=REVIEW_VERIFY&worker_id=review-verifier [32m200[0m 0.879 ms - 13[0m
[0mGET /api/refunds/tasks/next?type=WHATSAPP_BLAST&worker_id=whatsapp-campaign [32m200[0m 1.402 ms - 13[0m
[0mGET /api/refunds/tasks/next?type=REVIEW_VERIFY&worker_id=review-verifier [32m200[0m 0.818 ms - 13[0m
[0mGET /api/refunds/tasks/next?type=WHATSAPP_BLAST&worker_id=whatsapp-campaign [32m200[0m 0.816 ms - 13[0m
[0mGET /api/refunds/tasks/next?type=REVIEW_VERIFY&worker_id=review-verifier [32m200[0m 0.726 ms - 13[0m
[0mGET /api/refunds/tasks/next?type=WHATSAPP_BLAST&worker_id=whatsapp-campaign [32m200[0m 0.625 ms - 13[0m
[0mGET /api/refunds/queue [32m200[0m 0.911 ms - 12[0m
[0mGET /api/refunds/tasks/next?type=REVIEW_VERIFY&worker_id=review-verifier [32m200[0m 0.720 ms - 13[0m
[0mGET /api/refunds/tasks/next?type=WHATSAPP_BLAST&worker_id=whatsapp-campaign [32m200[0m 0.755 ms - 13[0m
[0mGET /api/refunds/tasks/next?type=REVIEW_VERIFY&worker_id=review-verifier [32m200[0m 0.728 ms - 13[0m
[0mGET /api/refunds/tasks/next?type=WHATSAPP_BLAST&worker_id=whatsapp-campaign [32m200[0m 0.930 ms - 13[0m
[0mGET /api/refunds/tasks/next?type=REVIEW_VERIFY&worker_id=review-verifier [32m200[0m 0.968 ms - 13[0m
[0mGET /api/refunds/tasks/next?type=WHATSAPP_BLAST&worker_id=whatsapp-campaign [32m200[0m 0.715 ms - 13[0m
[0mGET /api/refunds/queue [32m200[0m 0.694 ms - 12[0m
[0mGET /api/refunds/tasks/next?type=REVIEW_VERIFY&worker_id=review-verifier [32m200[0m 0.700 ms - 13[0m
[0mGET /api/refunds/tasks/next?type=WHATSAPP_BLAST&worker_id=whatsapp-campaign [32m200[0m 0.745 ms - 13[0m
[0mGET /api/refunds/tasks/next?type=REVIEW_VERIFY&worker_id=review-verifier [32m200[0m 0.650 ms - 13[0m
[0mGET /api/refunds/tasks/next?type=WHATSAPP_BLAST&worker_id=whatsapp-campaign [32m200[0m 1.037 ms - 13[0m
[0mGET /api/refunds/tasks/next?type=REVIEW_VERIFY&worker_id=review-verifier [32m200[0m 0.773 ms - 13[0m
[0mGET /api/refunds/tasks/next?type=WHATSAPP_BLAST&worker_id=whatsapp-campaign [32m200[0m 0.847 ms - 13[0m
[0mGET /api/refunds/queue [32m200[0m 0.837 ms - 12[0m
[0mGET /api/refunds/tasks/next?type=REVIEW_VERIFY&worker_id=review-verifier [32m200[0m 0.776 ms - 13[0m
[0mGET /api/refunds/tasks/next?type=WHATSAPP_BLAST&worker_id=whatsapp-campaign [32m200[0m 0.842 ms - 13[0m
[0mGET /api/refunds/tasks/next?type=REVIEW_VERIFY&worker_id=review-verifier [32m200[0m 0.833 ms - 13[0m
[0mGET /api/refunds/tasks/next?type=WHATSAPP_BLAST&worker_id=whatsapp-campaign [32m200[0m 0.904 ms - 13[0m
[0mGET /api/refunds/tasks/next?type=REVIEW_VERIFY&worker_id=review-verifier [32m200[0m 0.681 ms - 13[0m
[0mGET /api/refunds/tasks/next?type=WHATSAPP_BLAST&worker_id=whatsapp-campaign [32m200[0m 0.738 ms - 13[0m
[0mGET /api/refunds/queue [32m200[0m 0.737 ms - 12[0m
[0mGET /api/refunds/tasks/next?type=REVIEW_VERIFY&worker_id=review-verifier [32m200[0m 0.988 ms - 13[0m
[0mGET /api/refunds/tasks/next?type=WHATSAPP_BLAST&worker_id=whatsapp-campaign [32m200[0m 1.338 ms - 13[0m
[0mGET /api/refunds/tasks/next?type=REVIEW_VERIFY&worker_id=review-verifier [32m200[0m 0.889 ms - 13[0m
[0mGET /api/refunds/tasks/next?type=WHATSAPP_BLAST&worker_id=whatsapp-campaign [32m200[0m 0.693 ms - 13[0m
[0mGET /api/refunds/tasks/next?type=REVIEW_VERIFY&worker_id=review-verifier [32m200[0m 0.733 ms - 13[0m
[0mGET /api/refunds/tasks/next?type=WHATSAPP_BLAST&worker_id=whatsapp-campaign [32m200[0m 0.648 ms - 13[0m
[0mGET /api/refunds/queue [32m200[0m 0.900 ms - 12[0m
[0mGET /api/refunds/tasks/next?type=REVIEW_VERIFY&worker_id=review-verifier [32m200[0m 0.605 ms - 13[0m
[0mGET /api/refunds/tasks/next?type=WHATSAPP_BLAST&worker_id=whatsapp-campaign [32m200[0m 0.889 ms - 13[0m
[0mGET /api/refunds/tasks/next?type=REVIEW_VERIFY&worker_id=review-verifier [32m200[0m 0.675 ms - 13[0m
[0mGET /api/refunds/tasks/next?type=WHATSAPP_BLAST&worker_id=whatsapp-campaign [32m200[0m 0.826 ms - 13[0m
[0mGET /api/refunds/tasks/next?type=REVIEW_VERIFY&worker_id=review-verifier [32m200[0m 0.934 ms - 13[0m
[0mGET /api/refunds/tasks/next?type=WHATSAPP_BLAST&worker_id=whatsapp-campaign [32m200[0m 0.782 ms - 13[0m
[0mGET /api/refunds/queue [32m200[0m 0.856 ms - 12[0m
[0mGET /api/refunds/tasks/next?type=REVIEW_VERIFY&worker_id=review-verifier [32m200[0m 0.673 ms - 13[0m
[0mGET /api/refunds/tasks/next?type=WHATSAPP_BLAST&worker_id=whatsapp-campaign [32m200[0m 0.628 ms - 13[0m
[0mGET /api/refunds/tasks/next?type=REVIEW_VERIFY&worker_id=review-verifier [32m200[0m 0.753 ms - 13[0m
[0mGET /api/refunds/tasks/next?type=WHATSAPP_BLAST&worker_id=whatsapp-campaign [32m200[0m 0.746 ms - 13[0m
[0mGET /api/refunds/tasks/next?type=REVIEW_VERIFY&worker_id=review-verifier [32m200[0m 0.990 ms - 13[0m
[0mGET /api/refunds/tasks/next?type=WHATSAPP_BLAST&worker_id=whatsapp-campaign [32m200[0m 0.807 ms - 13[0m
[0mGET /api/refunds/queue [32m200[0m 1.267 ms - 12[0m
[0mGET /api/refunds/tasks/next?type=REVIEW_VERIFY&worker_id=review-verifier [32m200[0m 0.785 ms - 13[0m
[0mGET /api/refunds/tasks/next?type=WHATSAPP_BLAST&worker_id=whatsapp-campaign [32m200[0m 0.718 ms - 13[0m
[0mGET /api/refunds/tasks/next?type=REVIEW_VERIFY&worker_id=review-verifier [32m200[0m 0.616 ms - 13[0m
[0mGET /api/refunds/tasks/next?type=WHATSAPP_BLAST&worker_id=whatsapp-campaign [32m200[0m 0.642 ms - 13[0m
[0mGET /api/refunds/tasks/next?type=REVIEW_VERIFY&worker_id=review-verifier [32m200[0m 0.703 ms - 13[0m
[0mGET /api/refunds/tasks/next?type=WHATSAPP_BLAST&worker_id=whatsapp-campaign [32m200[0m 0.809 ms - 13[0m
[0mGET /api/refunds/queue [32m200[0m 0.962 ms - 12[0m
[0mGET /api/refunds/tasks/next?type=REVIEW_VERIFY&worker_id=review-verifier [32m200[0m 0.646 ms - 13[0m
[0mGET /api/refunds/tasks/next?type=WHATSAPP_BLAST&worker_id=whatsapp-campaign [32m200[0m 0.907 ms - 13[0m
[0mGET /api/refunds/tasks/next?type=REVIEW_VERIFY&worker_id=review-verifier [32m200[0m 1.085 ms - 13[0m
[0mGET /api/refunds/tasks/next?type=WHATSAPP_BLAST&worker_id=whatsapp-campaign [32m200[0m 1.566 ms - 13[0m
[0mGET /api/refunds/tasks/next?type=REVIEW_VERIFY&worker_id=review-verifier [32m200[0m 0.684 ms - 13[0m
[0mGET /api/refunds/tasks/next?type=WHATSAPP_BLAST&worker_id=whatsapp-campaign [32m200[0m 0.802 ms - 13[0m
[0mGET /api/refunds/queue [32m200[0m 0.939 ms - 12[0m
[0mGET /api/refunds/tasks/next?type=REVIEW_VERIFY&worker_id=review-verifier [32m200[0m 0.644 ms - 13[0m
[0mGET /api/refunds/tasks/next?type=WHATSAPP_BLAST&worker_id=whatsapp-campaign [32m200[0m 0.747 ms - 13[0m
[0mGET /api/refunds/tasks/next?type=REVIEW_VERIFY&worker_id=review-verifier [32m200[0m 0.852 ms - 13[0m
[0mGET /api/refunds/tasks/next?type=WHATSAPP_BLAST&worker_id=whatsapp-campaign [32m200[0m 0.890 ms - 13[0m
[0mGET /api/refunds/tasks/next?type=REVIEW_VERIFY&worker_id=review-verifier [32m200[0m 0.920 ms - 13[0m
[0mGET /api/refunds/tasks/next?type=WHATSAPP_BLAST&worker_id=whatsapp-campaign [32m200[0m 0.650 ms - 13[0m
[0mGET /api/refunds/queue [32m200[0m 0.728 ms - 12[0m
[0mGET /api/refunds/tasks/next?type=REVIEW_VERIFY&worker_id=review-verifier [32m200[0m 1.271 ms - 13[0m
[0mGET /api/refunds/tasks/next?type=WHATSAPP_BLAST&worker_id=whatsapp-campaign [32m200[0m 0.889 ms - 13[0m
[0mGET /api/refunds/tasks/next?type=REVIEW_VERIFY&worker_id=review-verifier [32m200[0m 0.753 ms - 13[0m
[0mGET /api/refunds/tasks/next?type=WHATSAPP_BLAST&worker_id=whatsapp-campaign [32m200[0m 5.539 ms - 13[0m
[0mGET /api/refunds/tasks/next?type=REVIEW_VERIFY&worker_id=review-verifier [32m200[0m 0.752 ms - 13[0m
[0mGET /api/refunds/tasks/next?type=WHATSAPP_BLAST&worker_id=whatsapp-campaign [32m200[0m 0.843 ms - 13[0m
[0mGET /api/refunds/queue [32m200[0m 0.856 ms - 12[0m
[0mGET /api/refunds/tasks/next?type=REVIEW_VERIFY&worker_id=review-verifier [32m200[0m 0.678 ms - 13[0m
[0mGET /api/refunds/tasks/next?type=WHATSAPP_BLAST&worker_id=whatsapp-campaign [32m200[0m 0.774 ms - 13[0m
[0mGET /api/refunds/tasks/next?type=REVIEW_VERIFY&worker_id=review-verifier [32m200[0m 1.541 ms - 13[0m
[0mGET /api/refunds/tasks/next?type=WHATSAPP_BLAST&worker_id=whatsapp-campaign [32m200[0m 1.035 ms - 13[0m
[0mGET /api/refunds/tasks/next?type=REVIEW_VERIFY&worker_id=review-verifier [32m200[0m 0.772 ms - 13[0m
[0mGET /api/refunds/tasks/next?type=WHATSAPP_BLAST&worker_id=whatsapp-campaign [32m200[0m 0.953 ms - 13[0m
[0mGET /api/refunds/queue [32m200[0m 0.972 ms - 12[0m
[0mGET /api/refunds/tasks/next?type=REVIEW_VERIFY&worker_id=review-verifier [32m200[0m 1.162 ms - 13[0m
[0mGET /api/refunds/tasks/next?type=WHATSAPP_BLAST&worker_id=whatsapp-campaign [32m200[0m 0.789 ms - 13[0m
[0mGET /api/refunds/tasks/next?type=REVIEW_VERIFY&worker_id=review-verifier [32m200[0m 0.636 ms - 13[0m
[0mGET /api/refunds/tasks/next?type=WHATSAPP_BLAST&worker_id=whatsapp-campaign [32m200[0m 1.057 ms - 13[0m
[0mGET /api/refunds/tasks/next?type=REVIEW_VERIFY&worker_id=review-verifier [32m200[0m 0.690 ms - 13[0m
[0mGET /api/refunds/tasks/next?type=WHATSAPP_BLAST&worker_id=whatsapp-campaign [32m200[0m 0.651 ms - 13[0m
[0mGET /api/refunds/queue [32m200[0m 1.130 ms - 12[0m
[0mGET /api/refunds/tasks/next?type=REVIEW_VERIFY&worker_id=review-verifier [32m200[0m 0.727 ms - 13[0m
[0mGET /api/refunds/tasks/next?type=WHATSAPP_BLAST&worker_id=whatsapp-campaign [32m200[0m 0.945 ms - 13[0m
[0mGET /api/refunds/tasks/next?type=REVIEW_VERIFY&worker_id=review-verifier [32m200[0m 0.755 ms - 13[0m
[0mGET /api/refunds/tasks/next?type=WHATSAPP_BLAST&worker_id=whatsapp-campaign [32m200[0m 0.746 ms - 13[0m
[0mGET /api/refunds/tasks/next?type=REVIEW_VERIFY&worker_id=review-verifier [32m200[0m 0.733 ms - 13[0m
[0mGET /api/refunds/tasks/next?type=WHATSAPP_BLAST&worker_id=whatsapp-campaign [32m200[0m 0.621 ms - 13[0m
[0mGET /api/refunds/queue [32m200[0m 0.929 ms - 12[0m
[0mGET /api/refunds/tasks/next?type=REVIEW_VERIFY&worker_id=review-verifier [32m200[0m 0.669 ms - 13[0m
[0mGET /api/refunds/tasks/next?type=WHATSAPP_BLAST&worker_id=whatsapp-campaign [32m200[0m 0.653 ms - 13[0m
[0mGET /api/refunds/tasks/next?type=REVIEW_VERIFY&worker_id=review-verifier [32m200[0m 0.655 ms - 13[0m
[0mGET /api/refunds/tasks/next?type=WHATSAPP_BLAST&worker_id=whatsapp-campaign [32m200[0m 1.471 ms - 13[0m
[0mGET /api/refunds/tasks/next?type=REVIEW_VERIFY&worker_id=review-verifier [32m200[0m 0.778 ms - 13[0m
[0mGET /api/refunds/tasks/next?type=WHATSAPP_BLAST&worker_id=whatsapp-campaign [32m200[0m 0.730 ms - 13[0m
[0mGET /api/refunds/queue [32m200[0m 0.741 ms - 12[0m
[0mGET /api/refunds/tasks/next?type=REVIEW_VERIFY&worker_id=review-verifier [32m200[0m 0.657 ms - 13[0m
[0mGET /api/refunds/tasks/next?type=WHATSAPP_BLAST&worker_id=whatsapp-campaign [32m200[0m 0.702 ms - 13[0m
[0mGET /api/refunds/tasks/next?type=REVIEW_VERIFY&worker_id=review-verifier [32m200[0m 0.749 ms - 13[0m
[0mGET /api/refunds/tasks/next?type=WHATSAPP_BLAST&worker_id=whatsapp-campaign [32m200[0m 0.711 ms - 13[0m
[0mGET /api/refunds/tasks/next?type=REVIEW_VERIFY&worker_id=review-verifier [32m200[0m 0.879 ms - 13[0m
[0mGET /api/refunds/tasks/next?type=WHATSAPP_BLAST&worker_id=whatsapp-campaign [32m200[0m 0.882 ms - 13[0m
[0mGET /api/refunds/queue [32m200[0m 0.892 ms - 12[0m
[0mGET /api/refunds/tasks/next?type=REVIEW_VERIFY&worker_id=review-verifier [32m200[0m 0.732 ms - 13[0m
[0mGET /api/refunds/tasks/next?type=WHATSAPP_BLAST&worker_id=whatsapp-campaign [32m200[0m 0.702 ms - 13[0m
[0mGET /api/refunds/tasks/next?type=REVIEW_VERIFY&worker_id=review-verifier [32m200[0m 0.683 ms - 13[0m
[0mGET /api/refunds/tasks/next?type=WHATSAPP_BLAST&worker_id=whatsapp-campaign [32m200[0m 0.739 ms - 13[0m
[0mGET /api/refunds/tasks/next?type=REVIEW_VERIFY&worker_id=review-verifier [32m200[0m 0.645 ms - 13[0m
[0mGET /api/refunds/tasks/next?type=WHATSAPP_BLAST&worker_id=whatsapp-campaign [32m200[0m 1.381 ms - 13[0m
[0mGET /api/refunds/queue [32m200[0m 0.879 ms - 12[0m
[0mGET /api/refunds/tasks/next?type=REVIEW_VERIFY&worker_id=review-verifier [32m200[0m 0.962 ms - 13[0m
[0mGET /api/refunds/tasks/next?type=WHATSAPP_BLAST&worker_id=whatsapp-campaign [32m200[0m 1.095 ms - 13[0m
[0mGET /api/refunds/tasks/next?type=REVIEW_VERIFY&worker_id=review-verifier [32m200[0m 1.065 ms - 13[0m
[0mGET /api/refunds/tasks/next?type=WHATSAPP_BLAST&worker_id=whatsapp-campaign [32m200[0m 0.980 ms - 13[0m
[0mGET /api/refunds/tasks/next?type=REVIEW_VERIFY&worker_id=review-verifier [32m200[0m 0.813 ms - 13[0m
[0mGET /api/refunds/tasks/next?type=WHATSAPP_BLAST&worker_id=whatsapp-campaign [32m200[0m 1.124 ms - 13[0m
[0mGET /api/refunds/queue [32m200[0m 1.072 ms - 12[0m
[0mGET /api/refunds/tasks/next?type=REVIEW_VERIFY&worker_id=review-verifier [32m200[0m 0.727 ms - 13[0m
[0mGET /api/refunds/tasks/next?type=WHATSAPP_BLAST&worker_id=whatsapp-campaign [32m200[0m 1.903 ms - 13[0m
[0mGET /api/refunds/tasks/next?type=REVIEW_VERIFY&worker_id=review-verifier [32m200[0m 2.012 ms - 13[0m
[0mGET /api/refunds/tasks/next?type=WHATSAPP_BLAST&worker_id=whatsapp-campaign [32m200[0m 0.745 ms - 13[0m
[0mGET /api/refunds/tasks/next?type=REVIEW_VERIFY&worker_id=review-verifier [32m200[0m 2.650 ms - 13[0m
[0mGET /api/refunds/tasks/next?type=WHATSAPP_BLAST&worker_id=whatsapp-campaign [32m200[0m 0.751 ms - 13[0m
[0mGET /api/refunds/queue [32m200[0m 1.637 ms - 12[0m
[0mGET /api/refunds/tasks/next?type=REVIEW_VERIFY&worker_id=review-verifier [32m200[0m 1.349 ms - 13[0m
[0mGET /api/refunds/tasks/next?type=WHATSAPP_BLAST&worker_id=whatsapp-campaign [32m200[0m 1.064 ms - 13[0m
[0mGET /api/refunds/tasks/next?type=REVIEW_VERIFY&worker_id=review-verifier [32m200[0m 1.730 ms - 13[0m
[0mGET /api/refunds/tasks/next?type=WHATSAPP_BLAST&worker_id=whatsapp-campaign [32m200[0m 1.618 ms - 13[0m
[0mGET /api/refunds/tasks/next?type=REVIEW_VERIFY&worker_id=review-verifier [32m200[0m 0.832 ms - 13[0m
[0mGET /api/refunds/tasks/next?type=WHATSAPP_BLAST&worker_id=whatsapp-campaign [32m200[0m 2.327 ms - 13[0m
[0mGET /api/refunds/queue [32m200[0m 2.230 ms - 12[0m
[0mGET /api/refunds/tasks/next?type=REVIEW_VERIFY&worker_id=review-verifier [32m200[0m 1.585 ms - 13[0m
[0mGET /api/refunds/tasks/next?type=WHATSAPP_BLAST&worker_id=whatsapp-campaign [32m200[0m 1.320 ms - 13[0m
[0mGET /api/refunds/tasks/next?type=REVIEW_VERIFY&worker_id=review-verifier [32m200[0m 0.935 ms - 13[0m
[0mGET /api/refunds/tasks/next?type=WHATSAPP_BLAST&worker_id=whatsapp-campaign [32m200[0m 0.628 ms - 13[0m
[0mGET /api/refunds/tasks/next?type=REVIEW_VERIFY&worker_id=review-verifier [32m200[0m 0.838 ms - 13[0m
[0mGET /api/refunds/tasks/next?type=WHATSAPP_BLAST&worker_id=whatsapp-campaign [32m200[0m 1.238 ms - 13[0m
[0mGET /api/refunds/queue [32m200[0m 1.582 ms - 12[0m
[0mGET /api/refunds/tasks/next?type=REVIEW_VERIFY&worker_id=review-verifier [32m200[0m 0.702 ms - 13[0m
[0mGET /api/refunds/tasks/next?type=WHATSAPP_BLAST&worker_id=whatsapp-campaign [32m200[0m 0.913 ms - 13[0m
[0mGET /api/refunds/tasks/next?type=REVIEW_VERIFY&worker_id=review-verifier [32m200[0m 1.999 ms - 13[0m
[0mGET /api/refunds/tasks/next?type=WHATSAPP_BLAST&worker_id=whatsapp-campaign [32m200[0m 2.047 ms - 13[0m
[0mGET /api/refunds/tasks/next?type=REVIEW_VERIFY&worker_id=review-verifier [32m200[0m 1.267 ms - 13[0m
[0mGET /api/refunds/tasks/next?type=WHATSAPP_BLAST&worker_id=whatsapp-campaign [32m200[0m 1.501 ms - 13[0m
[0mGET /api/refunds/queue [32m200[0m 1.817 ms - 12[0m
[0mGET /api/refunds/tasks/next?type=REVIEW_VERIFY&worker_id=review-verifier [32m200[0m 1.670 ms - 13[0m
[0mGET /api/refunds/tasks/next?type=WHATSAPP_BLAST&worker_id=whatsapp-campaign [32m200[0m 1.823 ms - 13[0m
[0mGET /api/refunds/tasks/next?type=REVIEW_VERIFY&worker_id=review-verifier [32m200[0m 2.004 ms - 13[0m
[0mGET /api/refunds/tasks/next?type=WHATSAPP_BLAST&worker_id=whatsapp-campaign [32m200[0m 1.239 ms - 13[0m
[0mGET /api/refunds/tasks/next?type=REVIEW_VERIFY&worker_id=review-verifier [32m200[0m 1.970 ms - 13[0m
[0mGET /api/refunds/tasks/next?type=WHATSAPP_BLAST&worker_id=whatsapp-campaign [32m200[0m 1.352 ms - 13[0m
[0mGET /api/refunds/queue [32m200[0m 1.897 ms - 12[0m
[0mGET /api/refunds/tasks/next?type=REVIEW_VERIFY&worker_id=review-verifier [32m200[0m 2.046 ms - 13[0m
[0mGET /api/refunds/tasks/next?type=WHATSAPP_BLAST&worker_id=whatsapp-campaign [32m200[0m 1.745 ms - 13[0m
[0mGET /api/refunds/tasks/next?type=REVIEW_VERIFY&worker_id=review-verifier [32m200[0m 1.395 ms - 13[0m
[0mGET /api/refunds/tasks/next?type=WHATSAPP_BLAST&worker_id=whatsapp-campaign [32m200[0m 1.033 ms - 13[0m
[0mGET /api/refunds/tasks/next?type=REVIEW_VERIFY&worker_id=review-verifier [32m200[0m 1.007 ms - 13[0m
[0mGET /api/refunds/tasks/next?type=WHATSAPP_BLAST&worker_id=whatsapp-campaign [32m200[0m 1.609 ms - 13[0m
[0mGET /api/refunds/queue [32m200[0m 2.048 ms - 12[0m
[0mGET /api/refunds/tasks/next?type=REVIEW_VERIFY&worker_id=review-verifier [32m200[0m 1.807 ms - 13[0m
[0mGET /api/refunds/tasks/next?type=WHATSAPP_BLAST&worker_id=whatsapp-campaign [32m200[0m 1.515 ms - 13[0m
[0mGET /api/refunds/tasks/next?type=REVIEW_VERIFY&worker_id=review-verifier [32m200[0m 0.692 ms - 13[0m
[0mGET /api/refunds/tasks/next?type=WHATSAPP_BLAST&worker_id=whatsapp-campaign [32m200[0m 1.840 ms - 13[0m
[0mGET /api/refunds/tasks/next?type=REVIEW_VERIFY&worker_id=review-verifier [32m200[0m 1.792 ms - 13[0m
[0mGET /api/refunds/tasks/next?type=WHATSAPP_BLAST&worker_id=whatsapp-campaign [32m200[0m 0.754 ms - 13[0m
[0mGET /api/refunds/queue [32m200[0m 1.224 ms - 12[0m
[0mGET /api/refunds/tasks/next?type=REVIEW_VERIFY&worker_id=review-verifier [32m200[0m 1.647 ms - 13[0m
[0mGET /api/refunds/tasks/next?type=WHATSAPP_BLAST&worker_id=whatsapp-campaign [32m200[0m 1.348 ms - 13[0m
[0mGET /api/refunds/tasks/next?type=REVIEW_VERIFY&worker_id=review-verifier [32m200[0m 0.704 ms - 13[0m
[0mGET /api/refunds/tasks/next?type=WHATSAPP_BLAST&worker_id=whatsapp-campaign [32m200[0m 0.856 ms - 13[0m
[0mGET /api/refunds/tasks/next?type=REVIEW_VERIFY&worker_id=review-verifier [32m200[0m 1.263 ms - 13[0m
[0mGET /api/refunds/tasks/next?type=WHATSAPP_BLAST&worker_id=whatsapp-campaign [32m200[0m 1.203 ms - 13[0m
[0mGET /api/refunds/queue [32m200[0m 0.909 ms - 12[0m
[0mGET /api/refunds/tasks/next?type=REVIEW_VERIFY&worker_id=review-verifier [32m200[0m 0.969 ms - 13[0m
[0mGET /api/refunds/tasks/next?type=WHATSAPP_BLAST&worker_id=whatsapp-campaign [32m200[0m 1.059 ms - 13[0m
[0mGET /api/refunds/tasks/next?type=REVIEW_VERIFY&worker_id=review-verifier [32m200[0m 1.043 ms - 13[0m
[0mGET /api/refunds/tasks/next?type=WHATSAPP_BLAST&worker_id=whatsapp-campaign [32m200[0m 2.076 ms - 13[0m
[0mGET /api/refunds/tasks/next?type=REVIEW_VERIFY&worker_id=review-verifier [32m200[0m 0.858 ms - 13[0m
[0mGET /api/refunds/tasks/next?type=WHATSAPP_BLAST&worker_id=whatsapp-campaign [32m200[0m 0.820 ms - 13[0m
[0mGET /api/refunds/queue [32m200[0m 0.952 ms - 12[0m
[0mGET /api/refunds/tasks/next?type=REVIEW_VERIFY&worker_id=review-verifier [32m200[0m 0.829 ms - 13[0m
[0mGET /api/refunds/tasks/next?type=WHATSAPP_BLAST&worker_id=whatsapp-campaign [32m200[0m 0.956 ms - 13[0m
[0mGET /api/refunds/tasks/next?type=REVIEW_VERIFY&worker_id=review-verifier [32m200[0m 0.894 ms - 13[0m
[0mGET /api/refunds/tasks/next?type=WHATSAPP_BLAST&worker_id=whatsapp-campaign [32m200[0m 1.212 ms - 13[0m
[0mGET /api/refunds/tasks/next?type=REVIEW_VERIFY&worker_id=review-verifier [32m200[0m 1.800 ms - 13[0m
[0mGET /api/refunds/queue [32m200[0m 1.209 ms - 12[0m
[0mGET /api/refunds/tasks/next?type=WHATSAPP_BLAST&worker_id=whatsapp-campaign [32m200[0m 0.998 ms - 13[0m
[0mGET /api/refunds/tasks/next?type=REVIEW_VERIFY&worker_id=review-verifier [32m200[0m 0.993 ms - 13[0m
[0mGET /api/refunds/tasks/next?type=WHATSAPP_BLAST&worker_id=whatsapp-campaign [32m200[0m 0.839 ms - 13[0m
[0mGET /api/refunds/tasks/next?type=REVIEW_VERIFY&worker_id=review-verifier [32m200[0m 0.836 ms - 13[0m
[0mGET /api/refunds/tasks/next?type=WHATSAPP_BLAST&worker_id=whatsapp-campaign [32m200[0m 2.125 ms - 13[0m
[0mGET /api/refunds/tasks/next?type=REVIEW_VERIFY&worker_id=review-verifier [32m200[0m 0.625 ms - 13[0m
[0mGET /api/refunds/queue [32m200[0m 1.104 ms - 12[0m
[0mGET /api/refunds/tasks/next?type=WHATSAPP_BLAST&worker_id=whatsapp-campaign [32m200[0m 1.154 ms - 13[0m
[0mGET /api/refunds/tasks/next?type=REVIEW_VERIFY&worker_id=review-verifier [32m200[0m 0.889 ms - 13[0m
[0mGET /api/refunds/tasks/next?type=WHATSAPP_BLAST&worker_id=whatsapp-campaign [32m200[0m 1.025 ms - 13[0m
[0mGET /api/refunds/tasks/next?type=REVIEW_VERIFY&worker_id=review-verifier [32m200[0m 1.094 ms - 13[0m
[0mGET /api/refunds/tasks/next?type=WHATSAPP_BLAST&worker_id=whatsapp-campaign [32m200[0m 1.002 ms - 13[0m
[0mGET /api/refunds/tasks/next?type=REVIEW_VERIFY&worker_id=review-verifier [32m200[0m 1.075 ms - 13[0m
[0mGET /api/refunds/queue [32m200[0m 1.216 ms - 12[0m
[0mGET /api/refunds/tasks/next?type=WHATSAPP_BLAST&worker_id=whatsapp-campaign [32m200[0m 1.763 ms - 13[0m
[0mGET /api/refunds/tasks/next?type=REVIEW_VERIFY&worker_id=review-verifier [32m200[0m 0.795 ms - 13[0m
[0mGET /api/refunds/tasks/next?type=WHATSAPP_BLAST&worker_id=whatsapp-campaign [32m200[0m 0.848 ms - 13[0m
[0mGET /api/refunds/tasks/next?type=REVIEW_VERIFY&worker_id=review-verifier [32m200[0m 1.258 ms - 13[0m
[0mGET /api/refunds/tasks/next?type=WHATSAPP_BLAST&worker_id=whatsapp-campaign [32m200[0m 0.882 ms - 13[0m
[0mGET /api/refunds/tasks/next?type=REVIEW_VERIFY&worker_id=review-verifier [32m200[0m 0.937 ms - 13[0m
[0mGET /api/refunds/queue [32m200[0m 1.027 ms - 12[0m
[0mGET /api/refunds/tasks/next?type=WHATSAPP_BLAST&worker_id=whatsapp-campaign [32m200[0m 1.350 ms - 13[0m
[0mGET /api/refunds/tasks/next?type=REVIEW_VERIFY&worker_id=review-verifier [32m200[0m 1.159 ms - 13[0m
[0mGET /api/refunds/tasks/next?type=WHATSAPP_BLAST&worker_id=whatsapp-campaign [32m200[0m 0.786 ms - 13[0m
[0mGET /api/refunds/tasks/next?type=REVIEW_VERIFY&worker_id=review-verifier [32m200[0m 0.717 ms - 13[0m
[0mGET /api/refunds/tasks/next?type=WHATSAPP_BLAST&worker_id=whatsapp-campaign [32m200[0m 0.855 ms - 13[0m
[0mGET /api/refunds/tasks/next?type=REVIEW_VERIFY&worker_id=review-verifier [32m200[0m 0.981 ms - 13[0m
[0mGET /api/refunds/queue [32m200[0m 1.284 ms - 12[0m
[0mGET /api/refunds/tasks/next?type=WHATSAPP_BLAST&worker_id=whatsapp-campaign [32m200[0m 0.677 ms - 13[0m
[0mGET /api/refunds/tasks/next?type=REVIEW_VERIFY&worker_id=review-verifier [32m200[0m 0.784 ms - 13[0m
[0mGET /api/refunds/tasks/next?type=WHATSAPP_BLAST&worker_id=whatsapp-campaign [32m200[0m 1.648 ms - 13[0m
[0mGET /api/refunds/tasks/next?type=REVIEW_VERIFY&worker_id=review-verifier [32m200[0m 1.508 ms - 13[0m
[0mGET /api/refunds/tasks/next?type=WHATSAPP_BLAST&worker_id=whatsapp-campaign [32m200[0m 0.852 ms - 13[0m
[0mGET /api/refunds/tasks/next?type=REVIEW_VERIFY&worker_id=review-verifier [32m200[0m 0.869 ms - 13[0m
[0mGET /api/refunds/queue [32m200[0m 0.715 ms - 12[0m
[0mGET /api/refunds/tasks/next?type=WHATSAPP_BLAST&worker_id=whatsapp-campaign [32m200[0m 0.671 ms - 13[0m
[0mGET /api/refunds/tasks/next?type=REVIEW_VERIFY&worker_id=review-verifier [32m200[0m 0.975 ms - 13[0m
[0mGET /api/refunds/tasks/next?type=WHATSAPP_BLAST&worker_id=whatsapp-campaign [32m200[0m 1.173 ms - 13[0m
[0mGET /api/refunds/tasks/next?type=REVIEW_VERIFY&worker_id=review-verifier [32m200[0m 0.942 ms - 13[0m
[0mGET /api/refunds/tasks/next?type=WHATSAPP_BLAST&worker_id=whatsapp-campaign [32m200[0m 0.931 ms - 13[0m
[0mGET /api/refunds/tasks/next?type=REVIEW_VERIFY&worker_id=review-verifier [32m200[0m 1.053 ms - 13[0m
[0mGET /api/refunds/queue [32m200[0m 0.871 ms - 12[0m
[0mGET /api/refunds/tasks/next?type=WHATSAPP_BLAST&worker_id=whatsapp-campaign [32m200[0m 0.911 ms - 13[0m
[0mGET /api/refunds/tasks/next?type=REVIEW_VERIFY&worker_id=review-verifier [32m200[0m 1.046 ms - 13[0m
[0mGET /api/refunds/tasks/next?type=WHATSAPP_BLAST&worker_id=whatsapp-campaign [32m200[0m 0.780 ms - 13[0m
[0mGET /api/refunds/tasks/next?type=REVIEW_VERIFY&worker_id=review-verifier [32m200[0m 1.083 ms - 13[0m
[0mGET /api/refunds/tasks/next?type=WHATSAPP_BLAST&worker_id=whatsapp-campaign [32m200[0m 1.218 ms - 13[0m
[0mGET /api/refunds/tasks/next?type=REVIEW_VERIFY&worker_id=review-verifier [32m200[0m 0.857 ms - 13[0m
[0mGET /api/refunds/queue [32m200[0m 1.138 ms - 12[0m
[0mGET /api/refunds/tasks/next?type=WHATSAPP_BLAST&worker_id=whatsapp-campaign [32m200[0m 1.244 ms - 13[0m
[0mGET /api/refunds/tasks/next?type=REVIEW_VERIFY&worker_id=review-verifier [32m200[0m 0.767 ms - 13[0m
[0mGET /api/refunds/tasks/next?type=WHATSAPP_BLAST&worker_id=whatsapp-campaign [32m200[0m 1.002 ms - 13[0m
[0mGET /api/refunds/tasks/next?type=REVIEW_VERIFY&worker_id=review-verifier [32m200[0m 0.702 ms - 13[0m
[0mGET /api/refunds/tasks/next?type=WHATSAPP_BLAST&worker_id=whatsapp-campaign [32m200[0m 0.768 ms - 13[0m
[0mGET /api/refunds/tasks/next?type=REVIEW_VERIFY&worker_id=review-verifier [32m200[0m 1.485 ms - 13[0m
[0mGET /api/refunds/queue [32m200[0m 1.875 ms - 12[0m
[0mGET /api/refunds/tasks/next?type=WHATSAPP_BLAST&worker_id=whatsapp-campaign [32m200[0m 1.237 ms - 13[0m
[0mGET /api/refunds/tasks/next?type=REVIEW_VERIFY&worker_id=review-verifier [32m200[0m 2.128 ms - 13[0m
[0mGET /api/refunds/tasks/next?type=WHATSAPP_BLAST&worker_id=whatsapp-campaign [32m200[0m 0.814 ms - 13[0m
[0mGET /api/refunds/tasks/next?type=REVIEW_VERIFY&worker_id=review-verifier [32m200[0m 0.810 ms - 13[0m
[0mGET /api/refunds/tasks/next?type=WHATSAPP_BLAST&worker_id=whatsapp-campaign [32m200[0m 0.651 ms - 13[0m
[0mGET /api/refunds/tasks/next?type=REVIEW_VERIFY&worker_id=review-verifier [32m200[0m 0.764 ms - 13[0m
[0mGET /api/refunds/queue [32m200[0m 0.967 ms - 12[0m
[0mGET /api/refunds/tasks/next?type=WHATSAPP_BLAST&worker_id=whatsapp-campaign [32m200[0m 0.769 ms - 13[0m
[0mGET /api/refunds/tasks/next?type=REVIEW_VERIFY&worker_id=review-verifier [32m200[0m 0.824 ms - 13[0m
[0mGET /api/refunds/tasks/next?type=WHATSAPP_BLAST&worker_id=whatsapp-campaign [32m200[0m 0.967 ms - 13[0m
[0mGET /api/refunds/tasks/next?type=REVIEW_VERIFY&worker_id=review-verifier [32m200[0m 0.814 ms - 13[0m
[0mGET /api/refunds/tasks/next?type=WHATSAPP_BLAST&worker_id=whatsapp-campaign [32m200[0m 0.744 ms - 13[0m
[0mGET /api/refunds/tasks/next?type=REVIEW_VERIFY&worker_id=review-verifier [32m200[0m 0.659 ms - 13[0m
[0mGET /api/refunds/queue [32m200[0m 1.363 ms - 12[0m
[0mGET /api/refunds/tasks/next?type=WHATSAPP_BLAST&worker_id=whatsapp-campaign [32m200[0m 0.739 ms - 13[0m
[0mGET /api/refunds/tasks/next?type=REVIEW_VERIFY&worker_id=review-verifier [32m200[0m 0.648 ms - 13[0m
[0mGET /api/refunds/tasks/next?type=WHATSAPP_BLAST&worker_id=whatsapp-campaign [32m200[0m 0.744 ms - 13[0m
[0mGET /api/refunds/tasks/next?type=REVIEW_VERIFY&worker_id=review-verifier [32m200[0m 1.097 ms - 13[0m
[0mGET /api/refunds/tasks/next?type=WHATSAPP_BLAST&worker_id=whatsapp-campaign [32m200[0m 0.769 ms - 13[0m
[0mGET /api/refunds/tasks/next?type=REVIEW_VERIFY&worker_id=review-verifier [32m200[0m 0.808 ms - 13[0m
[0mGET /api/refunds/queue [32m200[0m 1.153 ms - 12[0m
[0mGET /api/refunds/tasks/next?type=WHATSAPP_BLAST&worker_id=whatsapp-campaign [32m200[0m 1.297 ms - 13[0m
[0mGET /api/refunds/tasks/next?type=REVIEW_VERIFY&worker_id=review-verifier [32m200[0m 3.568 ms - 13[0m
[0mGET /api/refunds/tasks/next?type=WHATSAPP_BLAST&worker_id=whatsapp-campaign [32m200[0m 0.697 ms - 13[0m
[0mGET /api/refunds/tasks/next?type=REVIEW_VERIFY&worker_id=review-verifier [32m200[0m 0.797 ms - 13[0m
[0mGET /api/refunds/tasks/next?type=WHATSAPP_BLAST&worker_id=whatsapp-campaign [32m200[0m 0.762 ms - 13[0m
[0mGET /api/refunds/tasks/next?type=REVIEW_VERIFY&worker_id=review-verifier [32m200[0m 1.599 ms - 13[0m
[0mGET /api/refunds/queue [32m200[0m 0.966 ms - 12[0m
[0mGET /api/refunds/tasks/next?type=WHATSAPP_BLAST&worker_id=whatsapp-campaign [32m200[0m 0.882 ms - 13[0m
[0mGET /api/refunds/tasks/next?type=REVIEW_VERIFY&worker_id=review-verifier [32m200[0m 3.714 ms - 13[0m
[0mGET /api/refunds/tasks/next?type=WHATSAPP_BLAST&worker_id=whatsapp-campaign [32m200[0m 0.966 ms - 13[0m
[0mGET /api/refunds/tasks/next?type=REVIEW_VERIFY&worker_id=review-verifier [32m200[0m 0.692 ms - 13[0m
[0mGET /api/refunds/tasks/next?type=WHATSAPP_BLAST&worker_id=whatsapp-campaign [32m200[0m 0.945 ms - 13[0m
[0mGET /api/refunds/tasks/next?type=REVIEW_VERIFY&worker_id=review-verifier [32m200[0m 0.760 ms - 13[0m
[0mGET /api/refunds/queue [32m200[0m 0.968 ms - 12[0m
[0mGET /api/refunds/tasks/next?type=WHATSAPP_BLAST&worker_id=whatsapp-campaign [32m200[0m 0.899 ms - 13[0m
[0mGET /api/refunds/tasks/next?type=REVIEW_VERIFY&worker_id=review-verifier [32m200[0m 0.699 ms - 13[0m
[0mGET /api/refunds/tasks/next?type=WHATSAPP_BLAST&worker_id=whatsapp-campaign [32m200[0m 2.867 ms - 13[0m
[0mGET /api/refunds/tasks/next?type=REVIEW_VERIFY&worker_id=review-verifier [32m200[0m 1.319 ms - 13[0m
[0mGET /api/refunds/tasks/next?type=WHATSAPP_BLAST&worker_id=whatsapp-campaign [32m200[0m 1.070 ms - 13[0m
[0mGET /api/refunds/tasks/next?type=REVIEW_VERIFY&worker_id=review-verifier [32m200[0m 1.095 ms - 13[0m
[0mGET /api/refunds/queue [32m200[0m 1.054 ms - 12[0m
[0mGET /api/refunds/tasks/next?type=WHATSAPP_BLAST&worker_id=whatsapp-campaign [32m200[0m 0.703 ms - 13[0m
[0mGET /api/refunds/tasks/next?type=REVIEW_VERIFY&worker_id=review-verifier [32m200[0m 0.719 ms - 13[0m
[0mGET /api/refunds/tasks/next?type=WHATSAPP_BLAST&worker_id=whatsapp-campaign [32m200[0m 0.883 ms - 13[0m
[0mGET /api/refunds/tasks/next?type=REVIEW_VERIFY&worker_id=review-verifier [32m200[0m 0.786 ms - 13[0m
[0mGET /api/refunds/tasks/next?type=WHATSAPP_BLAST&worker_id=whatsapp-campaign [32m200[0m 0.964 ms - 13[0m
[0mGET /api/refunds/tasks/next?type=REVIEW_VERIFY&worker_id=review-verifier [32m200[0m 0.777 ms - 13[0m
[0mGET /api/refunds/queue [32m200[0m 1.303 ms - 12[0m
[0mGET /api/refunds/tasks/next?type=WHATSAPP_BLAST&worker_id=whatsapp-campaign [32m200[0m 0.693 ms - 13[0m
[0mGET /api/refunds/tasks/next?type=REVIEW_VERIFY&worker_id=review-verifier [32m200[0m 0.775 ms - 13[0m
[0mGET /api/refunds/tasks/next?type=WHATSAPP_BLAST&worker_id=whatsapp-campaign [32m200[0m 0.880 ms - 13[0m
[0mGET /api/refunds/tasks/next?type=REVIEW_VERIFY&worker_id=review-verifier [32m200[0m 0.806 ms - 13[0m
[0mGET /api/refunds/tasks/next?type=WHATSAPP_BLAST&worker_id=whatsapp-campaign [32m200[0m 1.108 ms - 13[0m
[0mGET /api/refunds/tasks/next?type=REVIEW_VERIFY&worker_id=review-verifier [32m200[0m 0.825 ms - 13[0m
[0mGET /api/refunds/queue [32m200[0m 1.849 ms - 12[0m
[0mGET /api/refunds/tasks/next?type=WHATSAPP_BLAST&worker_id=whatsapp-campaign [32m200[0m 0.751 ms - 13[0m
[0mGET /api/refunds/tasks/next?type=REVIEW_VERIFY&worker_id=review-verifier [32m200[0m 0.701 ms - 13[0m
[0mGET /api/refunds/tasks/next?type=WHATSAPP_BLAST&worker_id=whatsapp-campaign [32m200[0m 0.660 ms - 13[0m
[0mGET /api/refunds/tasks/next?type=REVIEW_VERIFY&worker_id=review-verifier [32m200[0m 0.776 ms - 13[0m
[0mGET /api/refunds/tasks/next?type=WHATSAPP_BLAST&worker_id=whatsapp-campaign [32m200[0m 0.825 ms - 13[0m
[0mGET /api/refunds/tasks/next?type=REVIEW_VERIFY&worker_id=review-verifier [32m200[0m 0.856 ms - 13[0m
[0mGET /api/refunds/queue [32m200[0m 1.449 ms - 12[0m
[0mGET /api/refunds/tasks/next?type=WHATSAPP_BLAST&worker_id=whatsapp-campaign [32m200[0m 0.817 ms - 13[0m
[0mGET /api/refunds/tasks/next?type=REVIEW_VERIFY&worker_id=review-verifier [32m200[0m 1.168 ms - 13[0m
[0mGET /api/refunds/tasks/next?type=WHATSAPP_BLAST&worker_id=whatsapp-campaign [32m200[0m 0.760 ms - 13[0m
[0mGET /api/refunds/tasks/next?type=REVIEW_VERIFY&worker_id=review-verifier [32m200[0m 0.707 ms - 13[0m
[0mGET /api/refunds/tasks/next?type=WHATSAPP_BLAST&worker_id=whatsapp-campaign [32m200[0m 1.705 ms - 13[0m
[0mGET /api/refunds/tasks/next?type=REVIEW_VERIFY&worker_id=review-verifier [32m200[0m 0.803 ms - 13[0m
[0mGET /api/refunds/queue [32m200[0m 1.360 ms - 12[0m
[0mGET /api/refunds/tasks/next?type=WHATSAPP_BLAST&worker_id=whatsapp-campaign [32m200[0m 1.112 ms - 13[0m
[0mGET /api/refunds/tasks/next?type=REVIEW_VERIFY&worker_id=review-verifier [32m200[0m 0.862 ms - 13[0m
[0mGET /api/refunds/tasks/next?type=WHATSAPP_BLAST&worker_id=whatsapp-campaign [32m200[0m 1.175 ms - 13[0m
[0mGET /api/refunds/tasks/next?type=REVIEW_VERIFY&worker_id=review-verifier [32m200[0m 0.684 ms - 13[0m
[0mGET /api/refunds/tasks/next?type=WHATSAPP_BLAST&worker_id=whatsapp-campaign [32m200[0m 0.653 ms - 13[0m
[0mGET /api/refunds/tasks/next?type=REVIEW_VERIFY&worker_id=review-verifier [32m200[0m 0.851 ms - 13[0m
[0mGET /api/refunds/queue [32m200[0m 1.078 ms - 12[0m
[0mGET /api/refunds/tasks/next?type=WHATSAPP_BLAST&worker_id=whatsapp-campaign [32m200[0m 0.617 ms - 13[0m
[0mGET /api/refunds/tasks/next?type=REVIEW_VERIFY&worker_id=review-verifier [32m200[0m 0.618 ms - 13[0m
[0mGET /api/refunds/tasks/next?type=WHATSAPP_BLAST&worker_id=whatsapp-campaign [32m200[0m 0.866 ms - 13[0m
[0mGET /api/refunds/tasks/next?type=REVIEW_VERIFY&worker_id=review-verifier [32m200[0m 0.875 ms - 13[0m
[0mGET /api/refunds/tasks/next?type=WHATSAPP_BLAST&worker_id=whatsapp-campaign [32m200[0m 1.193 ms - 13[0m
[0mGET /api/refunds/tasks/next?type=REVIEW_VERIFY&worker_id=review-verifier [32m200[0m 0.808 ms - 13[0m
[0mGET /api/refunds/queue [32m200[0m 1.153 ms - 12[0m
[0mGET /api/refunds/tasks/next?type=WHATSAPP_BLAST&worker_id=whatsapp-campaign [32m200[0m 0.858 ms - 13[0m
[0mGET /api/refunds/tasks/next?type=REVIEW_VERIFY&worker_id=review-verifier [32m200[0m 0.717 ms - 13[0m
[0mGET /api/refunds/tasks/next?type=WHATSAPP_BLAST&worker_id=whatsapp-campaign [32m200[0m 0.927 ms - 13[0m
[0mGET /api/refunds/tasks/next?type=REVIEW_VERIFY&worker_id=review-verifier [32m200[0m 0.897 ms - 13[0m
[0mGET /api/refunds/tasks/next?type=WHATSAPP_BLAST&worker_id=whatsapp-campaign [32m200[0m 2.129 ms - 13[0m
[0mGET /api/refunds/tasks/next?type=REVIEW_VERIFY&worker_id=review-verifier [32m200[0m 1.891 ms - 13[0m
[0mGET /api/refunds/queue [32m200[0m 1.935 ms - 12[0m
[0mGET /api/refunds/tasks/next?type=WHATSAPP_BLAST&worker_id=whatsapp-campaign [32m200[0m 0.782 ms - 13[0m
[0mGET /api/refunds/tasks/next?type=REVIEW_VERIFY&worker_id=review-verifier [32m200[0m 0.840 ms - 13[0m
[0mGET /api/refunds/tasks/next?type=WHATSAPP_BLAST&worker_id=whatsapp-campaign [32m200[0m 0.958 ms - 13[0m
[0mGET /api/refunds/tasks/next?type=REVIEW_VERIFY&worker_id=review-verifier [32m200[0m 0.810 ms - 13[0m
[0mGET /api/refunds/tasks/next?type=WHATSAPP_BLAST&worker_id=whatsapp-campaign [32m200[0m 0.818 ms - 13[0m
[0mGET /api/refunds/tasks/next?type=REVIEW_VERIFY&worker_id=review-verifier [32m200[0m 0.928 ms - 13[0m
[0mGET /api/refunds/queue [32m200[0m 0.868 ms - 12[0m
[0mGET /api/refunds/tasks/next?type=WHATSAPP_BLAST&worker_id=whatsapp-campaign [32m200[0m 0.875 ms - 13[0m
[0mGET /api/refunds/tasks/next?type=REVIEW_VERIFY&worker_id=review-verifier [32m200[0m 0.617 ms - 13[0m
[0mGET /api/refunds/tasks/next?type=WHATSAPP_BLAST&worker_id=whatsapp-campaign [32m200[0m 0.785 ms - 13[0m
[0mGET /api/refunds/tasks/next?type=REVIEW_VERIFY&worker_id=review-verifier [32m200[0m 0.843 ms - 13[0m
[0mGET /api/refunds/tasks/next?type=WHATSAPP_BLAST&worker_id=whatsapp-campaign [32m200[0m 0.978 ms - 13[0m
[0mGET /api/refunds/tasks/next?type=REVIEW_VERIFY&worker_id=review-verifier [32m200[0m 1.827 ms - 13[0m
[0mGET /api/refunds/queue [32m200[0m 1.216 ms - 12[0m
[0mGET /api/refunds/tasks/next?type=WHATSAPP_BLAST&worker_id=whatsapp-campaign [32m200[0m 1.736 ms - 13[0m
[0mGET /api/refunds/tasks/next?type=REVIEW_VERIFY&worker_id=review-verifier [32m200[0m 0.816 ms - 13[0m
[0mGET /api/refunds/tasks/next?type=WHATSAPP_BLAST&worker_id=whatsapp-campaign [32m200[0m 0.750 ms - 13[0m
[0mGET /api/refunds/tasks/next?type=REVIEW_VERIFY&worker_id=review-verifier [32m200[0m 0.732 ms - 13[0m
[0mGET /api/refunds/tasks/next?type=WHATSAPP_BLAST&worker_id=whatsapp-campaign [32m200[0m 1.032 ms - 13[0m
[0mGET /api/refunds/tasks/next?type=REVIEW_VERIFY&worker_id=review-verifier [32m200[0m 0.712 ms - 13[0m
[0mGET /api/refunds/queue [32m200[0m 1.012 ms - 12[0m
[0mGET /api/refunds/tasks/next?type=WHATSAPP_BLAST&worker_id=whatsapp-campaign [32m200[0m 0.703 ms - 13[0m
[0mGET /api/refunds/tasks/next?type=REVIEW_VERIFY&worker_id=review-verifier [32m200[0m 1.128 ms - 13[0m
[0mGET /api/refunds/tasks/next?type=WHATSAPP_BLAST&worker_id=whatsapp-campaign [32m200[0m 0.992 ms - 13[0m
[0mGET /api/refunds/tasks/next?type=REVIEW_VERIFY&worker_id=review-verifier [32m200[0m 4.759 ms - 13[0m
[0mGET /api/refunds/tasks/next?type=WHATSAPP_BLAST&worker_id=whatsapp-campaign [32m200[0m 0.814 ms - 13[0m
[0mGET /api/refunds/tasks/next?type=REVIEW_VERIFY&worker_id=review-verifier [32m200[0m 0.709 ms - 13[0m
[0mGET /api/refunds/queue [32m200[0m 1.100 ms - 12[0m
[0mGET /api/refunds/tasks/next?type=WHATSAPP_BLAST&worker_id=whatsapp-campaign [32m200[0m 0.763 ms - 13[0m
[0mGET /api/refunds/tasks/next?type=REVIEW_VERIFY&worker_id=review-verifier [32m200[0m 0.720 ms - 13[0m
[0mGET /api/refunds/tasks/next?type=WHATSAPP_BLAST&worker_id=whatsapp-campaign [32m200[0m 0.695 ms - 13[0m
[0mGET /api/refunds/tasks/next?type=REVIEW_VERIFY&worker_id=review-verifier [32m200[0m 0.675 ms - 13[0m
[0mGET /api/refunds/tasks/next?type=WHATSAPP_BLAST&worker_id=whatsapp-campaign [32m200[0m 0.968 ms - 13[0m
[0mGET /api/refunds/tasks/next?type=REVIEW_VERIFY&worker_id=review-verifier [32m200[0m 0.760 ms - 13[0m
[0mGET /api/refunds/queue [32m200[0m 1.348 ms - 12[0m
[0mGET /api/refunds/tasks/next?type=WHATSAPP_BLAST&worker_id=whatsapp-campaign [32m200[0m 0.835 ms - 13[0m
[0mGET /api/refunds/tasks/next?type=REVIEW_VERIFY&worker_id=review-verifier [32m200[0m 0.733 ms - 13[0m
[0mGET /api/refunds/tasks/next?type=WHATSAPP_BLAST&worker_id=whatsapp-campaign [32m200[0m 1.056 ms - 13[0m
[0mGET /api/refunds/tasks/next?type=REVIEW_VERIFY&worker_id=review-verifier [32m200[0m 0.802 ms - 13[0m
[0mGET /api/refunds/tasks/next?type=WHATSAPP_BLAST&worker_id=whatsapp-campaign [32m200[0m 0.766 ms - 13[0m
[0mGET /api/refunds/tasks/next?type=REVIEW_VERIFY&worker_id=review-verifier [32m200[0m 1.627 ms - 13[0m
[0mGET /api/refunds/queue [32m200[0m 0.926 ms - 12[0m
[0mGET /api/refunds/tasks/next?type=WHATSAPP_BLAST&worker_id=whatsapp-campaign [32m200[0m 0.959 ms - 13[0m
[0mGET /api/refunds/tasks/next?type=REVIEW_VERIFY&worker_id=review-verifier [32m200[0m 0.735 ms - 13[0m
[0mGET /api/refunds/tasks/next?type=WHATSAPP_BLAST&worker_id=whatsapp-campaign [32m200[0m 0.970 ms - 13[0m
[0mGET /api/refunds/tasks/next?type=REVIEW_VERIFY&worker_id=review-verifier [32m200[0m 1.573 ms - 13[0m
[0mGET /api/refunds/tasks/next?type=WHATSAPP_BLAST&worker_id=whatsapp-campaign [32m200[0m 1.380 ms - 13[0m
[0mGET /api/refunds/tasks/next?type=REVIEW_VERIFY&worker_id=review-verifier [32m200[0m 0.831 ms - 13[0m
[0mGET /api/refunds/queue [32m200[0m 1.093 ms - 12[0m
[0mGET /api/refunds/tasks/next?type=WHATSAPP_BLAST&worker_id=whatsapp-campaign [32m200[0m 0.763 ms - 13[0m
[0mGET /api/refunds/tasks/next?type=REVIEW_VERIFY&worker_id=review-verifier [32m200[0m 1.073 ms - 13[0m
[0mGET /api/refunds/tasks/next?type=WHATSAPP_BLAST&worker_id=whatsapp-campaign [32m200[0m 0.942 ms - 13[0m
[0mGET /api/refunds/tasks/next?type=REVIEW_VERIFY&worker_id=review-verifier [32m200[0m 0.679 ms - 13[0m
[0mGET /api/refunds/tasks/next?type=WHATSAPP_BLAST&worker_id=whatsapp-campaign [32m200[0m 0.864 ms - 13[0m
[0mGET /api/refunds/tasks/next?type=REVIEW_VERIFY&worker_id=review-verifier [32m200[0m 0.796 ms - 13[0m
[0mGET /api/refunds/queue [32m200[0m 0.984 ms - 12[0m
[0mGET /api/refunds/tasks/next?type=WHATSAPP_BLAST&worker_id=whatsapp-campaign [32m200[0m 0.670 ms - 13[0m
[0mGET /api/refunds/tasks/next?type=REVIEW_VERIFY&worker_id=review-verifier [32m200[0m 0.756 ms - 13[0m
[0mGET /api/refunds/tasks/next?type=WHATSAPP_BLAST&worker_id=whatsapp-campaign [32m200[0m 0.859 ms - 13[0m
[0mGET /api/refunds/tasks/next?type=REVIEW_VERIFY&worker_id=review-verifier [32m200[0m 1.050 ms - 13[0m
[0mGET /api/refunds/tasks/next?type=WHATSAPP_BLAST&worker_id=whatsapp-campaign [32m200[0m 1.101 ms - 13[0m
[0mGET /api/refunds/tasks/next?type=REVIEW_VERIFY&worker_id=review-verifier [32m200[0m 0.729 ms - 13[0m
[0mGET /api/refunds/queue [32m200[0m 1.007 ms - 12[0m
[0mGET /api/refunds/tasks/next?type=WHATSAPP_BLAST&worker_id=whatsapp-campaign [32m200[0m 1.074 ms - 13[0m
[0mGET /api/refunds/tasks/next?type=REVIEW_VERIFY&worker_id=review-verifier [32m200[0m 1.603 ms - 13[0m
[0mGET /api/refunds/tasks/next?type=WHATSAPP_BLAST&worker_id=whatsapp-campaign [32m200[0m 1.862 ms - 13[0m
[0mGET /api/refunds/tasks/next?type=REVIEW_VERIFY&worker_id=review-verifier [32m200[0m 0.728 ms - 13[0m
[0mGET /api/refunds/tasks/next?type=WHATSAPP_BLAST&worker_id=whatsapp-campaign [32m200[0m 0.674 ms - 13[0m
[0mGET /api/refunds/tasks/next?type=REVIEW_VERIFY&worker_id=review-verifier [32m200[0m 0.895 ms - 13[0m
[0mGET /api/refunds/queue [32m200[0m 0.732 ms - 12[0m
[0mGET /api/refunds/tasks/next?type=WHATSAPP_BLAST&worker_id=whatsapp-campaign [32m200[0m 0.799 ms - 13[0m
[0mGET /api/refunds/tasks/next?type=REVIEW_VERIFY&worker_id=review-verifier [32m200[0m 0.790 ms - 13[0m
[0mGET /api/refunds/tasks/next?type=WHATSAPP_BLAST&worker_id=whatsapp-campaign [32m200[0m 0.891 ms - 13[0m
[0mGET /api/refunds/tasks/next?type=REVIEW_VERIFY&worker_id=review-verifier [32m200[0m 0.804 ms - 13[0m
[0mGET /api/refunds/tasks/next?type=WHATSAPP_BLAST&worker_id=whatsapp-campaign [32m200[0m 0.771 ms - 13[0m
[0mGET /api/refunds/tasks/next?type=REVIEW_VERIFY&worker_id=review-verifier [32m200[0m 0.834 ms - 13[0m
[0mGET /api/refunds/queue [32m200[0m 0.920 ms - 12[0m
[0mGET /api/refunds/tasks/next?type=WHATSAPP_BLAST&worker_id=whatsapp-campaign [32m200[0m 0.817 ms - 13[0m
[0mGET /api/refunds/tasks/next?type=REVIEW_VERIFY&worker_id=review-verifier [32m200[0m 0.910 ms - 13[0m
[0mGET /api/refunds/tasks/next?type=WHATSAPP_BLAST&worker_id=whatsapp-campaign [32m200[0m 1.511 ms - 13[0m
[0mGET /api/refunds/tasks/next?type=REVIEW_VERIFY&worker_id=review-verifier [32m200[0m 0.940 ms - 13[0m
[0mGET /api/refunds/tasks/next?type=WHATSAPP_BLAST&worker_id=whatsapp-campaign [32m200[0m 0.870 ms - 13[0m
[0mGET /api/refunds/tasks/next?type=REVIEW_VERIFY&worker_id=review-verifier [32m200[0m 0.767 ms - 13[0m
[0mGET /api/refunds/queue [32m200[0m 1.069 ms - 12[0m
[0mGET /api/refunds/tasks/next?type=WHATSAPP_BLAST&worker_id=whatsapp-campaign [32m200[0m 0.728 ms - 13[0m
[0mGET /api/refunds/tasks/next?type=REVIEW_VERIFY&worker_id=review-verifier [32m200[0m 0.699 ms - 13[0m
[0mGET /api/refunds/tasks/next?type=WHATSAPP_BLAST&worker_id=whatsapp-campaign [32m200[0m 6.976 ms - 13[0m
[0mGET /api/refunds/tasks/next?type=REVIEW_VERIFY&worker_id=review-verifier [32m200[0m 0.742 ms - 13[0m
[0mGET /api/refunds/tasks/next?type=WHATSAPP_BLAST&worker_id=whatsapp-campaign [32m200[0m 1.740 ms - 13[0m
[0mGET /api/refunds/tasks/next?type=REVIEW_VERIFY&worker_id=review-verifier [32m200[0m 0.727 ms - 13[0m
[0mGET /api/refunds/queue [32m200[0m 1.008 ms - 12[0m
[0mGET /api/refunds/tasks/next?type=WHATSAPP_BLAST&worker_id=whatsapp-campaign [32m200[0m 0.923 ms - 13[0m
[0mGET /api/refunds/tasks/next?type=REVIEW_VERIFY&worker_id=review-verifier [32m200[0m 0.834 ms - 13[0m
[0mGET /api/refunds/tasks/next?type=WHATSAPP_BLAST&worker_id=whatsapp-campaign [32m200[0m 0.990 ms - 13[0m
[0mGET /api/refunds/tasks/next?type=REVIEW_VERIFY&worker_id=review-verifier [32m200[0m 0.740 ms - 13[0m
[0mGET /api/refunds/tasks/next?type=WHATSAPP_BLAST&worker_id=whatsapp-campaign [32m200[0m 0.977 ms - 13[0m
[0mGET /api/refunds/tasks/next?type=REVIEW_VERIFY&worker_id=review-verifier [32m200[0m 0.670 ms - 13[0m
[0mGET /api/refunds/queue [32m200[0m 0.908 ms - 12[0m
[0mGET /api/refunds/tasks/next?type=WHATSAPP_BLAST&worker_id=whatsapp-campaign [32m200[0m 0.701 ms - 13[0m
[0mGET /api/refunds/tasks/next?type=REVIEW_VERIFY&worker_id=review-verifier [32m200[0m 0.988 ms - 13[0m
[0mGET /api/refunds/tasks/next?type=WHATSAPP_BLAST&worker_id=whatsapp-campaign [32m200[0m 1.836 ms - 13[0m
[0mGET /api/refunds/tasks/next?type=REVIEW_VERIFY&worker_id=review-verifier [32m200[0m 0.877 ms - 13[0m
[0mGET /api/refunds/tasks/next?type=WHATSAPP_BLAST&worker_id=whatsapp-campaign [32m200[0m 0.681 ms - 13[0m
[0mGET /api/refunds/tasks/next?type=REVIEW_VERIFY&worker_id=review-verifier [32m200[0m 1.721 ms - 13[0m
[0mGET /api/refunds/queue [32m200[0m 0.780 ms - 12[0m
[0mGET /api/refunds/tasks/next?type=WHATSAPP_BLAST&worker_id=whatsapp-campaign [32m200[0m 1.046 ms - 13[0m
[0mGET /api/refunds/tasks/next?type=REVIEW_VERIFY&worker_id=review-verifier [32m200[0m 0.763 ms - 13[0m
[0mGET /api/refunds/tasks/next?type=WHATSAPP_BLAST&worker_id=whatsapp-campaign [32m200[0m 0.910 ms - 13[0m
[0mGET /api/refunds/tasks/next?type=REVIEW_VERIFY&worker_id=review-verifier [32m200[0m 0.894 ms - 13[0m
[0mGET /api/refunds/tasks/next?type=WHATSAPP_BLAST&worker_id=whatsapp-campaign [32m200[0m 0.882 ms - 13[0m
[0mGET /api/refunds/tasks/next?type=REVIEW_VERIFY&worker_id=review-verifier [32m200[0m 0.706 ms - 13[0m
[0mGET /api/refunds/queue [32m200[0m 0.730 ms - 12[0m
[0mGET /api/refunds/tasks/next?type=WHATSAPP_BLAST&worker_id=whatsapp-campaign [32m200[0m 0.825 ms - 13[0m
[0mGET /api/refunds/tasks/next?type=REVIEW_VERIFY&worker_id=review-verifier [32m200[0m 0.730 ms - 13[0m
[0mGET /api/refunds/tasks/next?type=WHATSAPP_BLAST&worker_id=whatsapp-campaign [32m200[0m 0.742 ms - 13[0m
[0mGET /api/refunds/tasks/next?type=REVIEW_VERIFY&worker_id=review-verifier [32m200[0m 0.738 ms - 13[0m
[0mGET /api/refunds/tasks/next?type=WHATSAPP_BLAST&worker_id=whatsapp-campaign [32m200[0m 0.663 ms - 13[0m
[0mGET /api/refunds/tasks/next?type=REVIEW_VERIFY&worker_id=review-verifier [32m200[0m 1.226 ms - 13[0m
[0mGET /api/refunds/queue [32m200[0m 1.318 ms - 12[0m
[0mGET /api/refunds/tasks/next?type=WHATSAPP_BLAST&worker_id=whatsapp-campaign [32m200[0m 0.836 ms - 13[0m
[0mGET /api/refunds/tasks/next?type=REVIEW_VERIFY&worker_id=review-verifier [32m200[0m 0.692 ms - 13[0m
[0mGET /api/refunds/tasks/next?type=WHATSAPP_BLAST&worker_id=whatsapp-campaign [32m200[0m 0.688 ms - 13[0m
[0mGET /api/refunds/tasks/next?type=REVIEW_VERIFY&worker_id=review-verifier [32m200[0m 0.807 ms - 13[0m
[0mGET /api/refunds/tasks/next?type=WHATSAPP_BLAST&worker_id=whatsapp-campaign [32m200[0m 0.902 ms - 13[0m
[0mGET /api/refunds/tasks/next?type=REVIEW_VERIFY&worker_id=review-verifier [32m200[0m 0.791 ms - 13[0m
[0mGET /api/refunds/queue [32m200[0m 0.865 ms - 12[0m
[0mGET /api/refunds/tasks/next?type=WHATSAPP_BLAST&worker_id=whatsapp-campaign [32m200[0m 1.197 ms - 13[0m
[0mGET /api/refunds/tasks/next?type=REVIEW_VERIFY&worker_id=review-verifier [32m200[0m 0.779 ms - 13[0m
[0mGET /api/refunds/tasks/next?type=WHATSAPP_BLAST&worker_id=whatsapp-campaign [32m200[0m 0.782 ms - 13[0m
[0mGET /api/refunds/tasks/next?type=REVIEW_VERIFY&worker_id=review-verifier [32m200[0m 1.672 ms - 13[0m
[0mGET /api/refunds/tasks/next?type=WHATSAPP_BLAST&worker_id=whatsapp-campaign [32m200[0m 0.798 ms - 13[0m
[0mGET /api/refunds/tasks/next?type=REVIEW_VERIFY&worker_id=review-verifier [32m200[0m 1.223 ms - 13[0m
[0mGET /api/refunds/queue [32m200[0m 0.773 ms - 12[0m
[0mGET /api/refunds/tasks/next?type=WHATSAPP_BLAST&worker_id=whatsapp-campaign [32m200[0m 0.833 ms - 13[0m
[0mGET /api/refunds/tasks/next?type=REVIEW_VERIFY&worker_id=review-verifier [32m200[0m 0.943 ms - 13[0m
[0mGET /api/refunds/tasks/next?type=WHATSAPP_BLAST&worker_id=whatsapp-campaign [32m200[0m 0.883 ms - 13[0m
[0mGET /api/refunds/tasks/next?type=REVIEW_VERIFY&worker_id=review-verifier [32m200[0m 0.847 ms - 13[0m
[0mGET /api/refunds/tasks/next?type=WHATSAPP_BLAST&worker_id=whatsapp-campaign [32m200[0m 0.635 ms - 13[0m
[0mGET /api/refunds/tasks/next?type=REVIEW_VERIFY&worker_id=review-verifier [32m200[0m 0.643 ms - 13[0m
[0mGET /api/refunds/queue [32m200[0m 0.910 ms - 12[0m
[0mGET /api/refunds/tasks/next?type=WHATSAPP_BLAST&worker_id=whatsapp-campaign [32m200[0m 1.876 ms - 13[0m
[0mGET /api/refunds/tasks/next?type=REVIEW_VERIFY&worker_id=review-verifier [32m200[0m 0.750 ms - 13[0m
[0mGET /api/refunds/tasks/next?type=WHATSAPP_BLAST&worker_id=whatsapp-campaign [32m200[0m 0.900 ms - 13[0m
[0mGET /api/refunds/tasks/next?type=REVIEW_VERIFY&worker_id=review-verifier [32m200[0m 0.986 ms - 13[0m
[0mGET /api/refunds/tasks/next?type=WHATSAPP_BLAST&worker_id=whatsapp-campaign [32m200[0m 0.790 ms - 13[0m
[0mGET /api/refunds/tasks/next?type=REVIEW_VERIFY&worker_id=review-verifier [32m200[0m 0.662 ms - 13[0m
[0mGET /api/refunds/queue [32m200[0m 0.850 ms - 12[0m
[0mGET /api/refunds/tasks/next?type=WHATSAPP_BLAST&worker_id=whatsapp-campaign [32m200[0m 1.167 ms - 13[0m
[0mGET /api/refunds/tasks/next?type=REVIEW_VERIFY&worker_id=review-verifier [32m200[0m 1.967 ms - 13[0m
[0mGET /api/refunds/tasks/next?type=WHATSAPP_BLAST&worker_id=whatsapp-campaign [32m200[0m 0.835 ms - 13[0m
[0mGET /api/refunds/tasks/next?type=REVIEW_VERIFY&worker_id=review-verifier [32m200[0m 0.849 ms - 13[0m
[0mGET /api/refunds/tasks/next?type=WHATSAPP_BLAST&worker_id=whatsapp-campaign [32m200[0m 0.782 ms - 13[0m
[0mGET /api/refunds/tasks/next?type=REVIEW_VERIFY&worker_id=review-verifier [32m200[0m 1.403 ms - 13[0m
[0mGET /api/refunds/queue [32m200[0m 0.797 ms - 12[0m
[0mGET /api/refunds/tasks/next?type=WHATSAPP_BLAST&worker_id=whatsapp-campaign [32m200[0m 0.684 ms - 13[0m
[0mGET /api/refunds/tasks/next?type=REVIEW_VERIFY&worker_id=review-verifier [32m200[0m 0.765 ms - 13[0m
[0mGET /api/refunds/tasks/next?type=WHATSAPP_BLAST&worker_id=whatsapp-campaign [32m200[0m 0.638 ms - 13[0m
[0mGET /api/refunds/tasks/next?type=REVIEW_VERIFY&worker_id=review-verifier [32m200[0m 0.624 ms - 13[0m
[0mGET /api/refunds/tasks/next?type=WHATSAPP_BLAST&worker_id=whatsapp-campaign [32m200[0m 0.743 ms - 13[0m
[0mGET /api/refunds/tasks/next?type=REVIEW_VERIFY&worker_id=review-verifier [32m200[0m 0.902 ms - 13[0m
[0mGET /api/refunds/queue [32m200[0m 7.924 ms - 12[0m
[0mGET /api/refunds/tasks/next?type=WHATSAPP_BLAST&worker_id=whatsapp-campaign [32m200[0m 0.837 ms - 13[0m
[0mGET /api/refunds/tasks/next?type=REVIEW_VERIFY&worker_id=review-verifier [32m200[0m 0.955 ms - 13[0m
[0mGET /api/refunds/tasks/next?type=WHATSAPP_BLAST&worker_id=whatsapp-campaign [32m200[0m 2.449 ms - 13[0m
[0mGET /api/refunds/tasks/next?type=REVIEW_VERIFY&worker_id=review-verifier [32m200[0m 0.727 ms - 13[0m
[0mGET /api/refunds/tasks/next?type=WHATSAPP_BLAST&worker_id=whatsapp-campaign [32m200[0m 0.754 ms - 13[0m
[0mGET /api/refunds/tasks/next?type=REVIEW_VERIFY&worker_id=review-verifier [32m200[0m 0.874 ms - 13[0m
[0mGET /api/refunds/queue [32m200[0m 0.747 ms - 12[0m
[0mGET /api/refunds/tasks/next?type=WHATSAPP_BLAST&worker_id=whatsapp-campaign [32m200[0m 0.662 ms - 13[0m
[0mGET /api/refunds/tasks/next?type=REVIEW_VERIFY&worker_id=review-verifier [32m200[0m 1.195 ms - 13[0m
[0mGET /api/refunds/tasks/next?type=WHATSAPP_BLAST&worker_id=whatsapp-campaign [32m200[0m 2.936 ms - 13[0m
[0mGET /api/refunds/tasks/next?type=REVIEW_VERIFY&worker_id=review-verifier [32m200[0m 1.544 ms - 13[0m
[0mGET /api/refunds/tasks/next?type=WHATSAPP_BLAST&worker_id=whatsapp-campaign [32m200[0m 1.613 ms - 13[0m
[0mGET /api/refunds/tasks/next?type=REVIEW_VERIFY&worker_id=review-verifier [32m200[0m 1.115 ms - 13[0m
[0mGET /api/refunds/queue [32m200[0m 1.030 ms - 12[0m
[0mGET /api/refunds/tasks/next?type=WHATSAPP_BLAST&worker_id=whatsapp-campaign [32m200[0m 1.490 ms - 13[0m
[0mGET /api/refunds/tasks/next?type=REVIEW_VERIFY&worker_id=review-verifier [32m200[0m 1.075 ms - 13[0m
[0mGET /api/refunds/tasks/next?type=WHATSAPP_BLAST&worker_id=whatsapp-campaign [32m200[0m 1.514 ms - 13[0m
[0mGET /api/refunds/tasks/next?type=REVIEW_VERIFY&worker_id=review-verifier [32m200[0m 0.795 ms - 13[0m
[0mGET /api/refunds/tasks/next?type=WHATSAPP_BLAST&worker_id=whatsapp-campaign [32m200[0m 0.858 ms - 13[0m
[0mGET /api/refunds/tasks/next?type=REVIEW_VERIFY&worker_id=review-verifier [32m200[0m 1.886 ms - 13[0m
[0mGET /api/refunds/queue [32m200[0m 1.225 ms - 12[0m
[0mGET /api/refunds/tasks/next?type=WHATSAPP_BLAST&worker_id=whatsapp-campaign [32m200[0m 0.878 ms - 13[0m
[0mGET /api/refunds/tasks/next?type=REVIEW_VERIFY&worker_id=review-verifier [32m200[0m 0.769 ms - 13[0m
[0mGET /api/refunds/tasks/next?type=WHATSAPP_BLAST&worker_id=whatsapp-campaign [32m200[0m 1.051 ms - 13[0m
[0mGET /api/refunds/tasks/next?type=REVIEW_VERIFY&worker_id=review-verifier [32m200[0m 1.410 ms - 13[0m
[0mGET /api/refunds/tasks/next?type=WHATSAPP_BLAST&worker_id=whatsapp-campaign [32m200[0m 1.182 ms - 13[0m
[0mGET /api/refunds/tasks/next?type=REVIEW_VERIFY&worker_id=review-verifier [32m200[0m 1.188 ms - 13[0m
[0mGET /api/refunds/queue [32m200[0m 1.877 ms - 12[0m
[0mGET /api/refunds/tasks/next?type=WHATSAPP_BLAST&worker_id=whatsapp-campaign [32m200[0m 1.037 ms - 13[0m
[0mGET /api/refunds/tasks/next?type=REVIEW_VERIFY&worker_id=review-verifier [32m200[0m 1.779 ms - 13[0m
[0mGET /api/refunds/tasks/next?type=WHATSAPP_BLAST&worker_id=whatsapp-campaign [32m200[0m 0.931 ms - 13[0m
[0mGET /api/refunds/tasks/next?type=REVIEW_VERIFY&worker_id=review-verifier [32m200[0m 2.275 ms - 13[0m
[0mGET /api/refunds/tasks/next?type=WHATSAPP_BLAST&worker_id=whatsapp-campaign [32m200[0m 1.231 ms - 13[0m
[0mGET /api/refunds/tasks/next?type=REVIEW_VERIFY&worker_id=review-verifier [32m200[0m 0.734 ms - 13[0m
[0mGET /api/refunds/queue [32m200[0m 1.729 ms - 12[0m
[0mGET /api/refunds/tasks/next?type=WHATSAPP_BLAST&worker_id=whatsapp-campaign [32m200[0m 1.664 ms - 13[0m
[0mGET /api/refunds/tasks/next?type=REVIEW_VERIFY&worker_id=review-verifier [32m200[0m 1.040 ms - 13[0m
[0mGET /api/refunds/tasks/next?type=WHATSAPP_BLAST&worker_id=whatsapp-campaign [32m200[0m 1.051 ms - 13[0m
[0mGET /api/refunds/tasks/next?type=REVIEW_VERIFY&worker_id=review-verifier [32m200[0m 1.668 ms - 13[0m
[0mGET /api/refunds/tasks/next?type=WHATSAPP_BLAST&worker_id=whatsapp-campaign [32m200[0m 1.567 ms - 13[0m
[0mGET /api/refunds/tasks/next?type=REVIEW_VERIFY&worker_id=review-verifier [32m200[0m 1.498 ms - 13[0m
[0mGET /api/refunds/queue [32m200[0m 1.759 ms - 12[0m
[0mGET /api/refunds/tasks/next?type=WHATSAPP_BLAST&worker_id=whatsapp-campaign [32m200[0m 0.834 ms - 13[0m
[0mGET /api/refunds/tasks/next?type=REVIEW_VERIFY&worker_id=review-verifier [32m200[0m 2.176 ms - 13[0m
[0mGET /api/refunds/tasks/next?type=WHATSAPP_BLAST&worker_id=whatsapp-campaign [32m200[0m 1.703 ms - 13[0m
[0mGET /api/refunds/tasks/next?type=REVIEW_VERIFY&worker_id=review-verifier [32m200[0m 1.122 ms - 13[0m
[0mGET /api/refunds/tasks/next?type=WHATSAPP_BLAST&worker_id=whatsapp-campaign [32m200[0m 1.585 ms - 13[0m
[0mGET /api/refunds/tasks/next?type=REVIEW_VERIFY&worker_id=review-verifier [32m200[0m 1.155 ms - 13[0m
[0mGET /api/refunds/queue [32m200[0m 0.871 ms - 12[0m
[0mGET /api/refunds/tasks/next?type=WHATSAPP_BLAST&worker_id=whatsapp-campaign [32m200[0m 1.149 ms - 13[0m
[0mGET /api/refunds/tasks/next?type=REVIEW_VERIFY&worker_id=review-verifier [32m200[0m 1.206 ms - 13[0m
[0mGET /api/refunds/tasks/next?type=WHATSAPP_BLAST&worker_id=whatsapp-campaign [32m200[0m 1.923 ms - 13[0m
[0mGET /api/refunds/tasks/next?type=REVIEW_VERIFY&worker_id=review-verifier [32m200[0m 1.444 ms - 13[0m
[0mGET /api/refunds/tasks/next?type=WHATSAPP_BLAST&worker_id=whatsapp-campaign [32m200[0m 1.248 ms - 13[0m
[0mGET /api/refunds/tasks/next?type=REVIEW_VERIFY&worker_id=review-verifier [32m200[0m 1.941 ms - 13[0m
[0mGET /api/refunds/queue [32m200[0m 3.046 ms - 12[0m
[0mGET /api/refunds/tasks/next?type=WHATSAPP_BLAST&worker_id=whatsapp-campaign [32m200[0m 1.846 ms - 13[0m
[0mGET /api/refunds/tasks/next?type=REVIEW_VERIFY&worker_id=review-verifier [32m200[0m 1.283 ms - 13[0m
[0mGET /api/refunds/tasks/next?type=WHATSAPP_BLAST&worker_id=whatsapp-campaign [32m200[0m 0.815 ms - 13[0m
[0mGET /api/refunds/tasks/next?type=REVIEW_VERIFY&worker_id=review-verifier [32m200[0m 1.449 ms - 13[0m
[0mGET /api/refunds/tasks/next?type=WHATSAPP_BLAST&worker_id=whatsapp-campaign [32m200[0m 0.795 ms - 13[0m
[0mGET /api/refunds/tasks/next?type=REVIEW_VERIFY&worker_id=review-verifier [32m200[0m 1.203 ms - 13[0m
[0mGET /api/refunds/queue [32m200[0m 1.847 ms - 12[0m
[0mGET /api/refunds/tasks/next?type=WHATSAPP_BLAST&worker_id=whatsapp-campaign [32m200[0m 1.554 ms - 13[0m
[0mGET /api/refunds/tasks/next?type=REVIEW_VERIFY&worker_id=review-verifier [32m200[0m 1.260 ms - 13[0m
[0mGET /api/refunds/tasks/next?type=WHATSAPP_BLAST&worker_id=whatsapp-campaign [32m200[0m 0.906 ms - 13[0m
[0mGET /api/refunds/tasks/next?type=REVIEW_VERIFY&worker_id=review-verifier [32m200[0m 1.769 ms - 13[0m
[0mGET /api/refunds/tasks/next?type=WHATSAPP_BLAST&worker_id=whatsapp-campaign [32m200[0m 1.489 ms - 13[0m
[0mGET /api/refunds/tasks/next?type=REVIEW_VERIFY&worker_id=review-verifier [32m200[0m 1.148 ms - 13[0m
[0mGET /api/refunds/queue [32m200[0m 0.981 ms - 12[0m
[0mGET /api/refunds/tasks/next?type=WHATSAPP_BLAST&worker_id=whatsapp-campaign [32m200[0m 1.512 ms - 13[0m
[0mGET /api/refunds/tasks/next?type=REVIEW_VERIFY&worker_id=review-verifier [32m200[0m 1.373 ms - 13[0m
[0mGET /api/refunds/tasks/next?type=WHATSAPP_BLAST&worker_id=whatsapp-campaign [32m200[0m 0.974 ms - 13[0m
[0mGET /api/refunds/tasks/next?type=REVIEW_VERIFY&worker_id=review-verifier [32m200[0m 1.688 ms - 13[0m
[0mGET /api/refunds/tasks/next?type=WHATSAPP_BLAST&worker_id=whatsapp-campaign [32m200[0m 0.624 ms - 13[0m
[0mGET /api/refunds/tasks/next?type=REVIEW_VERIFY&worker_id=review-verifier [32m200[0m 1.251 ms - 13[0m
[0mGET /api/refunds/queue [32m200[0m 2.215 ms - 12[0m
[0mGET /api/refunds/tasks/next?type=WHATSAPP_BLAST&worker_id=whatsapp-campaign [32m200[0m 0.788 ms - 13[0m
[0mGET /api/refunds/tasks/next?type=REVIEW_VERIFY&worker_id=review-verifier [32m200[0m 1.533 ms - 13[0m
[0mGET /api/refunds/tasks/next?type=WHATSAPP_BLAST&worker_id=whatsapp-campaign [32m200[0m 1.075 ms - 13[0m
[0mGET /api/refunds/tasks/next?type=REVIEW_VERIFY&worker_id=review-verifier [32m200[0m 0.793 ms - 13[0m
[0mGET /api/refunds/tasks/next?type=WHATSAPP_BLAST&worker_id=whatsapp-campaign [32m200[0m 1.716 ms - 13[0m
[0mGET /api/refunds/tasks/next?type=REVIEW_VERIFY&worker_id=review-verifier [32m200[0m 1.170 ms - 13[0m
[0mGET /api/refunds/queue [32m200[0m 0.815 ms - 12[0m
[0mGET /api/refunds/tasks/next?type=WHATSAPP_BLAST&worker_id=whatsapp-campaign [32m200[0m 1.696 ms - 13[0m
[0mGET /api/refunds/tasks/next?type=REVIEW_VERIFY&worker_id=review-verifier [32m200[0m 0.843 ms - 13[0m
[0mGET /api/refunds/tasks/next?type=WHATSAPP_BLAST&worker_id=whatsapp-campaign [32m200[0m 1.419 ms - 13[0m
[0mGET /api/refunds/tasks/next?type=REVIEW_VERIFY&worker_id=review-verifier [32m200[0m 1.880 ms - 13[0m
[0mGET /api/refunds/tasks/next?type=WHATSAPP_BLAST&worker_id=whatsapp-campaign [32m200[0m 0.874 ms - 13[0m
[0mGET /api/refunds/tasks/next?type=REVIEW_VERIFY&worker_id=review-verifier [32m200[0m 1.101 ms - 13[0m
[0mGET /api/refunds/queue [32m200[0m 2.010 ms - 12[0m
[0mGET /api/refunds/tasks/next?type=WHATSAPP_BLAST&worker_id=whatsapp-campaign [32m200[0m 1.001 ms - 13[0m
[0mGET /api/refunds/tasks/next?type=REVIEW_VERIFY&worker_id=review-verifier [32m200[0m 1.669 ms - 13[0m
[0mGET /api/refunds/tasks/next?type=WHATSAPP_BLAST&worker_id=whatsapp-campaign [32m200[0m 1.160 ms - 13[0m
[0mGET /api/refunds/tasks/next?type=REVIEW_VERIFY&worker_id=review-verifier [32m200[0m 1.768 ms - 13[0m
[0mGET /api/refunds/tasks/next?type=WHATSAPP_BLAST&worker_id=whatsapp-campaign [32m200[0m 0.711 ms - 13[0m
[0mGET /api/refunds/tasks/next?type=REVIEW_VERIFY&worker_id=review-verifier [32m200[0m 2.010 ms - 13[0m
[0mGET /api/refunds/queue [32m200[0m 1.085 ms - 12[0m
[0mGET /api/refunds/tasks/next?type=WHATSAPP_BLAST&worker_id=whatsapp-campaign [32m200[0m 2.073 ms - 13[0m
[0mGET /api/refunds/tasks/next?type=REVIEW_VERIFY&worker_id=review-verifier [32m200[0m 1.145 ms - 13[0m
[0mGET /api/refunds/tasks/next?type=WHATSAPP_BLAST&worker_id=whatsapp-campaign [32m200[0m 2.939 ms - 13[0m
[0mGET /api/refunds/tasks/next?type=REVIEW_VERIFY&worker_id=review-verifier [32m200[0m 2.033 ms - 13[0m
[0mGET /api/refunds/tasks/next?type=WHATSAPP_BLAST&worker_id=whatsapp-campaign [32m200[0m 0.883 ms - 13[0m
[0mGET /api/refunds/tasks/next?type=REVIEW_VERIFY&worker_id=review-verifier [32m200[0m 2.166 ms - 13[0m
[0mGET /api/refunds/queue [32m200[0m 1.796 ms - 12[0m
[0mGET /api/refunds/tasks/next?type=WHATSAPP_BLAST&worker_id=whatsapp-campaign [32m200[0m 1.117 ms - 13[0m
[0mGET /api/refunds/tasks/next?type=REVIEW_VERIFY&worker_id=review-verifier [32m200[0m 0.800 ms - 13[0m
[0mGET /api/refunds/tasks/next?type=WHATSAPP_BLAST&worker_id=whatsapp-campaign [32m200[0m 1.514 ms - 13[0m
[0mGET /api/refunds/tasks/next?type=REVIEW_VERIFY&worker_id=review-verifier [32m200[0m 1.002 ms - 13[0m
[0mGET /api/refunds/tasks/next?type=WHATSAPP_BLAST&worker_id=whatsapp-campaign [32m200[0m 0.757 ms - 13[0m
[0mGET /api/refunds/tasks/next?type=REVIEW_VERIFY&worker_id=review-verifier [32m200[0m 0.906 ms - 13[0m
[0mGET /api/refunds/queue [32m200[0m 0.882 ms - 12[0m
[0mGET /api/refunds/tasks/next?type=WHATSAPP_BLAST&worker_id=whatsapp-campaign [32m200[0m 1.769 ms - 13[0m
[0mGET /api/refunds/tasks/next?type=REVIEW_VERIFY&worker_id=review-verifier [32m200[0m 0.992 ms - 13[0m
[0mGET /api/refunds/tasks/next?type=WHATSAPP_BLAST&worker_id=whatsapp-campaign [32m200[0m 1.828 ms - 13[0m
[0mGET /api/refunds/tasks/next?type=REVIEW_VERIFY&worker_id=review-verifier [32m200[0m 1.255 ms - 13[0m
[0mGET /api/refunds/tasks/next?type=WHATSAPP_BLAST&worker_id=whatsapp-campaign [32m200[0m 1.307 ms - 13[0m
[0mGET /api/refunds/tasks/next?type=REVIEW_VERIFY&worker_id=review-verifier [32m200[0m 2.114 ms - 13[0m
[0mGET /api/refunds/queue [32m200[0m 2.023 ms - 12[0m
[0mGET /api/refunds/tasks/next?type=WHATSAPP_BLAST&worker_id=whatsapp-campaign [32m200[0m 1.058 ms - 13[0m
[0mGET /api/refunds/tasks/next?type=REVIEW_VERIFY&worker_id=review-verifier [32m200[0m 1.715 ms - 13[0m
[0mGET /api/refunds/tasks/next?type=WHATSAPP_BLAST&worker_id=whatsapp-campaign [32m200[0m 0.755 ms - 13[0m
[0mGET /api/refunds/tasks/next?type=REVIEW_VERIFY&worker_id=review-verifier [32m200[0m 0.967 ms - 13[0m
[0mGET /api/refunds/tasks/next?type=WHATSAPP_BLAST&worker_id=whatsapp-campaign [32m200[0m 1.663 ms - 13[0m
[0mGET /api/refunds/tasks/next?type=REVIEW_VERIFY&worker_id=review-verifier [32m200[0m 0.693 ms - 13[0m
[0mGET /api/refunds/queue [32m200[0m 1.762 ms - 12[0m
[0mGET /api/refunds/tasks/next?type=WHATSAPP_BLAST&worker_id=whatsapp-campaign [32m200[0m 1.123 ms - 13[0m
[0mGET /api/refunds/tasks/next?type=REVIEW_VERIFY&worker_id=review-verifier [32m200[0m 0.702 ms - 13[0m
[0mGET /api/refunds/tasks/next?type=WHATSAPP_BLAST&worker_id=whatsapp-campaign [32m200[0m 1.028 ms - 13[0m
[0mGET /api/refunds/tasks/next?type=REVIEW_VERIFY&worker_id=review-verifier [32m200[0m 1.734 ms - 13[0m
[0mGET /api/refunds/tasks/next?type=WHATSAPP_BLAST&worker_id=whatsapp-campaign [32m200[0m 1.953 ms - 13[0m
[0mGET /api/refunds/tasks/next?type=REVIEW_VERIFY&worker_id=review-verifier [32m200[0m 3.057 ms - 13[0m
[0mGET /api/refunds/queue [32m200[0m 1.762 ms - 12[0m
[0mGET /api/refunds/tasks/next?type=WHATSAPP_BLAST&worker_id=whatsapp-campaign [32m200[0m 0.730 ms - 13[0m
[0mGET /api/refunds/tasks/next?type=REVIEW_VERIFY&worker_id=review-verifier [32m200[0m 1.650 ms - 13[0m
[0mGET /api/refunds/tasks/next?type=WHATSAPP_BLAST&worker_id=whatsapp-campaign [32m200[0m 1.826 ms - 13[0m
[0mGET /api/refunds/tasks/next?type=REVIEW_VERIFY&worker_id=review-verifier [32m200[0m 1.693 ms - 13[0m
[0mGET /api/refunds/tasks/next?type=WHATSAPP_BLAST&worker_id=whatsapp-campaign [32m200[0m 1.638 ms - 13[0m
[0mGET /api/refunds/tasks/next?type=REVIEW_VERIFY&worker_id=review-verifier [32m200[0m 0.794 ms - 13[0m
[0mGET /api/refunds/queue [32m200[0m 1.171 ms - 12[0m
[0mGET /api/refunds/tasks/next?type=WHATSAPP_BLAST&worker_id=whatsapp-campaign [32m200[0m 1.569 ms - 13[0m
[0mGET /api/refunds/tasks/next?type=REVIEW_VERIFY&worker_id=review-verifier [32m200[0m 1.683 ms - 13[0m
[0mGET /api/refunds/tasks/next?type=WHATSAPP_BLAST&worker_id=whatsapp-campaign [32m200[0m 1.323 ms - 13[0m
[0mGET /api/refunds/tasks/next?type=REVIEW_VERIFY&worker_id=review-verifier [32m200[0m 1.521 ms - 13[0m
[0mGET /api/refunds/tasks/next?type=WHATSAPP_BLAST&worker_id=whatsapp-campaign [32m200[0m 1.213 ms - 13[0m
[0mGET /api/refunds/tasks/next?type=REVIEW_VERIFY&worker_id=review-verifier [32m200[0m 1.136 ms - 13[0m
[0mGET /api/refunds/queue [32m200[0m 1.850 ms - 12[0m
[0mGET /api/refunds/tasks/next?type=WHATSAPP_BLAST&worker_id=whatsapp-campaign [32m200[0m 1.651 ms - 13[0m
[0mGET /api/refunds/tasks/next?type=REVIEW_VERIFY&worker_id=review-verifier [32m200[0m 0.705 ms - 13[0m
[0mGET /api/refunds/tasks/next?type=WHATSAPP_BLAST&worker_id=whatsapp-campaign [32m200[0m 2.008 ms - 13[0m
[0mGET /api/refunds/tasks/next?type=REVIEW_VERIFY&worker_id=review-verifier [32m200[0m 1.893 ms - 13[0m
[0mGET /api/refunds/tasks/next?type=WHATSAPP_BLAST&worker_id=whatsapp-campaign [32m200[0m 1.708 ms - 13[0m
[0mGET /api/refunds/tasks/next?type=REVIEW_VERIFY&worker_id=review-verifier [32m200[0m 1.515 ms - 13[0m
[0mGET /api/refunds/queue [32m200[0m 2.579 ms - 12[0m
[0mGET /api/refunds/tasks/next?type=WHATSAPP_BLAST&worker_id=whatsapp-campaign [32m200[0m 0.909 ms - 13[0m
[0mGET /api/refunds/tasks/next?type=REVIEW_VERIFY&worker_id=review-verifier [32m200[0m 1.254 ms - 13[0m
[0mGET /api/refunds/tasks/next?type=WHATSAPP_BLAST&worker_id=whatsapp-campaign [32m200[0m 0.920 ms - 13[0m
[0mGET /api/refunds/tasks/next?type=REVIEW_VERIFY&worker_id=review-verifier [32m200[0m 0.651 ms - 13[0m
[0mGET /api/refunds/tasks/next?type=WHATSAPP_BLAST&worker_id=whatsapp-campaign [32m200[0m 1.271 ms - 13[0m
[0mGET /api/refunds/tasks/next?type=REVIEW_VERIFY&worker_id=review-verifier [32m200[0m 1.229 ms - 13[0m
[0mGET /api/refunds/queue [32m200[0m 1.184 ms - 12[0m
[0mGET /api/refunds/tasks/next?type=WHATSAPP_BLAST&worker_id=whatsapp-campaign [32m200[0m 0.858 ms - 13[0m
[0mGET /api/refunds/tasks/next?type=REVIEW_VERIFY&worker_id=review-verifier [32m200[0m 1.712 ms - 13[0m
[0mGET /api/refunds/tasks/next?type=WHATSAPP_BLAST&worker_id=whatsapp-campaign [32m200[0m 1.217 ms - 13[0m
[0mGET /api/refunds/tasks/next?type=REVIEW_VERIFY&worker_id=review-verifier [32m200[0m 1.725 ms - 13[0m
[0mGET /api/refunds/tasks/next?type=WHATSAPP_BLAST&worker_id=whatsapp-campaign [32m200[0m 0.728 ms - 13[0m
[0mGET /api/refunds/tasks/next?type=REVIEW_VERIFY&worker_id=review-verifier [32m200[0m 1.850 ms - 13[0m
[0mGET /api/refunds/queue [32m200[0m 1.849 ms - 12[0m
[0mGET /api/refunds/tasks/next?type=WHATSAPP_BLAST&worker_id=whatsapp-campaign [32m200[0m 1.842 ms - 13[0m
[0mGET /api/refunds/tasks/next?type=REVIEW_VERIFY&worker_id=review-verifier [32m200[0m 2.130 ms - 13[0m
[0mGET /api/refunds/tasks/next?type=WHATSAPP_BLAST&worker_id=whatsapp-campaign [32m200[0m 2.060 ms - 13[0m
[0mGET /api/refunds/tasks/next?type=REVIEW_VERIFY&worker_id=review-verifier [32m200[0m 0.660 ms - 13[0m
[0mGET /api/refunds/tasks/next?type=WHATSAPP_BLAST&worker_id=whatsapp-campaign [32m200[0m 1.173 ms - 13[0m
[0mGET /api/refunds/tasks/next?type=REVIEW_VERIFY&worker_id=review-verifier [32m200[0m 1.045 ms - 13[0m
[0mGET /api/refunds/queue [32m200[0m 0.931 ms - 12[0m
[0mGET /api/refunds/tasks/next?type=WHATSAPP_BLAST&worker_id=whatsapp-campaign [32m200[0m 1.193 ms - 13[0m
[0mGET /api/refunds/tasks/next?type=REVIEW_VERIFY&worker_id=review-verifier [32m200[0m 1.047 ms - 13[0m
[0mGET /api/refunds/tasks/next?type=WHATSAPP_BLAST&worker_id=whatsapp-campaign [32m200[0m 1.652 ms - 13[0m
[0mGET /api/refunds/tasks/next?type=REVIEW_VERIFY&worker_id=review-verifier [32m200[0m 0.913 ms - 13[0m
[0mGET /api/refunds/tasks/next?type=WHATSAPP_BLAST&worker_id=whatsapp-campaign [32m200[0m 0.733 ms - 13[0m
[0mGET /api/refunds/tasks/next?type=REVIEW_VERIFY&worker_id=review-verifier [32m200[0m 1.319 ms - 13[0m
[0mGET /api/refunds/queue [32m200[0m 2.268 ms - 12[0m
[0mGET /api/refunds/tasks/next?type=WHATSAPP_BLAST&worker_id=whatsapp-campaign [32m200[0m 0.719 ms - 13[0m
[0mGET /api/refunds/tasks/next?type=REVIEW_VERIFY&worker_id=review-verifier [32m200[0m 1.584 ms - 13[0m
[0mGET /api/refunds/tasks/next?type=WHATSAPP_BLAST&worker_id=whatsapp-campaign [32m200[0m 0.991 ms - 13[0m
[0mGET /api/refunds/tasks/next?type=REVIEW_VERIFY&worker_id=review-verifier [32m200[0m 1.851 ms - 13[0m
[0mGET /api/refunds/tasks/next?type=WHATSAPP_BLAST&worker_id=whatsapp-campaign [32m200[0m 0.981 ms - 13[0m
[0mGET /api/refunds/tasks/next?type=REVIEW_VERIFY&worker_id=review-verifier [32m200[0m 1.523 ms - 13[0m
[0mGET /api/refunds/queue [32m200[0m 0.946 ms - 12[0m
[0mGET /api/refunds/tasks/next?type=WHATSAPP_BLAST&worker_id=whatsapp-campaign [32m200[0m 0.690 ms - 13[0m
[0mGET /api/refunds/tasks/next?type=REVIEW_VERIFY&worker_id=review-verifier [32m200[0m 1.840 ms - 13[0m
[0mGET /api/refunds/tasks/next?type=WHATSAPP_BLAST&worker_id=whatsapp-campaign [32m200[0m 0.731 ms - 13[0m
[0mGET /api/refunds/tasks/next?type=REVIEW_VERIFY&worker_id=review-verifier [32m200[0m 1.593 ms - 13[0m
[0mGET /api/refunds/tasks/next?type=WHATSAPP_BLAST&worker_id=whatsapp-campaign [32m200[0m 1.895 ms - 13[0m
[0mGET /api/refunds/tasks/next?type=REVIEW_VERIFY&worker_id=review-verifier [32m200[0m 1.524 ms - 13[0m
[0mGET /api/refunds/queue [32m200[0m 2.041 ms - 12[0m
[0mGET /api/refunds/tasks/next?type=WHATSAPP_BLAST&worker_id=whatsapp-campaign [32m200[0m 1.601 ms - 13[0m
[0mGET /api/refunds/tasks/next?type=REVIEW_VERIFY&worker_id=review-verifier [32m200[0m 1.417 ms - 13[0m
[0mGET /api/refunds/tasks/next?type=WHATSAPP_BLAST&worker_id=whatsapp-campaign [32m200[0m 1.985 ms - 13[0m
[0mGET /api/refunds/tasks/next?type=REVIEW_VERIFY&worker_id=review-verifier [32m200[0m 0.818 ms - 13[0m
[0mGET /api/refunds/tasks/next?type=WHATSAPP_BLAST&worker_id=whatsapp-campaign [32m200[0m 1.403 ms - 13[0m
[0mGET /api/refunds/tasks/next?type=REVIEW_VERIFY&worker_id=review-verifier [32m200[0m 0.787 ms - 13[0m
[0mGET /api/refunds/queue [32m200[0m 1.788 ms - 12[0m
[0mGET /api/refunds/tasks/next?type=WHATSAPP_BLAST&worker_id=whatsapp-campaign [32m200[0m 0.927 ms - 13[0m
[0mGET /api/refunds/tasks/next?type=REVIEW_VERIFY&worker_id=review-verifier [32m200[0m 0.875 ms - 13[0m
[0mGET /api/refunds/tasks/next?type=WHATSAPP_BLAST&worker_id=whatsapp-campaign [32m200[0m 1.115 ms - 13[0m
[0mGET /api/refunds/tasks/next?type=REVIEW_VERIFY&worker_id=review-verifier [32m200[0m 1.529 ms - 13[0m
[0mGET /api/refunds/tasks/next?type=WHATSAPP_BLAST&worker_id=whatsapp-campaign [32m200[0m 0.972 ms - 13[0m
[0mGET /api/refunds/tasks/next?type=REVIEW_VERIFY&worker_id=review-verifier [32m200[0m 0.819 ms - 13[0m
[0mGET /api/refunds/queue [32m200[0m 1.164 ms - 12[0m
[0mGET /api/refunds/tasks/next?type=WHATSAPP_BLAST&worker_id=whatsapp-campaign [32m200[0m 1.793 ms - 13[0m
[0mGET /api/refunds/tasks/next?type=REVIEW_VERIFY&worker_id=review-verifier [32m200[0m 1.568 ms - 13[0m
[0mGET /api/refunds/tasks/next?type=WHATSAPP_BLAST&worker_id=whatsapp-campaign [32m200[0m 0.612 ms - 13[0m
[0mGET /api/refunds/tasks/next?type=REVIEW_VERIFY&worker_id=review-verifier [32m200[0m 1.913 ms - 13[0m
[0mGET /api/refunds/tasks/next?type=WHATSAPP_BLAST&worker_id=whatsapp-campaign [32m200[0m 0.782 ms - 13[0m
[0mGET /api/refunds/tasks/next?type=REVIEW_VERIFY&worker_id=review-verifier [32m200[0m 1.866 ms - 13[0m
[0mGET /api/refunds/queue [32m200[0m 1.118 ms - 12[0m
[0mGET /api/refunds/tasks/next?type=WHATSAPP_BLAST&worker_id=whatsapp-campaign [32m200[0m 2.011 ms - 13[0m
[0mGET /api/refunds/tasks/next?type=REVIEW_VERIFY&worker_id=review-verifier [32m200[0m 0.978 ms - 13[0m
[0mGET /api/refunds/tasks/next?type=WHATSAPP_BLAST&worker_id=whatsapp-campaign [32m200[0m 1.996 ms - 13[0m
[0mGET /api/refunds/tasks/next?type=REVIEW_VERIFY&worker_id=review-verifier [32m200[0m 0.847 ms - 13[0m
[0mGET /api/refunds/tasks/next?type=WHATSAPP_BLAST&worker_id=whatsapp-campaign [32m200[0m 0.986 ms - 13[0m
[0mGET /api/refunds/tasks/next?type=REVIEW_VERIFY&worker_id=review-verifier [32m200[0m 1.772 ms - 13[0m
[0mGET /api/refunds/queue [32m200[0m 2.134 ms - 12[0m
[0mGET /api/refunds/tasks/next?type=WHATSAPP_BLAST&worker_id=whatsapp-campaign [32m200[0m 1.329 ms - 13[0m
[0mGET /api/refunds/tasks/next?type=REVIEW_VERIFY&worker_id=review-verifier [32m200[0m 1.732 ms - 13[0m
[0mGET /api/refunds/tasks/next?type=WHATSAPP_BLAST&worker_id=whatsapp-campaign [32m200[0m 1.898 ms - 13[0m
[0mGET /api/refunds/tasks/next?type=REVIEW_VERIFY&worker_id=review-verifier [32m200[0m 0.608 ms - 13[0m
[0mGET /api/refunds/tasks/next?type=WHATSAPP_BLAST&worker_id=whatsapp-campaign [32m200[0m 1.632 ms - 13[0m
[0mGET /api/refunds/tasks/next?type=REVIEW_VERIFY&worker_id=review-verifier [32m200[0m 0.811 ms - 13[0m
[0mGET /api/refunds/queue [32m200[0m 1.895 ms - 12[0m
[0mGET /api/refunds/tasks/next?type=WHATSAPP_BLAST&worker_id=whatsapp-campaign [32m200[0m 0.995 ms - 13[0m
[0mGET /api/refunds/tasks/next?type=REVIEW_VERIFY&worker_id=review-verifier [32m200[0m 0.620 ms - 13[0m
[0mGET /api/refunds/tasks/next?type=WHATSAPP_BLAST&worker_id=whatsapp-campaign [32m200[0m 1.330 ms - 13[0m
[0mGET /api/refunds/tasks/next?type=REVIEW_VERIFY&worker_id=review-verifier [32m200[0m 0.645 ms - 13[0m
[0mGET /api/refunds/tasks/next?type=WHATSAPP_BLAST&worker_id=whatsapp-campaign [32m200[0m 0.961 ms - 13[0m
[0mGET /api/refunds/tasks/next?type=REVIEW_VERIFY&worker_id=review-verifier [32m200[0m 0.609 ms - 13[0m
[0mGET /api/refunds/queue [32m200[0m 0.742 ms - 12[0m
[0mGET /api/refunds/tasks/next?type=WHATSAPP_BLAST&worker_id=whatsapp-campaign [32m200[0m 2.300 ms - 13[0m
[0mGET /api/refunds/tasks/next?type=REVIEW_VERIFY&worker_id=review-verifier [32m200[0m 1.603 ms - 13[0m
[0mGET /api/refunds/tasks/next?type=WHATSAPP_BLAST&worker_id=whatsapp-campaign [32m200[0m 1.604 ms - 13[0m
[0mGET /api/refunds/tasks/next?type=REVIEW_VERIFY&worker_id=review-verifier [32m200[0m 2.148 ms - 13[0m
[0mGET /api/refunds/tasks/next?type=WHATSAPP_BLAST&worker_id=whatsapp-campaign [32m200[0m 2.179 ms - 13[0m
[0mGET /api/refunds/tasks/next?type=REVIEW_VERIFY&worker_id=review-verifier [32m200[0m 1.531 ms - 13[0m
[0mGET /api/refunds/queue [32m200[0m 1.134 ms - 12[0m
[0mGET /api/refunds/tasks/next?type=WHATSAPP_BLAST&worker_id=whatsapp-campaign [32m200[0m 1.962 ms - 13[0m
[0mGET /api/refunds/tasks/next?type=REVIEW_VERIFY&worker_id=review-verifier [32m200[0m 0.784 ms - 13[0m
[0mGET /api/refunds/tasks/next?type=WHATSAPP_BLAST&worker_id=whatsapp-campaign [32m200[0m 1.252 ms - 13[0m
[0mGET /api/refunds/tasks/next?type=REVIEW_VERIFY&worker_id=review-verifier [32m200[0m 0.922 ms - 13[0m
[0mGET /api/refunds/tasks/next?type=WHATSAPP_BLAST&worker_id=whatsapp-campaign [32m200[0m 2.039 ms - 13[0m
[0mGET /api/refunds/tasks/next?type=REVIEW_VERIFY&worker_id=review-verifier [32m200[0m 0.954 ms - 13[0m
[0mGET /api/refunds/queue [32m200[0m 0.981 ms - 12[0m
[0mGET /api/refunds/tasks/next?type=WHATSAPP_BLAST&worker_id=whatsapp-campaign [32m200[0m 2.248 ms - 13[0m
[0mGET /api/refunds/tasks/next?type=REVIEW_VERIFY&worker_id=review-verifier [32m200[0m 1.564 ms - 13[0m
[0mGET /api/refunds/tasks/next?type=WHATSAPP_BLAST&worker_id=whatsapp-campaign [32m200[0m 0.865 ms - 13[0m
[0mGET /api/refunds/tasks/next?type=REVIEW_VERIFY&worker_id=review-verifier [32m200[0m 0.985 ms - 13[0m
[0mGET /api/refunds/tasks/next?type=WHATSAPP_BLAST&worker_id=whatsapp-campaign [32m200[0m 1.579 ms - 13[0m
[0mGET /api/refunds/tasks/next?type=REVIEW_VERIFY&worker_id=review-verifier [32m200[0m 2.097 ms - 13[0m
[0mGET /api/refunds/queue [32m200[0m 2.236 ms - 12[0m
[0mGET /api/refunds/tasks/next?type=WHATSAPP_BLAST&worker_id=whatsapp-campaign [32m200[0m 1.600 ms - 13[0m
[0mGET /api/refunds/tasks/next?type=REVIEW_VERIFY&worker_id=review-verifier [32m200[0m 1.940 ms - 13[0m
[0mGET /api/refunds/tasks/next?type=WHATSAPP_BLAST&worker_id=whatsapp-campaign [32m200[0m 1.292 ms - 13[0m
[0mGET /api/refunds/tasks/next?type=REVIEW_VERIFY&worker_id=review-verifier [32m200[0m 1.962 ms - 13[0m
[0mGET /api/refunds/tasks/next?type=WHATSAPP_BLAST&worker_id=whatsapp-campaign [32m200[0m 1.397 ms - 13[0m
[0mGET /api/refunds/tasks/next?type=REVIEW_VERIFY&worker_id=review-verifier [32m200[0m 2.002 ms - 13[0m
[0mGET /api/refunds/queue [32m200[0m 0.824 ms - 12[0m
[0mGET /api/refunds/tasks/next?type=WHATSAPP_BLAST&worker_id=whatsapp-campaign [32m200[0m 1.745 ms - 13[0m
[0mGET /api/refunds/tasks/next?type=REVIEW_VERIFY&worker_id=review-verifier [32m200[0m 1.253 ms - 13[0m
[0mGET /api/refunds/tasks/next?type=WHATSAPP_BLAST&worker_id=whatsapp-campaign [32m200[0m 0.744 ms - 13[0m
[0mGET /api/refunds/tasks/next?type=REVIEW_VERIFY&worker_id=review-verifier [32m200[0m 1.483 ms - 13[0m
[0mGET /api/refunds/tasks/next?type=WHATSAPP_BLAST&worker_id=whatsapp-campaign [32m200[0m 1.758 ms - 13[0m
[0mGET /api/refunds/tasks/next?type=REVIEW_VERIFY&worker_id=review-verifier [32m200[0m 1.526 ms - 13[0m
[0mGET /api/refunds/queue [32m200[0m 1.719 ms - 12[0m
[0mGET /api/refunds/tasks/next?type=WHATSAPP_BLAST&worker_id=whatsapp-campaign [32m200[0m 1.790 ms - 13[0m
[0mGET /api/refunds/tasks/next?type=REVIEW_VERIFY&worker_id=review-verifier [32m200[0m 1.976 ms - 13[0m
[0mGET /api/refunds/tasks/next?type=WHATSAPP_BLAST&worker_id=whatsapp-campaign [32m200[0m 2.140 ms - 13[0m
[0mGET /api/refunds/tasks/next?type=REVIEW_VERIFY&worker_id=review-verifier [32m200[0m 0.747 ms - 13[0m
[0mGET /api/refunds/tasks/next?type=WHATSAPP_BLAST&worker_id=whatsapp-campaign [32m200[0m 2.099 ms - 13[0m
[0mGET /api/refunds/tasks/next?type=REVIEW_VERIFY&worker_id=review-verifier [32m200[0m 0.815 ms - 13[0m
[0mGET /api/refunds/queue [32m200[0m 0.922 ms - 12[0m
[0mGET /api/refunds/tasks/next?type=WHATSAPP_BLAST&worker_id=whatsapp-campaign [32m200[0m 1.196 ms - 13[0m
[0mGET /api/refunds/tasks/next?type=REVIEW_VERIFY&worker_id=review-verifier [32m200[0m 0.736 ms - 13[0m
[0mGET /api/refunds/tasks/next?type=WHATSAPP_BLAST&worker_id=whatsapp-campaign [32m200[0m 0.863 ms - 13[0m
[0mGET /api/refunds/tasks/next?type=REVIEW_VERIFY&worker_id=review-verifier [32m200[0m 0.819 ms - 13[0m
[0mGET /api/refunds/tasks/next?type=WHATSAPP_BLAST&worker_id=whatsapp-campaign [32m200[0m 1.341 ms - 13[0m
[0mGET /api/refunds/tasks/next?type=REVIEW_VERIFY&worker_id=review-verifier [32m200[0m 1.874 ms - 13[0m
[0mGET /api/refunds/queue [32m200[0m 1.744 ms - 12[0m
[0mGET /api/refunds/tasks/next?type=WHATSAPP_BLAST&worker_id=whatsapp-campaign [32m200[0m 1.962 ms - 13[0m
[0mGET /api/refunds/tasks/next?type=REVIEW_VERIFY&worker_id=review-verifier [32m200[0m 2.248 ms - 13[0m
[0mGET /api/refunds/tasks/next?type=WHATSAPP_BLAST&worker_id=whatsapp-campaign [32m200[0m 1.045 ms - 13[0m
[0mGET /api/refunds/tasks/next?type=REVIEW_VERIFY&worker_id=review-verifier [32m200[0m 1.925 ms - 13[0m
[0mGET /api/refunds/tasks/next?type=WHATSAPP_BLAST&worker_id=whatsapp-campaign [32m200[0m 0.719 ms - 13[0m
[0mGET /api/refunds/tasks/next?type=REVIEW_VERIFY&worker_id=review-verifier [32m200[0m 1.714 ms - 13[0m
[0mGET /api/refunds/queue [32m200[0m 2.350 ms - 12[0m
[0mGET /api/refunds/tasks/next?type=WHATSAPP_BLAST&worker_id=whatsapp-campaign [32m200[0m 2.014 ms - 13[0m
[0mGET /api/refunds/tasks/next?type=REVIEW_VERIFY&worker_id=review-verifier [32m200[0m 1.107 ms - 13[0m
[0mGET /api/refunds/tasks/next?type=WHATSAPP_BLAST&worker_id=whatsapp-campaign [32m200[0m 1.569 ms - 13[0m
[0mGET /api/refunds/tasks/next?type=REVIEW_VERIFY&worker_id=review-verifier [32m200[0m 2.281 ms - 13[0m
[0mGET /api/refunds/tasks/next?type=WHATSAPP_BLAST&worker_id=whatsapp-campaign [32m200[0m 1.735 ms - 13[0m
[0mGET /api/refunds/tasks/next?type=REVIEW_VERIFY&worker_id=review-verifier [32m200[0m 1.023 ms - 13[0m
[0mGET /api/refunds/queue [32m200[0m 2.305 ms - 12[0m
[0mGET /api/refunds/tasks/next?type=WHATSAPP_BLAST&worker_id=whatsapp-campaign [32m200[0m 1.451 ms - 13[0m
[0mGET /api/refunds/tasks/next?type=REVIEW_VERIFY&worker_id=review-verifier [32m200[0m 2.060 ms - 13[0m
[0mGET /api/refunds/tasks/next?type=WHATSAPP_BLAST&worker_id=whatsapp-campaign [32m200[0m 0.844 ms - 13[0m
[0mGET /api/refunds/tasks/next?type=REVIEW_VERIFY&worker_id=review-verifier [32m200[0m 2.017 ms - 13[0m
[0mGET /api/refunds/tasks/next?type=WHATSAPP_BLAST&worker_id=whatsapp-campaign [32m200[0m 1.828 ms - 13[0m
[0mGET /api/refunds/tasks/next?type=REVIEW_VERIFY&worker_id=review-verifier [32m200[0m 1.889 ms - 13[0m
[0mGET /api/refunds/queue [32m200[0m 0.840 ms - 12[0m
[0mGET /api/refunds/tasks/next?type=WHATSAPP_BLAST&worker_id=whatsapp-campaign [32m200[0m 1.436 ms - 13[0m
[0mGET /api/refunds/tasks/next?type=REVIEW_VERIFY&worker_id=review-verifier [32m200[0m 2.528 ms - 13[0m
[0mGET /api/refunds/tasks/next?type=WHATSAPP_BLAST&worker_id=whatsapp-campaign [32m200[0m 0.953 ms - 13[0m
[0mGET /api/refunds/tasks/next?type=REVIEW_VERIFY&worker_id=review-verifier [32m200[0m 1.695 ms - 13[0m
[0mGET /api/refunds/tasks/next?type=WHATSAPP_BLAST&worker_id=whatsapp-campaign [32m200[0m 0.704 ms - 13[0m
[0mGET /api/refunds/tasks/next?type=REVIEW_VERIFY&worker_id=review-verifier [32m200[0m 1.776 ms - 13[0m
[0mGET /api/refunds/queue [32m200[0m 1.463 ms - 12[0m
[0mGET /api/refunds/tasks/next?type=WHATSAPP_BLAST&worker_id=whatsapp-campaign [32m200[0m 1.712 ms - 13[0m
[0mGET /api/refunds/tasks/next?type=REVIEW_VERIFY&worker_id=review-verifier [32m200[0m 2.480 ms - 13[0m
[0mGET /api/refunds/tasks/next?type=WHATSAPP_BLAST&worker_id=whatsapp-campaign [32m200[0m 0.779 ms - 13[0m
[0mGET /api/refunds/tasks/next?type=REVIEW_VERIFY&worker_id=review-verifier [32m200[0m 0.812 ms - 13[0m
[0mGET /api/refunds/tasks/next?type=WHATSAPP_BLAST&worker_id=whatsapp-campaign [32m200[0m 1.445 ms - 13[0m
[0mGET /api/refunds/tasks/next?type=REVIEW_VERIFY&worker_id=review-verifier [32m200[0m 1.438 ms - 13[0m
[0mGET /api/refunds/queue [32m200[0m 0.927 ms - 12[0m
[0mGET /api/refunds/tasks/next?type=WHATSAPP_BLAST&worker_id=whatsapp-campaign [32m200[0m 0.841 ms - 13[0m
[0mGET /api/refunds/tasks/next?type=REVIEW_VERIFY&worker_id=review-verifier [32m200[0m 0.664 ms - 13[0m
[0mGET /api/refunds/tasks/next?type=WHATSAPP_BLAST&worker_id=whatsapp-campaign [32m200[0m 0.691 ms - 13[0m
[0mGET /api/refunds/tasks/next?type=REVIEW_VERIFY&worker_id=review-verifier [32m200[0m 1.180 ms - 13[0m
[0mGET /api/refunds/tasks/next?type=WHATSAPP_BLAST&worker_id=whatsapp-campaign [32m200[0m 0.695 ms - 13[0m
[0mGET /api/refunds/tasks/next?type=REVIEW_VERIFY&worker_id=review-verifier [32m200[0m 1.640 ms - 13[0m
[0mGET /api/refunds/queue [32m200[0m 1.361 ms - 12[0m
[0mGET /api/refunds/tasks/next?type=WHATSAPP_BLAST&worker_id=whatsapp-campaign [32m200[0m 1.042 ms - 13[0m
[0mGET /api/refunds/tasks/next?type=REVIEW_VERIFY&worker_id=review-verifier [32m200[0m 1.761 ms - 13[0m
[0mGET /api/refunds/tasks/next?type=WHATSAPP_BLAST&worker_id=whatsapp-campaign [32m200[0m 1.356 ms - 13[0m
[0mGET /api/refunds/tasks/next?type=REVIEW_VERIFY&worker_id=review-verifier [32m200[0m 1.569 ms - 13[0m
[0mGET /api/refunds/tasks/next?type=WHATSAPP_BLAST&worker_id=whatsapp-campaign [32m200[0m 1.243 ms - 13[0m
[0mGET /api/refunds/tasks/next?type=REVIEW_VERIFY&worker_id=review-verifier [32m200[0m 2.063 ms - 13[0m
[0mGET /api/refunds/queue [32m200[0m 1.729 ms - 12[0m
[0mGET /api/refunds/tasks/next?type=WHATSAPP_BLAST&worker_id=whatsapp-campaign [32m200[0m 0.848 ms - 13[0m
[0mGET /api/refunds/tasks/next?type=REVIEW_VERIFY&worker_id=review-verifier [32m200[0m 0.997 ms - 13[0m
[0mGET /api/refunds/tasks/next?type=WHATSAPP_BLAST&worker_id=whatsapp-campaign [32m200[0m 0.712 ms - 13[0m
[0mGET /api/refunds/tasks/next?type=REVIEW_VERIFY&worker_id=review-verifier [32m200[0m 1.905 ms - 13[0m
[0mGET /api/refunds/tasks/next?type=WHATSAPP_BLAST&worker_id=whatsapp-campaign [32m200[0m 1.861 ms - 13[0m
[0mGET /api/refunds/tasks/next?type=REVIEW_VERIFY&worker_id=review-verifier [32m200[0m 1.033 ms - 13[0m
[0mGET /api/refunds/queue [32m200[0m 2.294 ms - 12[0m
[0mGET /api/refunds/tasks/next?type=WHATSAPP_BLAST&worker_id=whatsapp-campaign [32m200[0m 2.523 ms - 13[0m
[0mGET /api/refunds/tasks/next?type=REVIEW_VERIFY&worker_id=review-verifier [32m200[0m 1.289 ms - 13[0m
[0mGET /api/refunds/tasks/next?type=WHATSAPP_BLAST&worker_id=whatsapp-campaign [32m200[0m 0.615 ms - 13[0m
[0mGET /api/refunds/tasks/next?type=REVIEW_VERIFY&worker_id=review-verifier [32m200[0m 1.299 ms - 13[0m
[0mGET /api/refunds/tasks/next?type=WHATSAPP_BLAST&worker_id=whatsapp-campaign [32m200[0m 1.699 ms - 13[0m
[0mGET /api/refunds/tasks/next?type=REVIEW_VERIFY&worker_id=review-verifier [32m200[0m 1.602 ms - 13[0m
[0mGET /api/refunds/queue [32m200[0m 0.895 ms - 12[0m
[0mGET /api/refunds/tasks/next?type=WHATSAPP_BLAST&worker_id=whatsapp-campaign [32m200[0m 1.761 ms - 13[0m
[0mGET /api/refunds/tasks/next?type=REVIEW_VERIFY&worker_id=review-verifier [32m200[0m 1.188 ms - 13[0m
[0mGET /api/refunds/tasks/next?type=WHATSAPP_BLAST&worker_id=whatsapp-campaign [32m200[0m 2.024 ms - 13[0m
[0mGET /api/refunds/tasks/next?type=REVIEW_VERIFY&worker_id=review-verifier [32m200[0m 0.673 ms - 13[0m
[0mGET /api/refunds/tasks/next?type=WHATSAPP_BLAST&worker_id=whatsapp-campaign [32m200[0m 1.826 ms - 13[0m
[0mGET /api/refunds/tasks/next?type=REVIEW_VERIFY&worker_id=review-verifier [32m200[0m 0.808 ms - 13[0m
[0mGET /api/refunds/queue [32m200[0m 2.129 ms - 12[0m
[0mGET /api/refunds/tasks/next?type=WHATSAPP_BLAST&worker_id=whatsapp-campaign [32m200[0m 0.667 ms - 13[0m
[0mGET /api/refunds/tasks/next?type=REVIEW_VERIFY&worker_id=review-verifier [32m200[0m 1.820 ms - 13[0m
[0mGET /api/refunds/tasks/next?type=WHATSAPP_BLAST&worker_id=whatsapp-campaign [32m200[0m 0.881 ms - 13[0m
[0mGET /api/refunds/tasks/next?type=REVIEW_VERIFY&worker_id=review-verifier [32m200[0m 1.688 ms - 13[0m
[0mGET /api/refunds/tasks/next?type=WHATSAPP_BLAST&worker_id=whatsapp-campaign [32m200[0m 2.086 ms - 13[0m
[0mGET /api/refunds/tasks/next?type=REVIEW_VERIFY&worker_id=review-verifier [32m200[0m 1.364 ms - 13[0m
[0mGET /api/refunds/queue [32m200[0m 1.895 ms - 12[0m
[0mGET /api/refunds/tasks/next?type=WHATSAPP_BLAST&worker_id=whatsapp-campaign [32m200[0m 1.261 ms - 13[0m
[0mGET /api/refunds/tasks/next?type=REVIEW_VERIFY&worker_id=review-verifier [32m200[0m 0.839 ms - 13[0m
[0mGET /api/refunds/tasks/next?type=WHATSAPP_BLAST&worker_id=whatsapp-campaign [32m200[0m 0.802 ms - 13[0m
[0mGET /api/refunds/tasks/next?type=REVIEW_VERIFY&worker_id=review-verifier [32m200[0m 0.919 ms - 13[0m
[0mGET /api/refunds/tasks/next?type=WHATSAPP_BLAST&worker_id=whatsapp-campaign [32m200[0m 1.164 ms - 13[0m
[0mGET /api/refunds/tasks/next?type=REVIEW_VERIFY&worker_id=review-verifier [32m200[0m 0.949 ms - 13[0m
[0mGET /api/refunds/queue [32m200[0m 2.004 ms - 12[0m
[0mGET /api/refunds/tasks/next?type=WHATSAPP_BLAST&worker_id=whatsapp-campaign [32m200[0m 1.847 ms - 13[0m
[0mGET /api/refunds/tasks/next?type=REVIEW_VERIFY&worker_id=review-verifier [32m200[0m 1.318 ms - 13[0m
[0mGET /api/refunds/tasks/next?type=WHATSAPP_BLAST&worker_id=whatsapp-campaign [32m200[0m 0.747 ms - 13[0m
[0mGET /api/refunds/tasks/next?type=REVIEW_VERIFY&worker_id=review-verifier [32m200[0m 0.710 ms - 13[0m
[0mGET /api/refunds/tasks/next?type=WHATSAPP_BLAST&worker_id=whatsapp-campaign [32m200[0m 1.827 ms - 13[0m
[0mGET /api/refunds/tasks/next?type=REVIEW_VERIFY&worker_id=review-verifier [32m200[0m 1.188 ms - 13[0m
[0mGET /api/refunds/queue [32m200[0m 0.813 ms - 12[0m
[0mGET /api/refunds/tasks/next?type=WHATSAPP_BLAST&worker_id=whatsapp-campaign [32m200[0m 1.236 ms - 13[0m
[0mGET /api/refunds/tasks/next?type=REVIEW_VERIFY&worker_id=review-verifier [32m200[0m 1.265 ms - 13[0m
[0mGET /api/refunds/tasks/next?type=WHATSAPP_BLAST&worker_id=whatsapp-campaign [32m200[0m 2.218 ms - 13[0m
[0mGET /api/refunds/tasks/next?type=REVIEW_VERIFY&worker_id=review-verifier [32m200[0m 0.720 ms - 13[0m
[0mGET /api/refunds/tasks/next?type=WHATSAPP_BLAST&worker_id=whatsapp-campaign [32m200[0m 0.790 ms - 13[0m
[0mGET /api/refunds/tasks/next?type=REVIEW_VERIFY&worker_id=review-verifier [32m200[0m 1.673 ms - 13[0m
[0mGET /api/refunds/queue [32m200[0m 0.848 ms - 12[0m
[0mGET /api/refunds/tasks/next?type=WHATSAPP_BLAST&worker_id=whatsapp-campaign [32m200[0m 1.185 ms - 13[0m
[0mGET /api/refunds/tasks/next?type=REVIEW_VERIFY&worker_id=review-verifier [32m200[0m 1.313 ms - 13[0m
[0mGET /api/refunds/tasks/next?type=WHATSAPP_BLAST&worker_id=whatsapp-campaign [32m200[0m 0.759 ms - 13[0m
[0mGET /api/refunds/tasks/next?type=REVIEW_VERIFY&worker_id=review-verifier [32m200[0m 1.700 ms - 13[0m
[0mGET /api/refunds/tasks/next?type=WHATSAPP_BLAST&worker_id=whatsapp-campaign [32m200[0m 1.737 ms - 13[0m
[0mGET /api/refunds/tasks/next?type=REVIEW_VERIFY&worker_id=review-verifier [32m200[0m 2.476 ms - 13[0m
[0mGET /api/refunds/queue [32m200[0m 2.222 ms - 12[0m
[0mGET /api/refunds/tasks/next?type=WHATSAPP_BLAST&worker_id=whatsapp-campaign [32m200[0m 1.728 ms - 13[0m
[0mGET /api/refunds/tasks/next?type=REVIEW_VERIFY&worker_id=review-verifier [32m200[0m 1.154 ms - 13[0m
[0mGET /api/refunds/tasks/next?type=WHATSAPP_BLAST&worker_id=whatsapp-campaign [32m200[0m 1.768 ms - 13[0m
[0mGET /api/refunds/tasks/next?type=REVIEW_VERIFY&worker_id=review-verifier [32m200[0m 1.065 ms - 13[0m
[0mGET /api/refunds/tasks/next?type=WHATSAPP_BLAST&worker_id=whatsapp-campaign [32m200[0m 1.066 ms - 13[0m
[0mGET /api/refunds/tasks/next?type=REVIEW_VERIFY&worker_id=review-verifier [32m200[0m 1.592 ms - 13[0m
[0mGET /api/refunds/queue [32m200[0m 1.919 ms - 12[0m
[0mGET /api/refunds/tasks/next?type=WHATSAPP_BLAST&worker_id=whatsapp-campaign [32m200[0m 1.976 ms - 13[0m
[0mGET /api/refunds/tasks/next?type=REVIEW_VERIFY&worker_id=review-verifier [32m200[0m 1.341 ms - 13[0m
[0mGET /api/refunds/tasks/next?type=WHATSAPP_BLAST&worker_id=whatsapp-campaign [32m200[0m 0.878 ms - 13[0m
[0mGET /api/refunds/tasks/next?type=REVIEW_VERIFY&worker_id=review-verifier [32m200[0m 0.837 ms - 13[0m
[0mGET /api/refunds/tasks/next?type=WHATSAPP_BLAST&worker_id=whatsapp-campaign [32m200[0m 0.691 ms - 13[0m
[0mGET /api/refunds/tasks/next?type=REVIEW_VERIFY&worker_id=review-verifier [32m200[0m 6.439 ms - 13[0m
[0mGET /api/refunds/queue [32m200[0m 0.838 ms - 12[0m
[0mGET /api/refunds/tasks/next?type=WHATSAPP_BLAST&worker_id=whatsapp-campaign [32m200[0m 1.027 ms - 13[0m
[0mGET /api/refunds/tasks/next?type=REVIEW_VERIFY&worker_id=review-verifier [32m200[0m 1.033 ms - 13[0m
[0mGET /api/refunds/tasks/next?type=WHATSAPP_BLAST&worker_id=whatsapp-campaign [32m200[0m 1.654 ms - 13[0m
[0mGET /api/refunds/tasks/next?type=REVIEW_VERIFY&worker_id=review-verifier [32m200[0m 1.284 ms - 13[0m
[0mGET /api/refunds/tasks/next?type=WHATSAPP_BLAST&worker_id=whatsapp-campaign [32m200[0m 1.001 ms - 13[0m
[0mGET /api/refunds/tasks/next?type=REVIEW_VERIFY&worker_id=review-verifier [32m200[0m 0.729 ms - 13[0m
[0mGET /api/refunds/queue [32m200[0m 1.516 ms - 12[0m
[0mGET /api/refunds/tasks/next?type=WHATSAPP_BLAST&worker_id=whatsapp-campaign [32m200[0m 1.425 ms - 13[0m
[0mGET /api/refunds/tasks/next?type=REVIEW_VERIFY&worker_id=review-verifier [32m200[0m 1.516 ms - 13[0m
[0mGET /api/refunds/tasks/next?type=WHATSAPP_BLAST&worker_id=whatsapp-campaign [32m200[0m 1.696 ms - 13[0m
[0mGET /api/refunds/tasks/next?type=REVIEW_VERIFY&worker_id=review-verifier [32m200[0m 0.682 ms - 13[0m
[0mGET /api/refunds/tasks/next?type=WHATSAPP_BLAST&worker_id=whatsapp-campaign [32m200[0m 1.646 ms - 13[0m
[0mGET /api/refunds/tasks/next?type=REVIEW_VERIFY&worker_id=review-verifier [32m200[0m 0.711 ms - 13[0m
[0mGET /api/refunds/queue [32m200[0m 1.770 ms - 12[0m
[0mGET /api/refunds/tasks/next?type=WHATSAPP_BLAST&worker_id=whatsapp-campaign [32m200[0m 0.827 ms - 13[0m
[0mGET /api/refunds/tasks/next?type=REVIEW_VERIFY&worker_id=review-verifier [32m200[0m 1.286 ms - 13[0m
[0mGET /api/refunds/tasks/next?type=WHATSAPP_BLAST&worker_id=whatsapp-campaign [32m200[0m 1.816 ms - 13[0m
[0mGET /api/refunds/tasks/next?type=REVIEW_VERIFY&worker_id=review-verifier [32m200[0m 1.570 ms - 13[0m
[0mGET /api/refunds/tasks/next?type=WHATSAPP_BLAST&worker_id=whatsapp-campaign [32m200[0m 1.922 ms - 13[0m
[0mGET /api/refunds/tasks/next?type=REVIEW_VERIFY&worker_id=review-verifier [32m200[0m 1.932 ms - 13[0m
[0mGET /api/refunds/queue [32m200[0m 1.624 ms - 12[0m
[0mGET /api/refunds/tasks/next?type=WHATSAPP_BLAST&worker_id=whatsapp-campaign [32m200[0m 1.829 ms - 13[0m
[0mGET /api/refunds/tasks/next?type=REVIEW_VERIFY&worker_id=review-verifier [32m200[0m 2.015 ms - 13[0m
[0mGET /api/refunds/tasks/next?type=WHATSAPP_BLAST&worker_id=whatsapp-campaign [32m200[0m 1.746 ms - 13[0m
[0mGET /api/refunds/tasks/next?type=REVIEW_VERIFY&worker_id=review-verifier [32m200[0m 1.226 ms - 13[0m
[0mGET /api/refunds/tasks/next?type=WHATSAPP_BLAST&worker_id=whatsapp-campaign [32m200[0m 2.005 ms - 13[0m
[0mGET /api/refunds/tasks/next?type=REVIEW_VERIFY&worker_id=review-verifier [32m200[0m 1.358 ms - 13[0m
[0mGET /api/refunds/queue [32m200[0m 1.019 ms - 12[0m
[0mGET /api/refunds/tasks/next?type=WHATSAPP_BLAST&worker_id=whatsapp-campaign [32m200[0m 0.956 ms - 13[0m
[0mGET /api/refunds/tasks/next?type=REVIEW_VERIFY&worker_id=review-verifier [32m200[0m 1.301 ms - 13[0m
[0mGET /api/refunds/tasks/next?type=WHATSAPP_BLAST&worker_id=whatsapp-campaign [32m200[0m 1.214 ms - 13[0m
[0mGET /api/refunds/tasks/next?type=REVIEW_VERIFY&worker_id=review-verifier [32m200[0m 0.688 ms - 13[0m
[0mGET /api/refunds/tasks/next?type=WHATSAPP_BLAST&worker_id=whatsapp-campaign [32m200[0m 0.863 ms - 13[0m
[0mGET /api/refunds/tasks/next?type=REVIEW_VERIFY&worker_id=review-verifier [32m200[0m 0.636 ms - 13[0m
[0mGET /api/refunds/queue [32m200[0m 1.720 ms - 12[0m
[0mGET /api/refunds/tasks/next?type=WHATSAPP_BLAST&worker_id=whatsapp-campaign [32m200[0m 1.138 ms - 13[0m
[0mGET /api/refunds/tasks/next?type=REVIEW_VERIFY&worker_id=review-verifier [32m200[0m 1.615 ms - 13[0m
[0mGET /api/refunds/tasks/next?type=WHATSAPP_BLAST&worker_id=whatsapp-campaign [32m200[0m 0.845 ms - 13[0m
[0mGET /api/refunds/tasks/next?type=REVIEW_VERIFY&worker_id=review-verifier [32m200[0m 0.690 ms - 13[0m
[0mGET /api/refunds/tasks/next?type=WHATSAPP_BLAST&worker_id=whatsapp-campaign [32m200[0m 1.171 ms - 13[0m
[0mGET /api/refunds/tasks/next?type=REVIEW_VERIFY&worker_id=review-verifier [32m200[0m 0.834 ms - 13[0m
[0mGET /api/refunds/queue [32m200[0m 0.934 ms - 12[0m
[0mGET /api/refunds/tasks/next?type=WHATSAPP_BLAST&worker_id=whatsapp-campaign [32m200[0m 0.808 ms - 13[0m
[0mGET /api/refunds/tasks/next?type=REVIEW_VERIFY&worker_id=review-verifier [32m200[0m 0.974 ms - 13[0m
[0mGET /api/refunds/tasks/next?type=WHATSAPP_BLAST&worker_id=whatsapp-campaign [32m200[0m 1.003 ms - 13[0m
[0mGET /api/refunds/tasks/next?type=REVIEW_VERIFY&worker_id=review-verifier [32m200[0m 2.046 ms - 13[0m
[0mGET /api/refunds/tasks/next?type=WHATSAPP_BLAST&worker_id=whatsapp-campaign [32m200[0m 1.999 ms - 13[0m
[0mGET /api/refunds/tasks/next?type=REVIEW_VERIFY&worker_id=review-verifier [32m200[0m 1.084 ms - 13[0m
[0mGET /api/refunds/queue [32m200[0m 2.303 ms - 12[0m
[0mGET /api/refunds/tasks/next?type=WHATSAPP_BLAST&worker_id=whatsapp-campaign [32m200[0m 1.643 ms - 13[0m
[0mGET /api/refunds/tasks/next?type=REVIEW_VERIFY&worker_id=review-verifier [32m200[0m 1.506 ms - 13[0m
[0mGET /api/refunds/tasks/next?type=WHATSAPP_BLAST&worker_id=whatsapp-campaign [32m200[0m 0.796 ms - 13[0m
[0mGET /api/refunds/tasks/next?type=REVIEW_VERIFY&worker_id=review-verifier [32m200[0m 2.336 ms - 13[0m
[0mGET /api/refunds/tasks/next?type=WHATSAPP_BLAST&worker_id=whatsapp-campaign [32m200[0m 2.031 ms - 13[0m
[0mGET /api/refunds/tasks/next?type=REVIEW_VERIFY&worker_id=review-verifier [32m200[0m 1.454 ms - 13[0m
[0mGET /api/refunds/queue [32m200[0m 0.824 ms - 12[0m
[0mGET /api/refunds/tasks/next?type=WHATSAPP_BLAST&worker_id=whatsapp-campaign [32m200[0m 2.042 ms - 13[0m
[0mGET /api/refunds/tasks/next?type=REVIEW_VERIFY&worker_id=review-verifier [32m200[0m 1.769 ms - 13[0m
[0mGET /api/refunds/tasks/next?type=WHATSAPP_BLAST&worker_id=whatsapp-campaign [32m200[0m 1.358 ms - 13[0m
[0mGET /api/refunds/tasks/next?type=REVIEW_VERIFY&worker_id=review-verifier [32m200[0m 0.638 ms - 13[0m
[0mGET /api/refunds/tasks/next?type=WHATSAPP_BLAST&worker_id=whatsapp-campaign [32m200[0m 1.467 ms - 13[0m
[0mGET /api/refunds/tasks/next?type=REVIEW_VERIFY&worker_id=review-verifier [32m200[0m 0.928 ms - 13[0m
[0mGET /api/refunds/queue [32m200[0m 0.724 ms - 12[0m
[0mGET /api/refunds/tasks/next?type=WHATSAPP_BLAST&worker_id=whatsapp-campaign [32m200[0m 1.107 ms - 13[0m
[0mGET /api/refunds/tasks/next?type=REVIEW_VERIFY&worker_id=review-verifier [32m200[0m 1.258 ms - 13[0m
[0mGET /api/refunds/tasks/next?type=WHATSAPP_BLAST&worker_id=whatsapp-campaign [32m200[0m 1.229 ms - 13[0m
[0mGET /api/refunds/tasks/next?type=REVIEW_VERIFY&worker_id=review-verifier [32m200[0m 0.672 ms - 13[0m
[0mGET /api/refunds/tasks/next?type=WHATSAPP_BLAST&worker_id=whatsapp-campaign [32m200[0m 1.726 ms - 13[0m
[0mGET /api/refunds/tasks/next?type=REVIEW_VERIFY&worker_id=review-verifier [32m200[0m 0.951 ms - 13[0m
[0mGET /api/refunds/queue [32m200[0m 1.733 ms - 12[0m
[0mGET /api/refunds/tasks/next?type=WHATSAPP_BLAST&worker_id=whatsapp-campaign [32m200[0m 1.452 ms - 13[0m
[0mGET /api/refunds/tasks/next?type=REVIEW_VERIFY&worker_id=review-verifier [32m200[0m 1.945 ms - 13[0m
[0mGET /api/refunds/tasks/next?type=WHATSAPP_BLAST&worker_id=whatsapp-campaign [32m200[0m 1.752 ms - 13[0m
[0mGET /api/refunds/tasks/next?type=REVIEW_VERIFY&worker_id=review-verifier [32m200[0m 1.255 ms - 13[0m
[0mGET /api/refunds/tasks/next?type=WHATSAPP_BLAST&worker_id=whatsapp-campaign [32m200[0m 1.865 ms - 13[0m
[0mGET /api/refunds/tasks/next?type=REVIEW_VERIFY&worker_id=review-verifier [32m200[0m 1.811 ms - 13[0m
[0mGET /api/refunds/queue [32m200[0m 1.975 ms - 12[0m
[0mGET /api/refunds/tasks/next?type=WHATSAPP_BLAST&worker_id=whatsapp-campaign [32m200[0m 1.223 ms - 13[0m
[0mGET /api/refunds/tasks/next?type=REVIEW_VERIFY&worker_id=review-verifier [32m200[0m 1.409 ms - 13[0m
[0mGET /api/refunds/tasks/next?type=WHATSAPP_BLAST&worker_id=whatsapp-campaign [32m200[0m 1.885 ms - 13[0m
[0mGET /api/refunds/tasks/next?type=REVIEW_VERIFY&worker_id=review-verifier [32m200[0m 1.122 ms - 13[0m
[0mGET /api/refunds/tasks/next?type=WHATSAPP_BLAST&worker_id=whatsapp-campaign [32m200[0m 2.168 ms - 13[0m
[0mGET /api/refunds/tasks/next?type=REVIEW_VERIFY&worker_id=review-verifier [32m200[0m 2.301 ms - 13[0m
[0mGET /api/refunds/queue [32m200[0m 1.587 ms - 12[0m
[0mGET /api/refunds/tasks/next?type=WHATSAPP_BLAST&worker_id=whatsapp-campaign [32m200[0m 0.890 ms - 13[0m
[0mGET /api/refunds/tasks/next?type=REVIEW_VERIFY&worker_id=review-verifier [32m200[0m 1.182 ms - 13[0m
[0mGET /api/refunds/tasks/next?type=WHATSAPP_BLAST&worker_id=whatsapp-campaign [32m200[0m 1.376 ms - 13[0m
[0mGET /api/refunds/tasks/next?type=REVIEW_VERIFY&worker_id=review-verifier [32m200[0m 0.683 ms - 13[0m
[0mGET /api/refunds/tasks/next?type=WHATSAPP_BLAST&worker_id=whatsapp-campaign [32m200[0m 1.117 ms - 13[0m
[0mGET /api/refunds/tasks/next?type=REVIEW_VERIFY&worker_id=review-verifier [32m200[0m 5.158 ms - 13[0m
[0mGET /api/refunds/queue [32m200[0m 0.971 ms - 12[0m
[0mGET /api/refunds/tasks/next?type=WHATSAPP_BLAST&worker_id=whatsapp-campaign [32m200[0m 1.287 ms - 13[0m
[0mGET /api/refunds/tasks/next?type=REVIEW_VERIFY&worker_id=review-verifier [32m200[0m 0.831 ms - 13[0m
[0mGET /api/refunds/tasks/next?type=WHATSAPP_BLAST&worker_id=whatsapp-campaign [32m200[0m 1.959 ms - 13[0m
[0mGET /api/refunds/tasks/next?type=REVIEW_VERIFY&worker_id=review-verifier [32m200[0m 1.980 ms - 13[0m
[0mGET /api/refunds/tasks/next?type=WHATSAPP_BLAST&worker_id=whatsapp-campaign [32m200[0m 2.012 ms - 13[0m
[0mGET /api/refunds/tasks/next?type=REVIEW_VERIFY&worker_id=review-verifier [32m200[0m 0.814 ms - 13[0m
[0mGET /api/refunds/queue [32m200[0m 0.835 ms - 12[0m
[0mGET /api/refunds/tasks/next?type=WHATSAPP_BLAST&worker_id=whatsapp-campaign [32m200[0m 0.891 ms - 13[0m
[0mGET /api/refunds/tasks/next?type=REVIEW_VERIFY&worker_id=review-verifier [32m200[0m 2.378 ms - 13[0m
[0mGET /api/refunds/tasks/next?type=WHATSAPP_BLAST&worker_id=whatsapp-campaign [32m200[0m 0.657 ms - 13[0m
[0mGET /api/refunds/tasks/next?type=REVIEW_VERIFY&worker_id=review-verifier [32m200[0m 0.984 ms - 13[0m
[0mGET /api/refunds/tasks/next?type=WHATSAPP_BLAST&worker_id=whatsapp-campaign [32m200[0m 1.875 ms - 13[0m
[0mGET /api/refunds/tasks/next?type=REVIEW_VERIFY&worker_id=review-verifier [32m200[0m 1.066 ms - 13[0m
[0mGET /api/refunds/queue [32m200[0m 1.532 ms - 12[0m
[0mGET /api/refunds/tasks/next?type=WHATSAPP_BLAST&worker_id=whatsapp-campaign [32m200[0m 0.835 ms - 13[0m
[0mGET /api/refunds/tasks/next?type=REVIEW_VERIFY&worker_id=review-verifier [32m200[0m 1.668 ms - 13[0m
[0mGET /api/refunds/tasks/next?type=WHATSAPP_BLAST&worker_id=whatsapp-campaign [32m200[0m 1.926 ms - 13[0m
[0mGET /api/refunds/tasks/next?type=REVIEW_VERIFY&worker_id=review-verifier [32m200[0m 1.589 ms - 13[0m
[0mGET /api/refunds/tasks/next?type=WHATSAPP_BLAST&worker_id=whatsapp-campaign [32m200[0m 0.877 ms - 13[0m
[0mGET /api/refunds/tasks/next?type=REVIEW_VERIFY&worker_id=review-verifier [32m200[0m 1.390 ms - 13[0m
[0mGET /api/refunds/queue [32m200[0m 1.929 ms - 12[0m
[0mGET /api/refunds/tasks/next?type=WHATSAPP_BLAST&worker_id=whatsapp-campaign [32m200[0m 1.077 ms - 13[0m
[0mGET /api/refunds/tasks/next?type=REVIEW_VERIFY&worker_id=review-verifier [32m200[0m 1.665 ms - 13[0m
[0mGET /api/refunds/tasks/next?type=WHATSAPP_BLAST&worker_id=whatsapp-campaign [32m200[0m 0.736 ms - 13[0m
[0mGET /api/refunds/tasks/next?type=REVIEW_VERIFY&worker_id=review-verifier [32m200[0m 1.297 ms - 13[0m
[0mGET /api/refunds/tasks/next?type=WHATSAPP_BLAST&worker_id=whatsapp-campaign [32m200[0m 2.138 ms - 13[0m
[0mGET /api/refunds/tasks/next?type=REVIEW_VERIFY&worker_id=review-verifier [32m200[0m 1.726 ms - 13[0m
[0mGET /api/refunds/queue [32m200[0m 0.910 ms - 12[0m
[0mGET /api/refunds/tasks/next?type=WHATSAPP_BLAST&worker_id=whatsapp-campaign [32m200[0m 1.769 ms - 13[0m
[0mGET /api/refunds/tasks/next?type=REVIEW_VERIFY&worker_id=review-verifier [32m200[0m 1.898 ms - 13[0m
[0mGET /api/refunds/tasks/next?type=WHATSAPP_BLAST&worker_id=whatsapp-campaign [32m200[0m 0.826 ms - 13[0m
[0mGET /api/refunds/tasks/next?type=REVIEW_VERIFY&worker_id=review-verifier [32m200[0m 1.722 ms - 13[0m
[0mGET /api/refunds/tasks/next?type=WHATSAPP_BLAST&worker_id=whatsapp-campaign [32m200[0m 1.144 ms - 13[0m
[0mGET /api/refunds/tasks/next?type=REVIEW_VERIFY&worker_id=review-verifier [32m200[0m 1.248 ms - 13[0m
[0mGET /api/refunds/queue [32m200[0m 0.915 ms - 12[0m
[0mGET /api/refunds/tasks/next?type=WHATSAPP_BLAST&worker_id=whatsapp-campaign [32m200[0m 1.594 ms - 13[0m
[0mGET /api/refunds/tasks/next?type=REVIEW_VERIFY&worker_id=review-verifier [32m200[0m 1.452 ms - 13[0m
[0mGET /api/refunds/tasks/next?type=WHATSAPP_BLAST&worker_id=whatsapp-campaign [32m200[0m 1.143 ms - 13[0m
[0mGET /api/refunds/tasks/next?type=REVIEW_VERIFY&worker_id=review-verifier [32m200[0m 0.806 ms - 13[0m
[0mGET /api/refunds/tasks/next?type=WHATSAPP_BLAST&worker_id=whatsapp-campaign [32m200[0m 1.276 ms - 13[0m
[0mGET /api/refunds/tasks/next?type=REVIEW_VERIFY&worker_id=review-verifier [32m200[0m 0.755 ms - 13[0m
[0mGET /api/refunds/queue [32m200[0m 1.608 ms - 12[0m
[0mGET /api/refunds/tasks/next?type=WHATSAPP_BLAST&worker_id=whatsapp-campaign [32m200[0m 2.135 ms - 13[0m
[0mGET /api/refunds/tasks/next?type=REVIEW_VERIFY&worker_id=review-verifier [32m200[0m 0.705 ms - 13[0m
[0mGET /api/refunds/tasks/next?type=WHATSAPP_BLAST&worker_id=whatsapp-campaign [32m200[0m 1.647 ms - 13[0m
[0mGET /api/refunds/tasks/next?type=REVIEW_VERIFY&worker_id=review-verifier [32m200[0m 1.628 ms - 13[0m
[0mGET /api/refunds/tasks/next?type=WHATSAPP_BLAST&worker_id=whatsapp-campaign [32m200[0m 1.625 ms - 13[0m
[0mGET /api/refunds/tasks/next?type=REVIEW_VERIFY&worker_id=review-verifier [32m200[0m 1.143 ms - 13[0m
[0mGET /api/refunds/queue [32m200[0m 2.003 ms - 12[0m
[0mGET /api/refunds/tasks/next?type=WHATSAPP_BLAST&worker_id=whatsapp-campaign [32m200[0m 1.608 ms - 13[0m
[0mGET /api/refunds/tasks/next?type=REVIEW_VERIFY&worker_id=review-verifier [32m200[0m 1.549 ms - 13[0m
[0mGET /api/refunds/tasks/next?type=WHATSAPP_BLAST&worker_id=whatsapp-campaign [32m200[0m 0.778 ms - 13[0m
[0mGET /api/refunds/tasks/next?type=REVIEW_VERIFY&worker_id=review-verifier [32m200[0m 1.861 ms - 13[0m
[0mGET /api/refunds/tasks/next?type=WHATSAPP_BLAST&worker_id=whatsapp-campaign [32m200[0m 1.736 ms - 13[0m
[0mGET /api/refunds/tasks/next?type=REVIEW_VERIFY&worker_id=review-verifier [32m200[0m 2.148 ms - 13[0m
[0mGET /api/refunds/queue [32m200[0m 1.977 ms - 12[0m
[0mGET /api/refunds/tasks/next?type=WHATSAPP_BLAST&worker_id=whatsapp-campaign [32m200[0m 0.815 ms - 13[0m
[0mGET /api/refunds/tasks/next?type=REVIEW_VERIFY&worker_id=review-verifier [32m200[0m 0.785 ms - 13[0m
[0mGET /api/refunds/tasks/next?type=WHATSAPP_BLAST&worker_id=whatsapp-campaign [32m200[0m 0.769 ms - 13[0m
[0mGET /api/refunds/tasks/next?type=REVIEW_VERIFY&worker_id=review-verifier [32m200[0m 1.667 ms - 13[0m
[0mGET /api/refunds/tasks/next?type=WHATSAPP_BLAST&worker_id=whatsapp-campaign [32m200[0m 1.941 ms - 13[0m
[0mGET /api/refunds/tasks/next?type=REVIEW_VERIFY&worker_id=review-verifier [32m200[0m 2.013 ms - 13[0m
[0mGET /api/refunds/queue [32m200[0m 1.067 ms - 12[0m
[0mGET /api/refunds/tasks/next?type=WHATSAPP_BLAST&worker_id=whatsapp-campaign [32m200[0m 1.593 ms - 13[0m
[0mGET /api/refunds/tasks/next?type=REVIEW_VERIFY&worker_id=review-verifier [32m200[0m 1.583 ms - 13[0m
[0mGET /api/refunds/tasks/next?type=WHATSAPP_BLAST&worker_id=whatsapp-campaign [32m200[0m 1.994 ms - 13[0m
[0mGET /api/refunds/tasks/next?type=REVIEW_VERIFY&worker_id=review-verifier [32m200[0m 1.130 ms - 13[0m
[0mGET /api/refunds/tasks/next?type=WHATSAPP_BLAST&worker_id=whatsapp-campaign [32m200[0m 1.775 ms - 13[0m
[0mGET /api/refunds/tasks/next?type=REVIEW_VERIFY&worker_id=review-verifier [32m200[0m 1.437 ms - 13[0m
[0mGET /api/refunds/queue [32m200[0m 1.508 ms - 12[0m
[0mGET /api/refunds/tasks/next?type=WHATSAPP_BLAST&worker_id=whatsapp-campaign [32m200[0m 0.853 ms - 13[0m
[0mGET /api/refunds/tasks/next?type=REVIEW_VERIFY&worker_id=review-verifier [32m200[0m 1.564 ms - 13[0m
[0mGET /api/refunds/tasks/next?type=WHATSAPP_BLAST&worker_id=whatsapp-campaign [32m200[0m 1.852 ms - 13[0m
[0mGET /api/refunds/tasks/next?type=REVIEW_VERIFY&worker_id=review-verifier [32m200[0m 1.347 ms - 13[0m
[0mGET /api/refunds/tasks/next?type=WHATSAPP_BLAST&worker_id=whatsapp-campaign [32m200[0m 1.774 ms - 13[0m
[0mGET /api/refunds/tasks/next?type=REVIEW_VERIFY&worker_id=review-verifier [32m200[0m 0.647 ms - 13[0m
[0mGET /api/refunds/queue [32m200[0m 0.753 ms - 12[0m
[0mGET /api/refunds/tasks/next?type=WHATSAPP_BLAST&worker_id=whatsapp-campaign [32m200[0m 0.884 ms - 13[0m
[0mGET /api/refunds/tasks/next?type=REVIEW_VERIFY&worker_id=review-verifier [32m200[0m 0.998 ms - 13[0m
[0mGET /api/refunds/tasks/next?type=WHATSAPP_BLAST&worker_id=whatsapp-campaign [32m200[0m 0.968 ms - 13[0m
[0mGET /api/refunds/tasks/next?type=REVIEW_VERIFY&worker_id=review-verifier [32m200[0m 1.291 ms - 13[0m
[0mGET /api/refunds/tasks/next?type=WHATSAPP_BLAST&worker_id=whatsapp-campaign [32m200[0m 0.830 ms - 13[0m
[0mGET /api/refunds/tasks/next?type=REVIEW_VERIFY&worker_id=review-verifier [32m200[0m 2.109 ms - 13[0m
[0mGET /api/refunds/queue [32m200[0m 1.556 ms - 12[0m
[0mGET /api/refunds/tasks/next?type=WHATSAPP_BLAST&worker_id=whatsapp-campaign [32m200[0m 1.013 ms - 13[0m
[0mGET /api/refunds/tasks/next?type=REVIEW_VERIFY&worker_id=review-verifier [32m200[0m 1.676 ms - 13[0m
[0mGET /api/refunds/tasks/next?type=WHATSAPP_BLAST&worker_id=whatsapp-campaign [32m200[0m 0.795 ms - 13[0m
[0mGET /api/refunds/tasks/next?type=REVIEW_VERIFY&worker_id=review-verifier [32m200[0m 0.812 ms - 13[0m
[0mGET /api/refunds/tasks/next?type=WHATSAPP_BLAST&worker_id=whatsapp-campaign [32m200[0m 0.595 ms - 13[0m
[0mGET /api/refunds/tasks/next?type=REVIEW_VERIFY&worker_id=review-verifier [32m200[0m 1.898 ms - 13[0m
[0mGET /api/refunds/queue [32m200[0m 1.070 ms - 12[0m
[0mGET /api/refunds/tasks/next?type=WHATSAPP_BLAST&worker_id=whatsapp-campaign [32m200[0m 1.272 ms - 13[0m
[0mGET /api/refunds/tasks/next?type=REVIEW_VERIFY&worker_id=review-verifier [32m200[0m 0.739 ms - 13[0m
[0mGET /api/refunds/tasks/next?type=WHATSAPP_BLAST&worker_id=whatsapp-campaign [32m200[0m 1.560 ms - 13[0m
[0mGET /api/refunds/tasks/next?type=REVIEW_VERIFY&worker_id=review-verifier [32m200[0m 0.788 ms - 13[0m
[0mGET /api/refunds/tasks/next?type=WHATSAPP_BLAST&worker_id=whatsapp-campaign [32m200[0m 0.734 ms - 13[0m
[0mGET /api/refunds/tasks/next?type=REVIEW_VERIFY&worker_id=review-verifier [32m200[0m 1.665 ms - 13[0m
[0mGET /api/refunds/queue [32m200[0m 1.218 ms - 12[0m
[0mGET /api/refunds/tasks/next?type=WHATSAPP_BLAST&worker_id=whatsapp-campaign [32m200[0m 1.877 ms - 13[0m
[0mGET /api/refunds/tasks/next?type=REVIEW_VERIFY&worker_id=review-verifier [32m200[0m 1.495 ms - 13[0m
[0mGET /api/refunds/tasks/next?type=WHATSAPP_BLAST&worker_id=whatsapp-campaign [32m200[0m 1.421 ms - 13[0m
[0mGET /api/refunds/tasks/next?type=REVIEW_VERIFY&worker_id=review-verifier [32m200[0m 1.547 ms - 13[0m
[0mGET /api/refunds/tasks/next?type=WHATSAPP_BLAST&worker_id=whatsapp-campaign [32m200[0m 1.665 ms - 13[0m
[0mGET /api/refunds/tasks/next?type=REVIEW_VERIFY&worker_id=review-verifier [32m200[0m 0.830 ms - 13[0m
[0mGET /api/refunds/queue [32m200[0m 0.986 ms - 12[0m
[0mGET /api/refunds/tasks/next?type=WHATSAPP_BLAST&worker_id=whatsapp-campaign [32m200[0m 0.747 ms - 13[0m
[0mGET /api/refunds/tasks/next?type=REVIEW_VERIFY&worker_id=review-verifier [32m200[0m 1.437 ms - 13[0m
[0mGET /api/refunds/tasks/next?type=WHATSAPP_BLAST&worker_id=whatsapp-campaign [32m200[0m 1.959 ms - 13[0m
[0mGET /api/refunds/tasks/next?type=REVIEW_VERIFY&worker_id=review-verifier [32m200[0m 1.527 ms - 13[0m
[0mGET /api/refunds/tasks/next?type=WHATSAPP_BLAST&worker_id=whatsapp-campaign [32m200[0m 1.992 ms - 13[0m
[0mGET /api/refunds/tasks/next?type=REVIEW_VERIFY&worker_id=review-verifier [32m200[0m 2.384 ms - 13[0m
[0mGET /api/refunds/queue [32m200[0m 1.497 ms - 12[0m
[0mGET /api/refunds/tasks/next?type=WHATSAPP_BLAST&worker_id=whatsapp-campaign [32m200[0m 0.715 ms - 13[0m
[0mGET /api/refunds/tasks/next?type=REVIEW_VERIFY&worker_id=review-verifier [32m200[0m 2.187 ms - 13[0m
[0mGET /api/refunds/tasks/next?type=WHATSAPP_BLAST&worker_id=whatsapp-campaign [32m200[0m 1.711 ms - 13[0m
[0mGET /api/refunds/tasks/next?type=REVIEW_VERIFY&worker_id=review-verifier [32m200[0m 1.028 ms - 13[0m
[0mGET /api/refunds/tasks/next?type=WHATSAPP_BLAST&worker_id=whatsapp-campaign [32m200[0m 1.003 ms - 13[0m
[0mGET /api/refunds/tasks/next?type=REVIEW_VERIFY&worker_id=review-verifier [32m200[0m 0.660 ms - 13[0m
[0mGET /api/refunds/queue [32m200[0m 0.814 ms - 12[0m
[0mGET /api/refunds/tasks/next?type=WHATSAPP_BLAST&worker_id=whatsapp-campaign [32m200[0m 1.575 ms - 13[0m
[0mGET /api/refunds/tasks/next?type=REVIEW_VERIFY&worker_id=review-verifier [32m200[0m 0.724 ms - 13[0m
[0mGET /api/refunds/tasks/next?type=WHATSAPP_BLAST&worker_id=whatsapp-campaign [32m200[0m 0.899 ms - 13[0m
[0mGET /api/refunds/tasks/next?type=REVIEW_VERIFY&worker_id=review-verifier [32m200[0m 0.822 ms - 13[0m
[0mGET /api/refunds/tasks/next?type=WHATSAPP_BLAST&worker_id=whatsapp-campaign [32m200[0m 0.821 ms - 13[0m
[0mGET /api/refunds/tasks/next?type=REVIEW_VERIFY&worker_id=review-verifier [32m200[0m 1.286 ms - 13[0m
[0mGET /api/refunds/queue [32m200[0m 2.000 ms - 12[0m
[0mGET /api/refunds/tasks/next?type=WHATSAPP_BLAST&worker_id=whatsapp-campaign [32m200[0m 1.080 ms - 13[0m
[0mGET /api/refunds/tasks/next?type=REVIEW_VERIFY&worker_id=review-verifier [32m200[0m 1.900 ms - 13[0m
[0mGET /api/refunds/tasks/next?type=WHATSAPP_BLAST&worker_id=whatsapp-campaign [32m200[0m 1.221 ms - 13[0m
[0mGET /api/refunds/tasks/next?type=REVIEW_VERIFY&worker_id=review-verifier [32m200[0m 2.464 ms - 13[0m
[0mGET /api/refunds/tasks/next?type=WHATSAPP_BLAST&worker_id=whatsapp-campaign [32m200[0m 1.196 ms - 13[0m
[0mGET /api/refunds/tasks/next?type=REVIEW_VERIFY&worker_id=review-verifier [32m200[0m 0.970 ms - 13[0m
[0mGET /api/refunds/queue [32m200[0m 1.759 ms - 12[0m
[0mGET /api/refunds/tasks/next?type=WHATSAPP_BLAST&worker_id=whatsapp-campaign [32m200[0m 2.567 ms - 13[0m
[0mGET /api/refunds/tasks/next?type=REVIEW_VERIFY&worker_id=review-verifier [32m200[0m 1.465 ms - 13[0m
[0mGET /api/refunds/tasks/next?type=WHATSAPP_BLAST&worker_id=whatsapp-campaign [32m200[0m 1.649 ms - 13[0m
[0mGET /api/refunds/tasks/next?type=REVIEW_VERIFY&worker_id=review-verifier [32m200[0m 1.529 ms - 13[0m
[0mGET /api/refunds/tasks/next?type=WHATSAPP_BLAST&worker_id=whatsapp-campaign [32m200[0m 1.909 ms - 13[0m
[0mGET /api/refunds/tasks/next?type=REVIEW_VERIFY&worker_id=review-verifier [32m200[0m 0.716 ms - 13[0m
[0mGET /api/refunds/queue [32m200[0m 1.209 ms - 12[0m
[0mGET /api/refunds/tasks/next?type=WHATSAPP_BLAST&worker_id=whatsapp-campaign [32m200[0m 1.227 ms - 13[0m
[0mGET /api/refunds/tasks/next?type=REVIEW_VERIFY&worker_id=review-verifier [32m200[0m 0.997 ms - 13[0m
[0mGET /api/refunds/tasks/next?type=WHATSAPP_BLAST&worker_id=whatsapp-campaign [32m200[0m 1.542 ms - 13[0m
[0mGET /api/refunds/tasks/next?type=REVIEW_VERIFY&worker_id=review-verifier [32m200[0m 1.586 ms - 13[0m
[0mGET /api/refunds/tasks/next?type=WHATSAPP_BLAST&worker_id=whatsapp-campaign [32m200[0m 2.280 ms - 13[0m
[0mGET /api/refunds/tasks/next?type=REVIEW_VERIFY&worker_id=review-verifier [32m200[0m 1.629 ms - 13[0m
[0mGET /api/refunds/queue [32m200[0m 1.364 ms - 12[0m
[0mGET /api/refunds/tasks/next?type=WHATSAPP_BLAST&worker_id=whatsapp-campaign [32m200[0m 1.475 ms - 13[0m
[0mGET /api/refunds/tasks/next?type=REVIEW_VERIFY&worker_id=review-verifier [32m200[0m 2.544 ms - 13[0m
[0mGET /api/refunds/tasks/next?type=WHATSAPP_BLAST&worker_id=whatsapp-campaign [32m200[0m 1.425 ms - 13[0m
[0mGET /api/refunds/tasks/next?type=REVIEW_VERIFY&worker_id=review-verifier [32m200[0m 0.610 ms - 13[0m
[0mGET /api/refunds/tasks/next?type=WHATSAPP_BLAST&worker_id=whatsapp-campaign [32m200[0m 1.959 ms - 13[0m
[0mGET /api/refunds/tasks/next?type=REVIEW_VERIFY&worker_id=review-verifier [32m200[0m 0.853 ms - 13[0m
[0mGET /api/refunds/queue [32m200[0m 2.007 ms - 12[0m
[0mGET /api/refunds/tasks/next?type=WHATSAPP_BLAST&worker_id=whatsapp-campaign [32m200[0m 3.059 ms - 13[0m
[0mGET /api/refunds/tasks/next?type=REVIEW_VERIFY&worker_id=review-verifier [32m200[0m 2.037 ms - 13[0m
[0mGET /api/refunds/tasks/next?type=WHATSAPP_BLAST&worker_id=whatsapp-campaign [32m200[0m 1.454 ms - 13[0m
[0mGET /api/refunds/tasks/next?type=REVIEW_VERIFY&worker_id=review-verifier [32m200[0m 0.981 ms - 13[0m
[0mGET /api/refunds/tasks/next?type=WHATSAPP_BLAST&worker_id=whatsapp-campaign [32m200[0m 0.797 ms - 13[0m
[0mGET /api/refunds/tasks/next?type=REVIEW_VERIFY&worker_id=review-verifier [32m200[0m 0.871 ms - 13[0m
[0mGET /api/refunds/queue [32m200[0m 2.029 ms - 12[0m
[0mGET /api/refunds/tasks/next?type=WHATSAPP_BLAST&worker_id=whatsapp-campaign [32m200[0m 1.619 ms - 13[0m
[0mGET /api/refunds/tasks/next?type=REVIEW_VERIFY&worker_id=review-verifier [32m200[0m 2.018 ms - 13[0m
[0mGET /api/refunds/tasks/next?type=WHATSAPP_BLAST&worker_id=whatsapp-campaign [32m200[0m 1.990 ms - 13[0m
[0mGET /api/refunds/tasks/next?type=REVIEW_VERIFY&worker_id=review-verifier [32m200[0m 1.628 ms - 13[0m
[0mGET /api/refunds/tasks/next?type=WHATSAPP_BLAST&worker_id=whatsapp-campaign [32m200[0m 1.827 ms - 13[0m
[0mGET /api/refunds/tasks/next?type=REVIEW_VERIFY&worker_id=review-verifier [32m200[0m 0.974 ms - 13[0m
[0mGET /api/refunds/queue [32m200[0m 0.929 ms - 12[0m
[0mGET /api/refunds/tasks/next?type=WHATSAPP_BLAST&worker_id=whatsapp-campaign [32m200[0m 1.483 ms - 13[0m
[0mGET /api/refunds/tasks/next?type=REVIEW_VERIFY&worker_id=review-verifier [32m200[0m 0.953 ms - 13[0m
[0mGET /api/refunds/tasks/next?type=WHATSAPP_BLAST&worker_id=whatsapp-campaign [32m200[0m 0.926 ms - 13[0m
[0mGET /api/refunds/tasks/next?type=REVIEW_VERIFY&worker_id=review-verifier [32m200[0m 1.535 ms - 13[0m
[0mGET /api/refunds/tasks/next?type=WHATSAPP_BLAST&worker_id=whatsapp-campaign [32m200[0m 0.933 ms - 13[0m
[0mGET /api/refunds/tasks/next?type=REVIEW_VERIFY&worker_id=review-verifier [32m200[0m 0.698 ms - 13[0m
[0mGET /api/refunds/queue [32m200[0m 1.204 ms - 12[0m
[0mGET /api/refunds/tasks/next?type=WHATSAPP_BLAST&worker_id=whatsapp-campaign [32m200[0m 0.764 ms - 13[0m
[0mGET /api/refunds/tasks/next?type=REVIEW_VERIFY&worker_id=review-verifier [32m200[0m 0.634 ms - 13[0m
[0mGET /api/refunds/tasks/next?type=WHATSAPP_BLAST&worker_id=whatsapp-campaign [32m200[0m 0.836 ms - 13[0m
[0mGET /api/refunds/tasks/next?type=REVIEW_VERIFY&worker_id=review-verifier [32m200[0m 0.751 ms - 13[0m
[0mGET /api/refunds/tasks/next?type=WHATSAPP_BLAST&worker_id=whatsapp-campaign [32m200[0m 1.406 ms - 13[0m
[0mGET /api/refunds/tasks/next?type=REVIEW_VERIFY&worker_id=review-verifier [32m200[0m 0.988 ms - 13[0m
[0mGET /api/refunds/queue [32m200[0m 1.880 ms - 12[0m
[0mGET /api/refunds/tasks/next?type=WHATSAPP_BLAST&worker_id=whatsapp-campaign [32m200[0m 1.388 ms - 13[0m
[0mGET /api/refunds/tasks/next?type=REVIEW_VERIFY&worker_id=review-verifier [32m200[0m 0.817 ms - 13[0m
[0mGET /api/refunds/tasks/next?type=WHATSAPP_BLAST&worker_id=whatsapp-campaign [32m200[0m 0.754 ms - 13[0m
[0mGET /api/refunds/tasks/next?type=REVIEW_VERIFY&worker_id=review-verifier [32m200[0m 0.763 ms - 13[0m
[0mGET /api/refunds/tasks/next?type=WHATSAPP_BLAST&worker_id=whatsapp-campaign [32m200[0m 1.037 ms - 13[0m
[0mGET /api/refunds/tasks/next?type=REVIEW_VERIFY&worker_id=review-verifier [32m200[0m 0.744 ms - 13[0m
[0mGET /api/refunds/queue [32m200[0m 1.332 ms - 12[0m
[0mGET /api/refunds/tasks/next?type=WHATSAPP_BLAST&worker_id=whatsapp-campaign [32m200[0m 1.667 ms - 13[0m
[0mGET /api/refunds/tasks/next?type=REVIEW_VERIFY&worker_id=review-verifier [32m200[0m 1.658 ms - 13[0m
[0mGET /api/refunds/tasks/next?type=WHATSAPP_BLAST&worker_id=whatsapp-campaign [32m200[0m 1.630 ms - 13[0m
[0mGET /api/refunds/tasks/next?type=REVIEW_VERIFY&worker_id=review-verifier [32m200[0m 1.962 ms - 13[0m
[0mGET /api/refunds/tasks/next?type=WHATSAPP_BLAST&worker_id=whatsapp-campaign [32m200[0m 2.075 ms - 13[0m
[0mGET /api/refunds/tasks/next?type=REVIEW_VERIFY&worker_id=review-verifier [32m200[0m 1.157 ms - 13[0m
[0mGET /api/refunds/queue [32m200[0m 0.881 ms - 12[0m
[0mGET /api/refunds/tasks/next?type=WHATSAPP_BLAST&worker_id=whatsapp-campaign [32m200[0m 1.243 ms - 13[0m
[0mGET /api/refunds/tasks/next?type=REVIEW_VERIFY&worker_id=review-verifier [32m200[0m 1.145 ms - 13[0m
[0mGET /api/refunds/tasks/next?type=WHATSAPP_BLAST&worker_id=whatsapp-campaign [32m200[0m 0.915 ms - 13[0m
[0mGET /api/refunds/tasks/next?type=REVIEW_VERIFY&worker_id=review-verifier [32m200[0m 1.521 ms - 13[0m
[0mGET /api/refunds/tasks/next?type=WHATSAPP_BLAST&worker_id=whatsapp-campaign [32m200[0m 1.925 ms - 13[0m
[0mGET /api/refunds/tasks/next?type=REVIEW_VERIFY&worker_id=review-verifier [32m200[0m 1.507 ms - 13[0m
[0mGET /api/refunds/queue [32m200[0m 0.846 ms - 12[0m
[0mGET /api/refunds/tasks/next?type=WHATSAPP_BLAST&worker_id=whatsapp-campaign [32m200[0m 1.263 ms - 13[0m
[0mGET /api/refunds/tasks/next?type=REVIEW_VERIFY&worker_id=review-verifier [32m200[0m 1.148 ms - 13[0m
[0mGET /api/refunds/tasks/next?type=WHATSAPP_BLAST&worker_id=whatsapp-campaign [32m200[0m 1.836 ms - 13[0m
[0mGET /api/refunds/tasks/next?type=REVIEW_VERIFY&worker_id=review-verifier [32m200[0m 0.947 ms - 13[0m
[0mGET /api/refunds/tasks/next?type=WHATSAPP_BLAST&worker_id=whatsapp-campaign [32m200[0m 1.821 ms - 13[0m
[0mGET /api/refunds/tasks/next?type=REVIEW_VERIFY&worker_id=review-verifier [32m200[0m 1.768 ms - 13[0m
[0mGET /api/refunds/queue [32m200[0m 0.932 ms - 12[0m
[0mGET /api/refunds/tasks/next?type=WHATSAPP_BLAST&worker_id=whatsapp-campaign [32m200[0m 2.007 ms - 13[0m
[0mGET /api/refunds/tasks/next?type=REVIEW_VERIFY&worker_id=review-verifier [32m200[0m 1.178 ms - 13[0m
[0mGET /api/refunds/tasks/next?type=WHATSAPP_BLAST&worker_id=whatsapp-campaign [32m200[0m 1.790 ms - 13[0m
[0mGET /api/refunds/tasks/next?type=REVIEW_VERIFY&worker_id=review-verifier [32m200[0m 0.925 ms - 13[0m
[0mGET /api/refunds/tasks/next?type=WHATSAPP_BLAST&worker_id=whatsapp-campaign [32m200[0m 1.160 ms - 13[0m
[0mGET /api/refunds/tasks/next?type=REVIEW_VERIFY&worker_id=review-verifier [32m200[0m 0.858 ms - 13[0m
[0mGET /api/refunds/queue [32m200[0m 0.950 ms - 12[0m
[0mGET /api/refunds/tasks/next?type=WHATSAPP_BLAST&worker_id=whatsapp-campaign [32m200[0m 2.112 ms - 13[0m
[0mGET /api/refunds/tasks/next?type=REVIEW_VERIFY&worker_id=review-verifier [32m200[0m 1.031 ms - 13[0m
[0mGET /api/refunds/tasks/next?type=WHATSAPP_BLAST&worker_id=whatsapp-campaign [32m200[0m 1.392 ms - 13[0m
[0mGET /api/refunds/tasks/next?type=REVIEW_VERIFY&worker_id=review-verifier [32m200[0m 1.165 ms - 13[0m
[0mGET /api/refunds/tasks/next?type=WHATSAPP_BLAST&worker_id=whatsapp-campaign [32m200[0m 1.426 ms - 13[0m
[0mGET /api/refunds/tasks/next?type=REVIEW_VERIFY&worker_id=review-verifier [32m200[0m 0.881 ms - 13[0m
[0mGET /api/refunds/queue [32m200[0m 1.143 ms - 12[0m
[0mGET /api/refunds/tasks/next?type=WHATSAPP_BLAST&worker_id=whatsapp-campaign [32m200[0m 0.698 ms - 13[0m
[0mGET /api/refunds/tasks/next?type=REVIEW_VERIFY&worker_id=review-verifier [32m200[0m 2.124 ms - 13[0m
[0mGET /api/refunds/tasks/next?type=WHATSAPP_BLAST&worker_id=whatsapp-campaign [32m200[0m 1.662 ms - 13[0m
[0mGET /api/refunds/tasks/next?type=REVIEW_VERIFY&worker_id=review-verifier [32m200[0m 1.805 ms - 13[0m
[0mGET /api/refunds/tasks/next?type=WHATSAPP_BLAST&worker_id=whatsapp-campaign [32m200[0m 1.539 ms - 13[0m
[0mGET /api/refunds/tasks/next?type=REVIEW_VERIFY&worker_id=review-verifier [32m200[0m 1.077 ms - 13[0m
[0mGET /api/refunds/queue [32m200[0m 1.025 ms - 12[0m
[0mGET /api/refunds/tasks/next?type=WHATSAPP_BLAST&worker_id=whatsapp-campaign [32m200[0m 0.878 ms - 13[0m
[0mGET /api/refunds/tasks/next?type=REVIEW_VERIFY&worker_id=review-verifier [32m200[0m 0.869 ms - 13[0m
[0mGET /api/refunds/tasks/next?type=WHATSAPP_BLAST&worker_id=whatsapp-campaign [32m200[0m 0.725 ms - 13[0m
[0mGET /api/refunds/tasks/next?type=REVIEW_VERIFY&worker_id=review-verifier [32m200[0m 0.896 ms - 13[0m
[0mGET /api/refunds/tasks/next?type=WHATSAPP_BLAST&worker_id=whatsapp-campaign [32m200[0m 1.968 ms - 13[0m
[0mGET /api/refunds/tasks/next?type=REVIEW_VERIFY&worker_id=review-verifier [32m200[0m 2.229 ms - 13[0m
[0mGET /api/refunds/queue [32m200[0m 0.694 ms - 12[0m
[0mGET /api/refunds/tasks/next?type=WHATSAPP_BLAST&worker_id=whatsapp-campaign [32m200[0m 1.366 ms - 13[0m
[0mGET /api/refunds/tasks/next?type=REVIEW_VERIFY&worker_id=review-verifier [32m200[0m 0.758 ms - 13[0m
[0mGET /api/refunds/tasks/next?type=WHATSAPP_BLAST&worker_id=whatsapp-campaign [32m200[0m 0.895 ms - 13[0m
[0mGET /api/refunds/tasks/next?type=REVIEW_VERIFY&worker_id=review-verifier [32m200[0m 1.332 ms - 13[0m
[0mGET /api/refunds/tasks/next?type=WHATSAPP_BLAST&worker_id=whatsapp-campaign [32m200[0m 1.276 ms - 13[0m
[0mGET /api/refunds/tasks/next?type=REVIEW_VERIFY&worker_id=review-verifier [32m200[0m 0.825 ms - 13[0m
[0mGET /api/refunds/queue [32m200[0m 2.932 ms - 12[0m
[0mGET /api/refunds/tasks/next?type=WHATSAPP_BLAST&worker_id=whatsapp-campaign [32m200[0m 0.934 ms - 13[0m
[0mGET /api/refunds/tasks/next?type=REVIEW_VERIFY&worker_id=review-verifier [32m200[0m 1.281 ms - 13[0m
[0mGET /api/refunds/tasks/next?type=WHATSAPP_BLAST&worker_id=whatsapp-campaign [32m200[0m 1.904 ms - 13[0m
[0mGET /api/refunds/tasks/next?type=REVIEW_VERIFY&worker_id=review-verifier [32m200[0m 0.657 ms - 13[0m
[0mGET /api/refunds/tasks/next?type=WHATSAPP_BLAST&worker_id=whatsapp-campaign [32m200[0m 1.043 ms - 13[0m
[0mGET /api/refunds/tasks/next?type=REVIEW_VERIFY&worker_id=review-verifier [32m200[0m 0.761 ms - 13[0m
[0mGET /api/refunds/queue [32m200[0m 0.852 ms - 12[0m
[0mGET /api/refunds/tasks/next?type=WHATSAPP_BLAST&worker_id=whatsapp-campaign [32m200[0m 0.870 ms - 13[0m
[0mGET /api/refunds/tasks/next?type=REVIEW_VERIFY&worker_id=review-verifier [32m200[0m 0.940 ms - 13[0m
[0mGET /api/refunds/tasks/next?type=WHATSAPP_BLAST&worker_id=whatsapp-campaign [32m200[0m 1.180 ms - 13[0m
[0mGET /api/refunds/tasks/next?type=REVIEW_VERIFY&worker_id=review-verifier [32m200[0m 0.912 ms - 13[0m
[0mGET /api/refunds/tasks/next?type=WHATSAPP_BLAST&worker_id=whatsapp-campaign [32m200[0m 1.171 ms - 13[0m
[0mGET /api/refunds/tasks/next?type=REVIEW_VERIFY&worker_id=review-verifier [32m200[0m 1.082 ms - 13[0m
[0mGET /api/refunds/queue [32m200[0m 1.337 ms - 12[0m
[0mGET /api/refunds/tasks/next?type=WHATSAPP_BLAST&worker_id=whatsapp-campaign [32m200[0m 1.017 ms - 13[0m
[0mGET /api/refunds/tasks/next?type=REVIEW_VERIFY&worker_id=review-verifier [32m200[0m 0.720 ms - 13[0m
[0mGET /api/refunds/tasks/next?type=WHATSAPP_BLAST&worker_id=whatsapp-campaign [32m200[0m 0.783 ms - 13[0m
[0mGET /api/refunds/tasks/next?type=REVIEW_VERIFY&worker_id=review-verifier [32m200[0m 2.639 ms - 13[0m
[0mGET /api/refunds/tasks/next?type=WHATSAPP_BLAST&worker_id=whatsapp-campaign [32m200[0m 1.537 ms - 13[0m
[0mGET /api/refunds/tasks/next?type=REVIEW_VERIFY&worker_id=review-verifier [32m200[0m 0.946 ms - 13[0m
[0mGET /api/refunds/queue [32m200[0m 1.872 ms - 12[0m
[0mGET /api/refunds/tasks/next?type=WHATSAPP_BLAST&worker_id=whatsapp-campaign [32m200[0m 1.325 ms - 13[0m
[0mGET /api/refunds/tasks/next?type=REVIEW_VERIFY&worker_id=review-verifier [32m200[0m 0.985 ms - 13[0m
[0mGET /api/refunds/tasks/next?type=WHATSAPP_BLAST&worker_id=whatsapp-campaign [32m200[0m 1.174 ms - 13[0m
[0mGET /api/refunds/tasks/next?type=REVIEW_VERIFY&worker_id=review-verifier [32m200[0m 1.550 ms - 13[0m
[0mGET /api/refunds/tasks/next?type=WHATSAPP_BLAST&worker_id=whatsapp-campaign [32m200[0m 1.085 ms - 13[0m
[0mGET /api/refunds/tasks/next?type=REVIEW_VERIFY&worker_id=review-verifier [32m200[0m 0.850 ms - 13[0m
[0mGET /api/refunds/queue [32m200[0m 1.132 ms - 12[0m
[0mGET /api/refunds/tasks/next?type=WHATSAPP_BLAST&worker_id=whatsapp-campaign [32m200[0m 0.872 ms - 13[0m
[0mGET /api/refunds/tasks/next?type=REVIEW_VERIFY&worker_id=review-verifier [32m200[0m 1.306 ms - 13[0m
[0mGET /api/refunds/tasks/next?type=WHATSAPP_BLAST&worker_id=whatsapp-campaign [32m200[0m 2.280 ms - 13[0m
[0mGET /api/refunds/tasks/next?type=REVIEW_VERIFY&worker_id=review-verifier [32m200[0m 1.229 ms - 13[0m
[0mGET /api/refunds/tasks/next?type=WHATSAPP_BLAST&worker_id=whatsapp-campaign [32m200[0m 1.106 ms - 13[0m
[0mGET /api/refunds/tasks/next?type=REVIEW_VERIFY&worker_id=review-verifier [32m200[0m 1.004 ms - 13[0m
[0mGET /api/refunds/queue [32m200[0m 2.546 ms - 12[0m
[0mGET /api/refunds/tasks/next?type=WHATSAPP_BLAST&worker_id=whatsapp-campaign [32m200[0m 0.922 ms - 13[0m
[0mGET /api/refunds/tasks/next?type=REVIEW_VERIFY&worker_id=review-verifier [32m200[0m 0.915 ms - 13[0m
[0mGET /api/refunds/tasks/next?type=WHATSAPP_BLAST&worker_id=whatsapp-campaign [32m200[0m 1.034 ms - 13[0m
[0mGET /api/refunds/tasks/next?type=REVIEW_VERIFY&worker_id=review-verifier [32m200[0m 0.960 ms - 13[0m
[0mGET /api/refunds/tasks/next?type=WHATSAPP_BLAST&worker_id=whatsapp-campaign [32m200[0m 1.126 ms - 13[0m
[0mGET /api/refunds/tasks/next?type=REVIEW_VERIFY&worker_id=review-verifier [32m200[0m 2.022 ms - 13[0m
[0mGET /api/refunds/queue [32m200[0m 1.411 ms - 12[0m
[0mGET /api/refunds/tasks/next?type=WHATSAPP_BLAST&worker_id=whatsapp-campaign [32m200[0m 1.900 ms - 13[0m
[0mGET /api/refunds/tasks/next?type=REVIEW_VERIFY&worker_id=review-verifier [32m200[0m 0.936 ms - 13[0m
[0mGET /api/refunds/tasks/next?type=WHATSAPP_BLAST&worker_id=whatsapp-campaign [32m200[0m 0.892 ms - 13[0m
[0mGET /api/refunds/tasks/next?type=REVIEW_VERIFY&worker_id=review-verifier [32m200[0m 2.126 ms - 13[0m
[0mGET /api/refunds/tasks/next?type=WHATSAPP_BLAST&worker_id=whatsapp-campaign [32m200[0m 1.626 ms - 13[0m
[0mGET /api/refunds/tasks/next?type=REVIEW_VERIFY&worker_id=review-verifier [32m200[0m 1.228 ms - 13[0m
[0mGET /api/refunds/queue [32m200[0m 1.105 ms - 12[0m
[0mGET /api/refunds/tasks/next?type=WHATSAPP_BLAST&worker_id=whatsapp-campaign [32m200[0m 1.710 ms - 13[0m
[0mGET /api/refunds/tasks/next?type=REVIEW_VERIFY&worker_id=review-verifier [32m200[0m 1.091 ms - 13[0m
[0mGET /api/refunds/tasks/next?type=WHATSAPP_BLAST&worker_id=whatsapp-campaign [32m200[0m 1.841 ms - 13[0m
[0mGET /api/refunds/tasks/next?type=REVIEW_VERIFY&worker_id=review-verifier [32m200[0m 0.730 ms - 13[0m
[0mGET /api/refunds/tasks/next?type=WHATSAPP_BLAST&worker_id=whatsapp-campaign [32m200[0m 0.901 ms - 13[0m
[0mGET /api/refunds/tasks/next?type=REVIEW_VERIFY&worker_id=review-verifier [32m200[0m 0.668 ms - 13[0m
[0mGET /api/refunds/queue [32m200[0m 1.131 ms - 12[0m
[0mGET /api/refunds/tasks/next?type=WHATSAPP_BLAST&worker_id=whatsapp-campaign [32m200[0m 1.183 ms - 13[0m
[0mGET /api/refunds/tasks/next?type=REVIEW_VERIFY&worker_id=review-verifier [32m200[0m 0.972 ms - 13[0m
[0mGET /api/refunds/tasks/next?type=WHATSAPP_BLAST&worker_id=whatsapp-campaign [32m200[0m 0.997 ms - 13[0m
[0mGET /api/refunds/tasks/next?type=REVIEW_VERIFY&worker_id=review-verifier [32m200[0m 1.281 ms - 13[0m
[0mGET /api/refunds/tasks/next?type=WHATSAPP_BLAST&worker_id=whatsapp-campaign [32m200[0m 0.906 ms - 13[0m
[0mGET /api/refunds/tasks/next?type=REVIEW_VERIFY&worker_id=review-verifier [32m200[0m 0.953 ms - 13[0m
[0mGET /api/refunds/queue [32m200[0m 1.003 ms - 12[0m
[0mGET /api/refunds/tasks/next?type=WHATSAPP_BLAST&worker_id=whatsapp-campaign [32m200[0m 0.894 ms - 13[0m
[0mGET /api/refunds/tasks/next?type=REVIEW_VERIFY&worker_id=review-verifier [32m200[0m 0.741 ms - 13[0m
[0mGET /api/refunds/tasks/next?type=WHATSAPP_BLAST&worker_id=whatsapp-campaign [32m200[0m 0.945 ms - 13[0m
[0mGET /api/refunds/tasks/next?type=REVIEW_VERIFY&worker_id=review-verifier [32m200[0m 0.673 ms - 13[0m
[0mGET /api/refunds/tasks/next?type=WHATSAPP_BLAST&worker_id=whatsapp-campaign [32m200[0m 1.515 ms - 13[0m
[0mGET /api/refunds/tasks/next?type=REVIEW_VERIFY&worker_id=review-verifier [32m200[0m 0.993 ms - 13[0m
[0mGET /api/refunds/queue [32m200[0m 1.179 ms - 12[0m
[0mGET /api/refunds/tasks/next?type=WHATSAPP_BLAST&worker_id=whatsapp-campaign [32m200[0m 1.828 ms - 13[0m
[0mGET /api/refunds/tasks/next?type=REVIEW_VERIFY&worker_id=review-verifier [32m200[0m 0.927 ms - 13[0m
[0mGET /api/refunds/tasks/next?type=WHATSAPP_BLAST&worker_id=whatsapp-campaign [32m200[0m 0.697 ms - 13[0m
[0mGET /api/refunds/tasks/next?type=REVIEW_VERIFY&worker_id=review-verifier [32m200[0m 0.861 ms - 13[0m
[0mGET /api/refunds/tasks/next?type=WHATSAPP_BLAST&worker_id=whatsapp-campaign [32m200[0m 0.814 ms - 13[0m
[0mGET /api/refunds/tasks/next?type=REVIEW_VERIFY&worker_id=review-verifier [32m200[0m 1.833 ms - 13[0m
[0mGET /api/refunds/queue [32m200[0m 1.183 ms - 12[0m
[0mGET /api/refunds/tasks/next?type=WHATSAPP_BLAST&worker_id=whatsapp-campaign [32m200[0m 1.968 ms - 13[0m
[0mGET /api/refunds/tasks/next?type=REVIEW_VERIFY&worker_id=review-verifier [32m200[0m 1.160 ms - 13[0m
[0mGET /api/refunds/tasks/next?type=WHATSAPP_BLAST&worker_id=whatsapp-campaign [32m200[0m 1.255 ms - 13[0m
[0mGET /api/refunds/tasks/next?type=REVIEW_VERIFY&worker_id=review-verifier [32m200[0m 0.982 ms - 13[0m
[0mGET /api/refunds/tasks/next?type=WHATSAPP_BLAST&worker_id=whatsapp-campaign [32m200[0m 1.059 ms - 13[0m
[0mGET /api/refunds/tasks/next?type=REVIEW_VERIFY&worker_id=review-verifier [32m200[0m 1.259 ms - 13[0m
[0mGET /api/refunds/queue [32m200[0m 2.579 ms - 12[0m
[0mGET /api/refunds/tasks/next?type=WHATSAPP_BLAST&worker_id=whatsapp-campaign [32m200[0m 1.395 ms - 13[0m
[0mGET /api/refunds/tasks/next?type=REVIEW_VERIFY&worker_id=review-verifier [32m200[0m 2.813 ms - 13[0m
[0mGET /api/refunds/tasks/next?type=WHATSAPP_BLAST&worker_id=whatsapp-campaign [32m200[0m 4.407 ms - 13[0m
[0mGET /api/refunds/tasks/next?type=REVIEW_VERIFY&worker_id=review-verifier [32m200[0m 0.843 ms - 13[0m
[0mGET /api/refunds/tasks/next?type=WHATSAPP_BLAST&worker_id=whatsapp-campaign [32m200[0m 3.776 ms - 13[0m
[0mGET /api/refunds/tasks/next?type=REVIEW_VERIFY&worker_id=review-verifier [32m200[0m 0.724 ms - 13[0m
[0mGET /api/refunds/queue [32m200[0m 0.898 ms - 12[0m
[0mGET /api/refunds/tasks/next?type=WHATSAPP_BLAST&worker_id=whatsapp-campaign [32m200[0m 0.772 ms - 13[0m
[0mGET /api/refunds/tasks/next?type=REVIEW_VERIFY&worker_id=review-verifier [32m200[0m 1.433 ms - 13[0m
[0mGET /api/refunds/tasks/next?type=WHATSAPP_BLAST&worker_id=whatsapp-campaign [32m200[0m 1.456 ms - 13[0m
[0mGET /api/refunds/tasks/next?type=REVIEW_VERIFY&worker_id=review-verifier [32m200[0m 1.040 ms - 13[0m
[0mGET /api/refunds/tasks/next?type=WHATSAPP_BLAST&worker_id=whatsapp-campaign [32m200[0m 0.634 ms - 13[0m
[0mGET /api/refunds/tasks/next?type=REVIEW_VERIFY&worker_id=review-verifier [32m200[0m 1.506 ms - 13[0m
[0mGET /api/refunds/queue [32m200[0m 1.027 ms - 12[0m
[0mGET /api/refunds/tasks/next?type=WHATSAPP_BLAST&worker_id=whatsapp-campaign [32m200[0m 1.063 ms - 13[0m
[0mGET /api/refunds/tasks/next?type=REVIEW_VERIFY&worker_id=review-verifier [32m200[0m 0.853 ms - 13[0m
[0mGET /api/refunds/tasks/next?type=WHATSAPP_BLAST&worker_id=whatsapp-campaign [32m200[0m 1.328 ms - 13[0m
[0mGET /api/refunds/tasks/next?type=REVIEW_VERIFY&worker_id=review-verifier [32m200[0m 1.007 ms - 13[0m
[0mGET /api/refunds/tasks/next?type=WHATSAPP_BLAST&worker_id=whatsapp-campaign [32m200[0m 0.856 ms - 13[0m
[0mGET /api/refunds/tasks/next?type=REVIEW_VERIFY&worker_id=review-verifier [32m200[0m 0.596 ms - 13[0m
[0mGET /api/refunds/queue [32m200[0m 1.113 ms - 12[0m
[0mGET /api/refunds/tasks/next?type=WHATSAPP_BLAST&worker_id=whatsapp-campaign [32m200[0m 2.052 ms - 13[0m
[0mGET /api/refunds/tasks/next?type=REVIEW_VERIFY&worker_id=review-verifier [32m200[0m 1.129 ms - 13[0m
[0mGET /api/refunds/tasks/next?type=WHATSAPP_BLAST&worker_id=whatsapp-campaign [32m200[0m 1.245 ms - 13[0m
[0mGET /api/refunds/tasks/next?type=REVIEW_VERIFY&worker_id=review-verifier [32m200[0m 0.836 ms - 13[0m
[0mGET /api/refunds/tasks/next?type=WHATSAPP_BLAST&worker_id=whatsapp-campaign [32m200[0m 0.766 ms - 13[0m
[0mGET /api/refunds/tasks/next?type=REVIEW_VERIFY&worker_id=review-verifier [32m200[0m 0.845 ms - 13[0m
[0mGET /api/refunds/queue [32m200[0m 1.076 ms - 12[0m
[0mGET /api/refunds/tasks/next?type=WHATSAPP_BLAST&worker_id=whatsapp-campaign [32m200[0m 0.704 ms - 13[0m
[0mGET /api/refunds/tasks/next?type=REVIEW_VERIFY&worker_id=review-verifier [32m200[0m 0.711 ms - 13[0m
[0mGET /api/refunds/tasks/next?type=WHATSAPP_BLAST&worker_id=whatsapp-campaign [32m200[0m 1.271 ms - 13[0m
[0mGET /api/refunds/tasks/next?type=REVIEW_VERIFY&worker_id=review-verifier [32m200[0m 0.956 ms - 13[0m
[0mGET /api/refunds/tasks/next?type=WHATSAPP_BLAST&worker_id=whatsapp-campaign [32m200[0m 0.941 ms - 13[0m
[0mGET /api/refunds/tasks/next?type=REVIEW_VERIFY&worker_id=review-verifier [32m200[0m 0.789 ms - 13[0m
[0mGET /api/refunds/queue [32m200[0m 1.009 ms - 12[0m
[0mGET /api/refunds/tasks/next?type=WHATSAPP_BLAST&worker_id=whatsapp-campaign [32m200[0m 0.799 ms - 13[0m
[0mGET /api/refunds/tasks/next?type=REVIEW_VERIFY&worker_id=review-verifier [32m200[0m 1.737 ms - 13[0m
[0mGET /api/refunds/tasks/next?type=WHATSAPP_BLAST&worker_id=whatsapp-campaign [32m200[0m 1.496 ms - 13[0m
[0mGET /api/refunds/tasks/next?type=REVIEW_VERIFY&worker_id=review-verifier [32m200[0m 0.812 ms - 13[0m
[0mGET /api/refunds/tasks/next?type=WHATSAPP_BLAST&worker_id=whatsapp-campaign [32m200[0m 0.917 ms - 13[0m
[0mGET /api/refunds/tasks/next?type=REVIEW_VERIFY&worker_id=review-verifier [32m200[0m 0.738 ms - 13[0m
[0mGET /api/refunds/queue [32m200[0m 1.048 ms - 12[0m
[0mGET /api/refunds/tasks/next?type=WHATSAPP_BLAST&worker_id=whatsapp-campaign [32m200[0m 0.839 ms - 13[0m
[0mGET /api/refunds/tasks/next?type=REVIEW_VERIFY&worker_id=review-verifier [32m200[0m 0.754 ms - 13[0m
[0mGET /api/refunds/tasks/next?type=WHATSAPP_BLAST&worker_id=whatsapp-campaign [32m200[0m 0.831 ms - 13[0m
[0mGET /api/refunds/tasks/next?type=REVIEW_VERIFY&worker_id=review-verifier [32m200[0m 0.596 ms - 13[0m
[0mGET /api/refunds/tasks/next?type=WHATSAPP_BLAST&worker_id=whatsapp-campaign [32m200[0m 1.157 ms - 13[0m
[0mGET /api/refunds/tasks/next?type=REVIEW_VERIFY&worker_id=review-verifier [32m200[0m 0.743 ms - 13[0m
[0mGET /api/refunds/queue [32m200[0m 1.728 ms - 12[0m
[0mGET /api/refunds/tasks/next?type=WHATSAPP_BLAST&worker_id=whatsapp-campaign [32m200[0m 1.048 ms - 13[0m
[0mGET /api/refunds/tasks/next?type=REVIEW_VERIFY&worker_id=review-verifier [32m200[0m 0.599 ms - 13[0m
[0mGET /api/refunds/tasks/next?type=WHATSAPP_BLAST&worker_id=whatsapp-campaign [32m200[0m 0.966 ms - 13[0m
[0mGET /api/refunds/tasks/next?type=REVIEW_VERIFY&worker_id=review-verifier [32m200[0m 1.230 ms - 13[0m
[0mGET /api/refunds/tasks/next?type=WHATSAPP_BLAST&worker_id=whatsapp-campaign [32m200[0m 1.113 ms - 13[0m
[0mGET /api/refunds/tasks/next?type=REVIEW_VERIFY&worker_id=review-verifier [32m200[0m 1.607 ms - 13[0m
[0mGET /api/refunds/queue [32m200[0m 0.937 ms - 12[0m
[0mGET /api/refunds/tasks/next?type=WHATSAPP_BLAST&worker_id=whatsapp-campaign [32m200[0m 1.301 ms - 13[0m
[0mGET /api/refunds/tasks/next?type=REVIEW_VERIFY&worker_id=review-verifier [32m200[0m 1.092 ms - 13[0m
[0mGET /api/refunds/tasks/next?type=WHATSAPP_BLAST&worker_id=whatsapp-campaign [32m200[0m 0.804 ms - 13[0m
[0mGET /api/refunds/tasks/next?type=REVIEW_VERIFY&worker_id=review-verifier [32m200[0m 0.783 ms - 13[0m
[0mGET /api/refunds/tasks/next?type=WHATSAPP_BLAST&worker_id=whatsapp-campaign [32m200[0m 0.934 ms - 13[0m
[0mGET /api/refunds/tasks/next?type=REVIEW_VERIFY&worker_id=review-verifier [32m200[0m 0.815 ms - 13[0m
[0mGET /api/refunds/queue [32m200[0m 0.877 ms - 12[0m
[0mGET /api/refunds/tasks/next?type=WHATSAPP_BLAST&worker_id=whatsapp-campaign [32m200[0m 0.800 ms - 13[0m
[0mGET /api/refunds/tasks/next?type=REVIEW_VERIFY&worker_id=review-verifier [32m200[0m 1.258 ms - 13[0m
[0mGET /api/refunds/tasks/next?type=WHATSAPP_BLAST&worker_id=whatsapp-campaign [32m200[0m 0.932 ms - 13[0m
[0mGET /api/refunds/tasks/next?type=REVIEW_VERIFY&worker_id=review-verifier [32m200[0m 1.074 ms - 13[0m
[0mGET /api/refunds/tasks/next?type=WHATSAPP_BLAST&worker_id=whatsapp-campaign [32m200[0m 3.183 ms - 13[0m
[0mGET /api/refunds/tasks/next?type=REVIEW_VERIFY&worker_id=review-verifier [32m200[0m 0.780 ms - 13[0m
[0mGET /api/refunds/queue [32m200[0m 1.002 ms - 12[0m
[0mGET /api/refunds/tasks/next?type=WHATSAPP_BLAST&worker_id=whatsapp-campaign [32m200[0m 1.904 ms - 13[0m
[0mGET /api/refunds/tasks/next?type=REVIEW_VERIFY&worker_id=review-verifier [32m200[0m 0.747 ms - 13[0m
[0mGET /api/refunds/tasks/next?type=WHATSAPP_BLAST&worker_id=whatsapp-campaign [32m200[0m 0.751 ms - 13[0m
[0mGET /api/refunds/tasks/next?type=REVIEW_VERIFY&worker_id=review-verifier [32m200[0m 1.160 ms - 13[0m
[0mGET /api/refunds/tasks/next?type=WHATSAPP_BLAST&worker_id=whatsapp-campaign [32m200[0m 1.045 ms - 13[0m
[0mGET /api/refunds/tasks/next?type=REVIEW_VERIFY&worker_id=review-verifier [32m200[0m 1.177 ms - 13[0m
[0mGET /api/refunds/queue [32m200[0m 0.896 ms - 12[0m
[0mGET /api/refunds/tasks/next?type=WHATSAPP_BLAST&worker_id=whatsapp-campaign [32m200[0m 0.792 ms - 13[0m
[0mGET /api/refunds/tasks/next?type=REVIEW_VERIFY&worker_id=review-verifier [32m200[0m 0.914 ms - 13[0m
[0mGET /api/refunds/tasks/next?type=WHATSAPP_BLAST&worker_id=whatsapp-campaign [32m200[0m 0.782 ms - 13[0m
[0mGET /api/refunds/tasks/next?type=REVIEW_VERIFY&worker_id=review-verifier [32m200[0m 2.058 ms - 13[0m
[0mGET /api/refunds/tasks/next?type=WHATSAPP_BLAST&worker_id=whatsapp-campaign [32m200[0m 0.701 ms - 13[0m
[0mGET /api/refunds/tasks/next?type=REVIEW_VERIFY&worker_id=review-verifier [32m200[0m 0.925 ms - 13[0m
[0mGET /api/refunds/queue [32m200[0m 1.366 ms - 12[0m
[0mGET /api/refunds/tasks/next?type=WHATSAPP_BLAST&worker_id=whatsapp-campaign [32m200[0m 1.075 ms - 13[0m
[0mGET /api/refunds/tasks/next?type=REVIEW_VERIFY&worker_id=review-verifier [32m200[0m 1.109 ms - 13[0m
[0mGET /api/refunds/tasks/next?type=WHATSAPP_BLAST&worker_id=whatsapp-campaign [32m200[0m 0.699 ms - 13[0m
[0mGET /api/refunds/tasks/next?type=REVIEW_VERIFY&worker_id=review-verifier [32m200[0m 1.710 ms - 13[0m
[0mGET /api/refunds/tasks/next?type=WHATSAPP_BLAST&worker_id=whatsapp-campaign [32m200[0m 1.736 ms - 13[0m
[0mGET /api/refunds/tasks/next?type=REVIEW_VERIFY&worker_id=review-verifier [32m200[0m 0.682 ms - 13[0m
[0mGET /api/refunds/queue [32m200[0m 0.965 ms - 12[0m
[0mGET /api/refunds/tasks/next?type=WHATSAPP_BLAST&worker_id=whatsapp-campaign [32m200[0m 0.750 ms - 13[0m
[0mGET /api/refunds/tasks/next?type=REVIEW_VERIFY&worker_id=review-verifier [32m200[0m 2.051 ms - 13[0m
[0mGET /api/refunds/tasks/next?type=WHATSAPP_BLAST&worker_id=whatsapp-campaign [32m200[0m 1.234 ms - 13[0m
[0mGET /api/refunds/tasks/next?type=REVIEW_VERIFY&worker_id=review-verifier [32m200[0m 1.273 ms - 13[0m
[0mGET /api/refunds/tasks/next?type=WHATSAPP_BLAST&worker_id=whatsapp-campaign [32m200[0m 0.987 ms - 13[0m
[0mGET /api/refunds/tasks/next?type=REVIEW_VERIFY&worker_id=review-verifier [32m200[0m 0.794 ms - 13[0m
[0mGET /api/refunds/queue [32m200[0m 0.758 ms - 12[0m
[0mGET /api/refunds/tasks/next?type=WHATSAPP_BLAST&worker_id=whatsapp-campaign [32m200[0m 0.704 ms - 13[0m
[0mGET /api/refunds/tasks/next?type=REVIEW_VERIFY&worker_id=review-verifier [32m200[0m 0.884 ms - 13[0m
[0mGET /api/refunds/tasks/next?type=WHATSAPP_BLAST&worker_id=whatsapp-campaign [32m200[0m 0.757 ms - 13[0m
[0mGET /api/refunds/tasks/next?type=REVIEW_VERIFY&worker_id=review-verifier [32m200[0m 0.960 ms - 13[0m
[0mGET /api/refunds/tasks/next?type=WHATSAPP_BLAST&worker_id=whatsapp-campaign [32m200[0m 0.728 ms - 13[0m
[0mGET /api/refunds/tasks/next?type=REVIEW_VERIFY&worker_id=review-verifier [32m200[0m 0.917 ms - 13[0m
[0mGET /api/refunds/queue [32m200[0m 1.528 ms - 12[0m
[0mGET /api/refunds/tasks/next?type=WHATSAPP_BLAST&worker_id=whatsapp-campaign [32m200[0m 0.992 ms - 13[0m
[0mGET /api/refunds/tasks/next?type=REVIEW_VERIFY&worker_id=review-verifier [32m200[0m 0.669 ms - 13[0m
[0mGET /api/refunds/tasks/next?type=WHATSAPP_BLAST&worker_id=whatsapp-campaign [32m200[0m 0.937 ms - 13[0m
[0mGET /api/refunds/tasks/next?type=REVIEW_VERIFY&worker_id=review-verifier [32m200[0m 0.738 ms - 13[0m
[0mGET /api/refunds/tasks/next?type=WHATSAPP_BLAST&worker_id=whatsapp-campaign [32m200[0m 0.891 ms - 13[0m
[0mGET /api/refunds/tasks/next?type=REVIEW_VERIFY&worker_id=review-verifier [32m200[0m 3.880 ms - 13[0m
[0mGET /api/refunds/queue [32m200[0m 1.104 ms - 12[0m
[0mGET /api/refunds/tasks/next?type=WHATSAPP_BLAST&worker_id=whatsapp-campaign [32m200[0m 0.789 ms - 13[0m
[0mGET /api/refunds/tasks/next?type=REVIEW_VERIFY&worker_id=review-verifier [32m200[0m 0.912 ms - 13[0m
[0mGET /api/refunds/tasks/next?type=WHATSAPP_BLAST&worker_id=whatsapp-campaign [32m200[0m 0.912 ms - 13[0m
[0mGET /api/refunds/tasks/next?type=REVIEW_VERIFY&worker_id=review-verifier [32m200[0m 0.805 ms - 13[0m
[0mGET /api/refunds/tasks/next?type=WHATSAPP_BLAST&worker_id=whatsapp-campaign [32m200[0m 0.718 ms - 13[0m
[0mGET /api/refunds/tasks/next?type=REVIEW_VERIFY&worker_id=review-verifier [32m200[0m 1.048 ms - 13[0m
[0mGET /api/refunds/queue [32m200[0m 0.804 ms - 12[0m
[0mGET /api/refunds/tasks/next?type=WHATSAPP_BLAST&worker_id=whatsapp-campaign [32m200[0m 0.876 ms - 13[0m
[0mGET /api/refunds/tasks/next?type=REVIEW_VERIFY&worker_id=review-verifier [32m200[0m 0.969 ms - 13[0m
[0mGET /api/refunds/tasks/next?type=WHATSAPP_BLAST&worker_id=whatsapp-campaign [32m200[0m 1.266 ms - 13[0m
[0mGET /api/refunds/tasks/next?type=REVIEW_VERIFY&worker_id=review-verifier [32m200[0m 1.002 ms - 13[0m
[0mGET /api/refunds/tasks/next?type=WHATSAPP_BLAST&worker_id=whatsapp-campaign [32m200[0m 0.800 ms - 13[0m
[0mGET /api/refunds/tasks/next?type=REVIEW_VERIFY&worker_id=review-verifier [32m200[0m 0.693 ms - 13[0m
[0mGET /api/refunds/queue [32m200[0m 0.906 ms - 12[0m
[0mGET /api/refunds/tasks/next?type=WHATSAPP_BLAST&worker_id=whatsapp-campaign [32m200[0m 0.681 ms - 13[0m
[0mGET /api/refunds/tasks/next?type=REVIEW_VERIFY&worker_id=review-verifier [32m200[0m 0.841 ms - 13[0m
[0mGET /api/refunds/tasks/next?type=WHATSAPP_BLAST&worker_id=whatsapp-campaign [32m200[0m 0.866 ms - 13[0m
[0mGET /api/refunds/tasks/next?type=REVIEW_VERIFY&worker_id=review-verifier [32m200[0m 1.061 ms - 13[0m
[0mGET /api/refunds/tasks/next?type=WHATSAPP_BLAST&worker_id=whatsapp-campaign [32m200[0m 0.980 ms - 13[0m
[0mGET /api/refunds/tasks/next?type=REVIEW_VERIFY&worker_id=review-verifier [32m200[0m 0.734 ms - 13[0m
[0mGET /api/refunds/queue [32m200[0m 1.018 ms - 12[0m
[0mGET /api/refunds/tasks/next?type=WHATSAPP_BLAST&worker_id=whatsapp-campaign [32m200[0m 0.691 ms - 13[0m
[0mGET /api/refunds/tasks/next?type=REVIEW_VERIFY&worker_id=review-verifier [32m200[0m 0.709 ms - 13[0m
[0mGET /api/refunds/tasks/next?type=WHATSAPP_BLAST&worker_id=whatsapp-campaign [32m200[0m 0.756 ms - 13[0m
[0mGET /api/refunds/tasks/next?type=REVIEW_VERIFY&worker_id=review-verifier [32m200[0m 1.317 ms - 13[0m
[0mGET /api/refunds/tasks/next?type=WHATSAPP_BLAST&worker_id=whatsapp-campaign [32m200[0m 0.831 ms - 13[0m
[0mGET /api/refunds/tasks/next?type=REVIEW_VERIFY&worker_id=review-verifier [32m200[0m 1.184 ms - 13[0m
[0mGET /api/refunds/queue [32m200[0m 1.292 ms - 12[0m
[0mGET /api/refunds/tasks/next?type=WHATSAPP_BLAST&worker_id=whatsapp-campaign [32m200[0m 1.054 ms - 13[0m
[0mGET /api/refunds/tasks/next?type=REVIEW_VERIFY&worker_id=review-verifier [32m200[0m 0.826 ms - 13[0m
[0mGET /api/refunds/tasks/next?type=WHATSAPP_BLAST&worker_id=whatsapp-campaign [32m200[0m 0.775 ms - 13[0m
[0mGET /api/refunds/tasks/next?type=REVIEW_VERIFY&worker_id=review-verifier [32m200[0m 0.705 ms - 13[0m
[0mGET /api/refunds/tasks/next?type=WHATSAPP_BLAST&worker_id=whatsapp-campaign [32m200[0m 0.758 ms - 13[0m
[0mGET /api/refunds/tasks/next?type=REVIEW_VERIFY&worker_id=review-verifier [32m200[0m 1.484 ms - 13[0m
[0mGET /api/refunds/queue [32m200[0m 0.769 ms - 12[0m
[0mGET /api/refunds/tasks/next?type=WHATSAPP_BLAST&worker_id=whatsapp-campaign [32m200[0m 1.086 ms - 13[0m
[0mGET /api/refunds/tasks/next?type=REVIEW_VERIFY&worker_id=review-verifier [32m200[0m 0.938 ms - 13[0m
[0mGET /api/refunds/tasks/next?type=WHATSAPP_BLAST&worker_id=whatsapp-campaign [32m200[0m 1.046 ms - 13[0m
[0mGET /api/refunds/tasks/next?type=REVIEW_VERIFY&worker_id=review-verifier [32m200[0m 0.734 ms - 13[0m
[0mGET /api/refunds/tasks/next?type=WHATSAPP_BLAST&worker_id=whatsapp-campaign [32m200[0m 0.758 ms - 13[0m
[0mGET /api/refunds/tasks/next?type=REVIEW_VERIFY&worker_id=review-verifier [32m200[0m 0.689 ms - 13[0m
[0mGET /api/refunds/queue [32m200[0m 1.006 ms - 12[0m
[0mGET /api/refunds/tasks/next?type=WHATSAPP_BLAST&worker_id=whatsapp-campaign [32m200[0m 0.668 ms - 13[0m
[0mGET /api/refunds/tasks/next?type=REVIEW_VERIFY&worker_id=review-verifier [32m200[0m 2.315 ms - 13[0m
[0mGET /api/refunds/tasks/next?type=WHATSAPP_BLAST&worker_id=whatsapp-campaign [32m200[0m 0.939 ms - 13[0m
[0mGET /api/refunds/tasks/next?type=REVIEW_VERIFY&worker_id=review-verifier [32m200[0m 0.924 ms - 13[0m
[0mGET /api/refunds/tasks/next?type=WHATSAPP_BLAST&worker_id=whatsapp-campaign [32m200[0m 1.079 ms - 13[0m
[0mGET /api/refunds/tasks/next?type=REVIEW_VERIFY&worker_id=review-verifier [32m200[0m 0.815 ms - 13[0m
[0mGET /api/refunds/queue [32m200[0m 1.156 ms - 12[0m
[0mGET /api/refunds/tasks/next?type=WHATSAPP_BLAST&worker_id=whatsapp-campaign [32m200[0m 0.717 ms - 13[0m
[0mGET /api/refunds/tasks/next?type=REVIEW_VERIFY&worker_id=review-verifier [32m200[0m 1.591 ms - 13[0m
[0mGET /api/refunds/tasks/next?type=WHATSAPP_BLAST&worker_id=whatsapp-campaign [32m200[0m 0.679 ms - 13[0m
[0mGET /api/refunds/tasks/next?type=REVIEW_VERIFY&worker_id=review-verifier [32m200[0m 0.963 ms - 13[0m
[0mGET /api/refunds/tasks/next?type=WHATSAPP_BLAST&worker_id=whatsapp-campaign [32m200[0m 0.931 ms - 13[0m
[0mGET /api/refunds/tasks/next?type=REVIEW_VERIFY&worker_id=review-verifier [32m200[0m 0.622 ms - 13[0m
[0mGET /api/refunds/queue [32m200[0m 1.111 ms - 12[0m
[0mGET /api/refunds/tasks/next?type=WHATSAPP_BLAST&worker_id=whatsapp-campaign [32m200[0m 0.958 ms - 13[0m
[0mGET /api/refunds/tasks/next?type=REVIEW_VERIFY&worker_id=review-verifier [32m200[0m 0.694 ms - 13[0m
[0mGET /api/refunds/tasks/next?type=WHATSAPP_BLAST&worker_id=whatsapp-campaign [32m200[0m 1.694 ms - 13[0m
[0mGET /api/refunds/tasks/next?type=REVIEW_VERIFY&worker_id=review-verifier [32m200[0m 0.768 ms - 13[0m
[0mGET /api/refunds/tasks/next?type=WHATSAPP_BLAST&worker_id=whatsapp-campaign [32m200[0m 0.733 ms - 13[0m
[0mGET /api/refunds/tasks/next?type=REVIEW_VERIFY&worker_id=review-verifier [32m200[0m 0.630 ms - 13[0m
[0mGET /api/refunds/queue [32m200[0m 0.784 ms - 12[0m
[0mGET /api/refunds/tasks/next?type=WHATSAPP_BLAST&worker_id=whatsapp-campaign [32m200[0m 0.895 ms - 13[0m
[0mGET /api/refunds/tasks/next?type=REVIEW_VERIFY&worker_id=review-verifier [32m200[0m 0.608 ms - 13[0m
[0mGET /api/refunds/tasks/next?type=WHATSAPP_BLAST&worker_id=whatsapp-campaign [32m200[0m 0.930 ms - 13[0m
[0mGET /api/refunds/tasks/next?type=REVIEW_VERIFY&worker_id=review-verifier [32m200[0m 0.665 ms - 13[0m
[0mGET /api/refunds/tasks/next?type=WHATSAPP_BLAST&worker_id=whatsapp-campaign [32m200[0m 1.622 ms - 13[0m
[0mGET /api/refunds/tasks/next?type=REVIEW_VERIFY&worker_id=review-verifier [32m200[0m 0.676 ms - 13[0m
[0mGET /api/refunds/queue [32m200[0m 0.869 ms - 12[0m
[0mGET /api/refunds/tasks/next?type=WHATSAPP_BLAST&worker_id=whatsapp-campaign [32m200[0m 0.669 ms - 13[0m
[0mGET /api/refunds/tasks/next?type=REVIEW_VERIFY&worker_id=review-verifier [32m200[0m 1.068 ms - 13[0m
[0mGET /api/refunds/tasks/next?type=WHATSAPP_BLAST&worker_id=whatsapp-campaign [32m200[0m 0.785 ms - 13[0m
[0mGET /api/refunds/tasks/next?type=REVIEW_VERIFY&worker_id=review-verifier [32m200[0m 0.629 ms - 13[0m
[0mGET /api/refunds/tasks/next?type=WHATSAPP_BLAST&worker_id=whatsapp-campaign [32m200[0m 1.867 ms - 13[0m
[0mGET /api/refunds/tasks/next?type=REVIEW_VERIFY&worker_id=review-verifier [32m200[0m 1.338 ms - 13[0m
[0mGET /api/refunds/queue [32m200[0m 0.970 ms - 12[0m
[0mGET /api/refunds/tasks/next?type=WHATSAPP_BLAST&worker_id=whatsapp-campaign [32m200[0m 0.653 ms - 13[0m
[0mGET /api/refunds/tasks/next?type=REVIEW_VERIFY&worker_id=review-verifier [32m200[0m 0.727 ms - 13[0m
[0mGET /api/refunds/tasks/next?type=WHATSAPP_BLAST&worker_id=whatsapp-campaign [32m200[0m 0.751 ms - 13[0m
[0mGET /api/refunds/tasks/next?type=REVIEW_VERIFY&worker_id=review-verifier [32m200[0m 1.153 ms - 13[0m
[0mGET /api/refunds/tasks/next?type=WHATSAPP_BLAST&worker_id=whatsapp-campaign [32m200[0m 0.691 ms - 13[0m
[0mGET /api/refunds/tasks/next?type=REVIEW_VERIFY&worker_id=review-verifier [32m200[0m 1.124 ms - 13[0m
[0mGET /api/refunds/queue [32m200[0m 1.086 ms - 12[0m
[0mGET /api/refunds/tasks/next?type=WHATSAPP_BLAST&worker_id=whatsapp-campaign [32m200[0m 0.910 ms - 13[0m
[0mGET /api/refunds/tasks/next?type=REVIEW_VERIFY&worker_id=review-verifier [32m200[0m 0.653 ms - 13[0m
[0mGET /api/refunds/tasks/next?type=WHATSAPP_BLAST&worker_id=whatsapp-campaign [32m200[0m 1.647 ms - 13[0m
[0mGET /api/refunds/tasks/next?type=REVIEW_VERIFY&worker_id=review-verifier [32m200[0m 0.976 ms - 13[0m
[0mGET /api/refunds/tasks/next?type=WHATSAPP_BLAST&worker_id=whatsapp-campaign [32m200[0m 0.733 ms - 13[0m
[0mGET /api/refunds/tasks/next?type=REVIEW_VERIFY&worker_id=review-verifier [32m200[0m 1.233 ms - 13[0m
[0mGET /api/refunds/queue [32m200[0m 0.794 ms - 12[0m
[0mGET /api/refunds/tasks/next?type=WHATSAPP_BLAST&worker_id=whatsapp-campaign [32m200[0m 0.828 ms - 13[0m
[0mGET /api/refunds/tasks/next?type=REVIEW_VERIFY&worker_id=review-verifier [32m200[0m 0.883 ms - 13[0m
[0mGET /api/refunds/tasks/next?type=WHATSAPP_BLAST&worker_id=whatsapp-campaign [32m200[0m 1.621 ms - 13[0m
[0mGET /api/refunds/tasks/next?type=REVIEW_VERIFY&worker_id=review-verifier [32m200[0m 1.489 ms - 13[0m
[0mGET /api/refunds/tasks/next?type=WHATSAPP_BLAST&worker_id=whatsapp-campaign [32m200[0m 0.936 ms - 13[0m
[0mGET /api/refunds/tasks/next?type=REVIEW_VERIFY&worker_id=review-verifier [32m200[0m 0.823 ms - 13[0m
[0mGET /api/refunds/queue [32m200[0m 0.763 ms - 12[0m
[0mGET /api/refunds/tasks/next?type=WHATSAPP_BLAST&worker_id=whatsapp-campaign [32m200[0m 1.416 ms - 13[0m
[0mGET /api/refunds/tasks/next?type=REVIEW_VERIFY&worker_id=review-verifier [32m200[0m 0.986 ms - 13[0m
[0mGET /api/refunds/tasks/next?type=WHATSAPP_BLAST&worker_id=whatsapp-campaign [32m200[0m 0.588 ms - 13[0m
[0mGET /api/refunds/tasks/next?type=REVIEW_VERIFY&worker_id=review-verifier [32m200[0m 0.939 ms - 13[0m
[0mGET /api/refunds/tasks/next?type=WHATSAPP_BLAST&worker_id=whatsapp-campaign [32m200[0m 1.445 ms - 13[0m
[0mGET /api/refunds/tasks/next?type=REVIEW_VERIFY&worker_id=review-verifier [32m200[0m 0.630 ms - 13[0m
[0mGET /api/refunds/queue [32m200[0m 1.022 ms - 12[0m
[0mGET /api/refunds/tasks/next?type=WHATSAPP_BLAST&worker_id=whatsapp-campaign [32m200[0m 1.008 ms - 13[0m
[0mGET /api/refunds/tasks/next?type=REVIEW_VERIFY&worker_id=review-verifier [32m200[0m 0.773 ms - 13[0m
[0mGET /api/refunds/tasks/next?type=WHATSAPP_BLAST&worker_id=whatsapp-campaign [32m200[0m 0.814 ms - 13[0m
[0mGET /api/refunds/tasks/next?type=REVIEW_VERIFY&worker_id=review-verifier [32m200[0m 1.157 ms - 13[0m
[0mGET /api/refunds/tasks/next?type=WHATSAPP_BLAST&worker_id=whatsapp-campaign [32m200[0m 1.155 ms - 13[0m
[0mGET /api/refunds/tasks/next?type=REVIEW_VERIFY&worker_id=review-verifier [32m200[0m 0.771 ms - 13[0m
[0mGET /api/refunds/queue [32m200[0m 2.193 ms - 12[0m
[0mGET /api/refunds/tasks/next?type=WHATSAPP_BLAST&worker_id=whatsapp-campaign [32m200[0m 0.726 ms - 13[0m
[0mGET /api/refunds/tasks/next?type=REVIEW_VERIFY&worker_id=review-verifier [32m200[0m 0.650 ms - 13[0m
[0mGET /api/refunds/tasks/next?type=WHATSAPP_BLAST&worker_id=whatsapp-campaign [32m200[0m 0.966 ms - 13[0m
[0mGET /api/refunds/tasks/next?type=REVIEW_VERIFY&worker_id=review-verifier [32m200[0m 0.888 ms - 13[0m
[0mGET /api/refunds/tasks/next?type=WHATSAPP_BLAST&worker_id=whatsapp-campaign [32m200[0m 2.214 ms - 13[0m
[0mGET /api/refunds/tasks/next?type=REVIEW_VERIFY&worker_id=review-verifier [32m200[0m 1.915 ms - 13[0m
[0mGET /api/refunds/queue [32m200[0m 1.865 ms - 12[0m
[0mGET /api/refunds/tasks/next?type=WHATSAPP_BLAST&worker_id=whatsapp-campaign [32m200[0m 0.715 ms - 13[0m
[0mGET /api/refunds/tasks/next?type=REVIEW_VERIFY&worker_id=review-verifier [32m200[0m 1.376 ms - 13[0m
[0mGET /api/refunds/tasks/next?type=WHATSAPP_BLAST&worker_id=whatsapp-campaign [32m200[0m 0.810 ms - 13[0m
[0mGET /api/refunds/tasks/next?type=REVIEW_VERIFY&worker_id=review-verifier [32m200[0m 1.002 ms - 13[0m
[0mGET /api/refunds/tasks/next?type=WHATSAPP_BLAST&worker_id=whatsapp-campaign [32m200[0m 33.219 ms - 13[0m
[0mGET /api/refunds/tasks/next?type=REVIEW_VERIFY&worker_id=review-verifier [32m200[0m 0.661 ms - 13[0m
[0mGET /api/refunds/queue [32m200[0m 1.101 ms - 12[0m
[0mGET /api/refunds/tasks/next?type=WHATSAPP_BLAST&worker_id=whatsapp-campaign [32m200[0m 0.995 ms - 13[0m
[0mGET /api/refunds/tasks/next?type=REVIEW_VERIFY&worker_id=review-verifier [32m200[0m 1.474 ms - 13[0m
[0mGET /api/refunds/tasks/next?type=WHATSAPP_BLAST&worker_id=whatsapp-campaign [32m200[0m 1.388 ms - 13[0m
[0mGET /api/refunds/tasks/next?type=REVIEW_VERIFY&worker_id=review-verifier [32m200[0m 1.442 ms - 13[0m
[0mGET /api/refunds/tasks/next?type=WHATSAPP_BLAST&worker_id=whatsapp-campaign [32m200[0m 0.642 ms - 13[0m
[0mGET /api/refunds/tasks/next?type=REVIEW_VERIFY&worker_id=review-verifier [32m200[0m 1.865 ms - 13[0m
[0mGET /api/refunds/queue [32m200[0m 1.931 ms - 12[0m
[0mGET /api/refunds/tasks/next?type=WHATSAPP_BLAST&worker_id=whatsapp-campaign [32m200[0m 1.575 ms - 13[0m
[0mGET /api/refunds/tasks/next?type=REVIEW_VERIFY&worker_id=review-verifier [32m200[0m 1.508 ms - 13[0m
[0mGET /api/refunds/tasks/next?type=WHATSAPP_BLAST&worker_id=whatsapp-campaign [32m200[0m 1.526 ms - 13[0m
[0mGET /api/refunds/tasks/next?type=REVIEW_VERIFY&worker_id=review-verifier [32m200[0m 0.693 ms - 13[0m
[0mGET /api/refunds/tasks/next?type=WHATSAPP_BLAST&worker_id=whatsapp-campaign [32m200[0m 1.636 ms - 13[0m
[0mGET /api/refunds/tasks/next?type=REVIEW_VERIFY&worker_id=review-verifier [32m200[0m 1.457 ms - 13[0m
[0mGET /api/refunds/queue [32m200[0m 1.470 ms - 12[0m
[0mGET /api/refunds/tasks/next?type=WHATSAPP_BLAST&worker_id=whatsapp-campaign [32m200[0m 1.488 ms - 13[0m
[0mGET /api/refunds/tasks/next?type=REVIEW_VERIFY&worker_id=review-verifier [32m200[0m 1.715 ms - 13[0m
[0mGET /api/refunds/tasks/next?type=WHATSAPP_BLAST&worker_id=whatsapp-campaign [32m200[0m 2.215 ms - 13[0m
[0mGET /api/refunds/tasks/next?type=REVIEW_VERIFY&worker_id=review-verifier [32m200[0m 1.040 ms - 13[0m
[0mGET /api/refunds/tasks/next?type=WHATSAPP_BLAST&worker_id=whatsapp-campaign [32m200[0m 1.081 ms - 13[0m
[0mGET /api/refunds/tasks/next?type=REVIEW_VERIFY&worker_id=review-verifier [32m200[0m 0.857 ms - 13[0m
[0mGET /api/refunds/queue [32m200[0m 1.016 ms - 12[0m
[0mGET /api/refunds/tasks/next?type=WHATSAPP_BLAST&worker_id=whatsapp-campaign [32m200[0m 0.830 ms - 13[0m
[0mGET /api/refunds/tasks/next?type=REVIEW_VERIFY&worker_id=review-verifier [32m200[0m 0.927 ms - 13[0m
[0mGET /api/refunds/tasks/next?type=WHATSAPP_BLAST&worker_id=whatsapp-campaign [32m200[0m 1.612 ms - 13[0m
[0mGET /api/refunds/tasks/next?type=REVIEW_VERIFY&worker_id=review-verifier [32m200[0m 1.169 ms - 13[0m
[0mGET /api/refunds/tasks/next?type=WHATSAPP_BLAST&worker_id=whatsapp-campaign [32m200[0m 0.937 ms - 13[0m
[0mGET /api/refunds/tasks/next?type=REVIEW_VERIFY&worker_id=review-verifier [32m200[0m 1.363 ms - 13[0m
[0mGET /api/refunds/queue [32m200[0m 1.520 ms - 12[0m
[0mGET /api/refunds/tasks/next?type=WHATSAPP_BLAST&worker_id=whatsapp-campaign [32m200[0m 0.823 ms - 13[0m
[0mGET /api/refunds/tasks/next?type=REVIEW_VERIFY&worker_id=review-verifier [32m200[0m 1.196 ms - 13[0m
[0mGET /api/refunds/tasks/next?type=WHATSAPP_BLAST&worker_id=whatsapp-campaign [32m200[0m 1.823 ms - 13[0m
[0mGET /api/refunds/tasks/next?type=REVIEW_VERIFY&worker_id=review-verifier [32m200[0m 1.558 ms - 13[0m
[0mGET /api/refunds/tasks/next?type=WHATSAPP_BLAST&worker_id=whatsapp-campaign [32m200[0m 0.959 ms - 13[0m
[0mGET /api/refunds/tasks/next?type=REVIEW_VERIFY&worker_id=review-verifier [32m200[0m 2.472 ms - 13[0m
[0mGET /api/refunds/queue [32m200[0m 0.887 ms - 12[0m
[0mGET /api/refunds/tasks/next?type=WHATSAPP_BLAST&worker_id=whatsapp-campaign [32m200[0m 3.386 ms - 13[0m
[0mGET /api/refunds/tasks/next?type=REVIEW_VERIFY&worker_id=review-verifier [32m200[0m 0.884 ms - 13[0m
[0mGET /api/refunds/tasks/next?type=WHATSAPP_BLAST&worker_id=whatsapp-campaign [32m200[0m 1.123 ms - 13[0m
[0mGET /api/refunds/tasks/next?type=REVIEW_VERIFY&worker_id=review-verifier [32m200[0m 1.034 ms - 13[0m
[0mGET /api/refunds/tasks/next?type=WHATSAPP_BLAST&worker_id=whatsapp-campaign [32m200[0m 0.902 ms - 13[0m
[0mGET /api/refunds/tasks/next?type=REVIEW_VERIFY&worker_id=review-verifier [32m200[0m 1.930 ms - 13[0m
[0mGET /api/refunds/queue [32m200[0m 0.900 ms - 12[0m
[0mGET /api/refunds/tasks/next?type=WHATSAPP_BLAST&worker_id=whatsapp-campaign [32m200[0m 37.555 ms - 13[0m
[0mGET /api/refunds/tasks/next?type=REVIEW_VERIFY&worker_id=review-verifier [32m200[0m 3.209 ms - 13[0m
[0mGET /api/refunds/tasks/next?type=WHATSAPP_BLAST&worker_id=whatsapp-campaign [32m200[0m 1.885 ms - 13[0m
[0mGET /api/refunds/tasks/next?type=REVIEW_VERIFY&worker_id=review-verifier [32m200[0m 1.341 ms - 13[0m
[0mGET /api/refunds/tasks/next?type=WHATSAPP_BLAST&worker_id=whatsapp-campaign [32m200[0m 0.978 ms - 13[0m
[0mGET /api/refunds/tasks/next?type=REVIEW_VERIFY&worker_id=review-verifier [32m200[0m 0.806 ms - 13[0m
[0mGET /api/refunds/queue [32m200[0m 0.964 ms - 12[0m
[0mGET /api/refunds/tasks/next?type=WHATSAPP_BLAST&worker_id=whatsapp-campaign [32m200[0m 1.319 ms - 13[0m
[0mGET /api/refunds/tasks/next?type=REVIEW_VERIFY&worker_id=review-verifier [32m200[0m 1.259 ms - 13[0m
[0mGET /api/refunds/tasks/next?type=WHATSAPP_BLAST&worker_id=whatsapp-campaign [32m200[0m 1.399 ms - 13[0m
[0mGET /api/refunds/tasks/next?type=REVIEW_VERIFY&worker_id=review-verifier [32m200[0m 0.901 ms - 13[0m
[0mGET /api/refunds/tasks/next?type=WHATSAPP_BLAST&worker_id=whatsapp-campaign [32m200[0m 0.671 ms - 13[0m
[0mGET /api/refunds/tasks/next?type=REVIEW_VERIFY&worker_id=review-verifier [32m200[0m 1.256 ms - 13[0m
[0mGET /api/refunds/queue [32m200[0m 1.090 ms - 12[0m
[0mGET /api/refunds/tasks/next?type=WHATSAPP_BLAST&worker_id=whatsapp-campaign [32m200[0m 1.142 ms - 13[0m
[0mGET /api/refunds/tasks/next?type=REVIEW_VERIFY&worker_id=review-verifier [32m200[0m 1.182 ms - 13[0m
[0mGET /api/refunds/tasks/next?type=WHATSAPP_BLAST&worker_id=whatsapp-campaign [32m200[0m 0.632 ms - 13[0m
[0mGET /api/refunds/tasks/next?type=REVIEW_VERIFY&worker_id=review-verifier [32m200[0m 1.165 ms - 13[0m
[0mGET /api/refunds/tasks/next?type=WHATSAPP_BLAST&worker_id=whatsapp-campaign [32m200[0m 0.853 ms - 13[0m
[0mGET /api/refunds/tasks/next?type=REVIEW_VERIFY&worker_id=review-verifier [32m200[0m 0.731 ms - 13[0m
[0mGET /api/refunds/queue [32m200[0m 0.829 ms - 12[0m
[0mGET /api/refunds/tasks/next?type=WHATSAPP_BLAST&worker_id=whatsapp-campaign [32m200[0m 3.075 ms - 13[0m
[0mGET /api/refunds/tasks/next?type=REVIEW_VERIFY&worker_id=review-verifier [32m200[0m 0.769 ms - 13[0m
[0mGET /api/refunds/tasks/next?type=WHATSAPP_BLAST&worker_id=whatsapp-campaign [32m200[0m 0.667 ms - 13[0m
[0mGET /api/refunds/tasks/next?type=REVIEW_VERIFY&worker_id=review-verifier [32m200[0m 0.848 ms - 13[0m
[0mGET /api/refunds/tasks/next?type=WHATSAPP_BLAST&worker_id=whatsapp-campaign [32m200[0m 1.134 ms - 13[0m
[0mGET /api/refunds/tasks/next?type=REVIEW_VERIFY&worker_id=review-verifier [32m200[0m 0.686 ms - 13[0m
[0mGET /api/refunds/queue [32m200[0m 0.944 ms - 12[0m
[0mGET /api/refunds/tasks/next?type=WHATSAPP_BLAST&worker_id=whatsapp-campaign [32m200[0m 2.610 ms - 13[0m
[0mGET /api/refunds/tasks/next?type=REVIEW_VERIFY&worker_id=review-verifier [32m200[0m 1.296 ms - 13[0m
[0mGET /api/refunds/tasks/next?type=WHATSAPP_BLAST&worker_id=whatsapp-campaign [32m200[0m 2.357 ms - 13[0m
[0mGET /api/refunds/tasks/next?type=REVIEW_VERIFY&worker_id=review-verifier [32m200[0m 0.735 ms - 13[0m
[0mGET /api/refunds/tasks/next?type=WHATSAPP_BLAST&worker_id=whatsapp-campaign [32m200[0m 1.021 ms - 13[0m
[0mGET /api/refunds/tasks/next?type=REVIEW_VERIFY&worker_id=review-verifier [32m200[0m 0.665 ms - 13[0m
[0mGET /api/refunds/queue [32m200[0m 0.937 ms - 12[0m
[0mGET /api/refunds/tasks/next?type=WHATSAPP_BLAST&worker_id=whatsapp-campaign [32m200[0m 0.791 ms - 13[0m
[0mGET /api/refunds/tasks/next?type=REVIEW_VERIFY&worker_id=review-verifier [32m200[0m 1.845 ms - 13[0m
[0mGET /api/refunds/tasks/next?type=WHATSAPP_BLAST&worker_id=whatsapp-campaign [32m200[0m 2.917 ms - 13[0m
[0mGET /api/refunds/tasks/next?type=REVIEW_VERIFY&worker_id=review-verifier [32m200[0m 0.724 ms - 13[0m
[0mGET /api/refunds/tasks/next?type=WHATSAPP_BLAST&worker_id=whatsapp-campaign [32m200[0m 1.972 ms - 13[0m
[0mGET /api/refunds/tasks/next?type=REVIEW_VERIFY&worker_id=review-verifier [32m200[0m 0.759 ms - 13[0m
[0mGET /api/refunds/queue [32m200[0m 0.888 ms - 12[0m
[0mGET /api/refunds/tasks/next?type=WHATSAPP_BLAST&worker_id=whatsapp-campaign [32m200[0m 0.965 ms - 13[0m
[0mGET /api/refunds/tasks/next?type=REVIEW_VERIFY&worker_id=review-verifier [32m200[0m 0.772 ms - 13[0m
[0mGET /api/refunds/tasks/next?type=WHATSAPP_BLAST&worker_id=whatsapp-campaign [32m200[0m 1.615 ms - 13[0m
[0mGET /api/refunds/tasks/next?type=REVIEW_VERIFY&worker_id=review-verifier [32m200[0m 0.737 ms - 13[0m
[0mGET /api/refunds/tasks/next?type=WHATSAPP_BLAST&worker_id=whatsapp-campaign [32m200[0m 1.156 ms - 13[0m
[0mGET /api/refunds/tasks/next?type=REVIEW_VERIFY&worker_id=review-verifier [32m200[0m 1.038 ms - 13[0m
[0mGET /api/refunds/queue [32m200[0m 0.929 ms - 12[0m
[0mGET /api/refunds/tasks/next?type=WHATSAPP_BLAST&worker_id=whatsapp-campaign [32m200[0m 1.696 ms - 13[0m
[0mGET /api/refunds/tasks/next?type=REVIEW_VERIFY&worker_id=review-verifier [32m200[0m 0.985 ms - 13[0m
[0mGET /api/refunds/tasks/next?type=WHATSAPP_BLAST&worker_id=whatsapp-campaign [32m200[0m 1.598 ms - 13[0m
[0mGET /api/refunds/tasks/next?type=REVIEW_VERIFY&worker_id=review-verifier [32m200[0m 0.751 ms - 13[0m
[0mGET /api/refunds/tasks/next?type=WHATSAPP_BLAST&worker_id=whatsapp-campaign [32m200[0m 1.670 ms - 13[0m
[0mGET /api/refunds/tasks/next?type=REVIEW_VERIFY&worker_id=review-verifier [32m200[0m 0.832 ms - 13[0m
[0mGET /api/refunds/queue [32m200[0m 1.117 ms - 12[0m
[0mGET /api/refunds/tasks/next?type=WHATSAPP_BLAST&worker_id=whatsapp-campaign [32m200[0m 0.816 ms - 13[0m
[0mGET /api/refunds/tasks/next?type=REVIEW_VERIFY&worker_id=review-verifier [32m200[0m 0.720 ms - 13[0m
[0mGET /api/refunds/tasks/next?type=WHATSAPP_BLAST&worker_id=whatsapp-campaign [32m200[0m 1.669 ms - 13[0m
[0mGET /api/refunds/tasks/next?type=REVIEW_VERIFY&worker_id=review-verifier [32m200[0m 0.683 ms - 13[0m
[0mGET /api/refunds/tasks/next?type=WHATSAPP_BLAST&worker_id=whatsapp-campaign [32m200[0m 0.738 ms - 13[0m
[0mGET /api/refunds/tasks/next?type=REVIEW_VERIFY&worker_id=review-verifier [32m200[0m 1.807 ms - 13[0m
[0mGET /api/refunds/queue [32m200[0m 0.924 ms - 12[0m
[0mGET /api/refunds/tasks/next?type=WHATSAPP_BLAST&worker_id=whatsapp-campaign [32m200[0m 0.680 ms - 13[0m
[0mGET /api/refunds/tasks/next?type=REVIEW_VERIFY&worker_id=review-verifier [32m200[0m 1.202 ms - 13[0m
[0mGET /api/refunds/tasks/next?type=WHATSAPP_BLAST&worker_id=whatsapp-campaign [32m200[0m 1.636 ms - 13[0m
[0mGET /api/refunds/tasks/next?type=REVIEW_VERIFY&worker_id=review-verifier [32m200[0m 1.011 ms - 13[0m
[0mGET /api/refunds/tasks/next?type=WHATSAPP_BLAST&worker_id=whatsapp-campaign [32m200[0m 3.114 ms - 13[0m
[0mGET /api/refunds/tasks/next?type=REVIEW_VERIFY&worker_id=review-verifier [32m200[0m 1.995 ms - 13[0m
[0mGET /api/refunds/queue [32m200[0m 3.464 ms - 12[0m
[0mGET /api/refunds/tasks/next?type=WHATSAPP_BLAST&worker_id=whatsapp-campaign [32m200[0m 0.929 ms - 13[0m
[0mGET /api/refunds/tasks/next?type=REVIEW_VERIFY&worker_id=review-verifier [32m200[0m 1.660 ms - 13[0m
[0mGET /api/refunds/tasks/next?type=WHATSAPP_BLAST&worker_id=whatsapp-campaign [32m200[0m 1.324 ms - 13[0m
[0mGET /api/refunds/tasks/next?type=REVIEW_VERIFY&worker_id=review-verifier [32m200[0m 1.454 ms - 13[0m
[0mGET /api/refunds/tasks/next?type=WHATSAPP_BLAST&worker_id=whatsapp-campaign [32m200[0m 0.953 ms - 13[0m
[0mGET /api/refunds/tasks/next?type=REVIEW_VERIFY&worker_id=review-verifier [32m200[0m 0.692 ms - 13[0m
[0mGET /api/refunds/queue [32m200[0m 2.775 ms - 12[0m
[0mGET /api/refunds/tasks/next?type=WHATSAPP_BLAST&worker_id=whatsapp-campaign [32m200[0m 1.646 ms - 13[0m
[0mGET /api/refunds/tasks/next?type=REVIEW_VERIFY&worker_id=review-verifier [32m200[0m 0.635 ms - 13[0m
[0mGET /api/refunds/tasks/next?type=WHATSAPP_BLAST&worker_id=whatsapp-campaign [32m200[0m 5.736 ms - 13[0m
[0mGET /api/refunds/tasks/next?type=REVIEW_VERIFY&worker_id=review-verifier [32m200[0m 1.061 ms - 13[0m
[0mGET /api/refunds/tasks/next?type=WHATSAPP_BLAST&worker_id=whatsapp-campaign [32m200[0m 0.938 ms - 13[0m
[0mGET /api/refunds/tasks/next?type=REVIEW_VERIFY&worker_id=review-verifier [32m200[0m 0.728 ms - 13[0m
[0mGET /api/refunds/queue [32m200[0m 1.501 ms - 12[0m
[0mGET /api/refunds/tasks/next?type=WHATSAPP_BLAST&worker_id=whatsapp-campaign [32m200[0m 1.252 ms - 13[0m
[0mGET /api/refunds/tasks/next?type=REVIEW_VERIFY&worker_id=review-verifier [32m200[0m 1.672 ms - 13[0m
[0mGET /api/refunds/tasks/next?type=WHATSAPP_BLAST&worker_id=whatsapp-campaign [32m200[0m 0.763 ms - 13[0m
[0mGET /api/refunds/tasks/next?type=REVIEW_VERIFY&worker_id=review-verifier [32m200[0m 0.874 ms - 13[0m
[0mGET /api/refunds/tasks/next?type=WHATSAPP_BLAST&worker_id=whatsapp-campaign [32m200[0m 0.847 ms - 13[0m
[0mGET /api/refunds/tasks/next?type=REVIEW_VERIFY&worker_id=review-verifier [32m200[0m 0.714 ms - 13[0m
[0mGET /api/refunds/queue [32m200[0m 1.187 ms - 12[0m
[0mGET /api/refunds/tasks/next?type=WHATSAPP_BLAST&worker_id=whatsapp-campaign [32m200[0m 0.753 ms - 13[0m
[0mGET /api/refunds/tasks/next?type=REVIEW_VERIFY&worker_id=review-verifier [32m200[0m 2.784 ms - 13[0m
[0mGET /api/refunds/tasks/next?type=WHATSAPP_BLAST&worker_id=whatsapp-campaign [32m200[0m 0.726 ms - 13[0m
[0mGET /api/refunds/tasks/next?type=REVIEW_VERIFY&worker_id=review-verifier [32m200[0m 0.827 ms - 13[0m
[0mGET /api/refunds/tasks/next?type=WHATSAPP_BLAST&worker_id=whatsapp-campaign [32m200[0m 0.739 ms - 13[0m
[0mGET /api/refunds/tasks/next?type=REVIEW_VERIFY&worker_id=review-verifier [32m200[0m 1.772 ms - 13[0m
[0mGET /api/refunds/queue [32m200[0m 0.841 ms - 12[0m
[0mGET /api/refunds/tasks/next?type=WHATSAPP_BLAST&worker_id=whatsapp-campaign [32m200[0m 1.200 ms - 13[0m
[0mGET /api/refunds/tasks/next?type=REVIEW_VERIFY&worker_id=review-verifier [32m200[0m 1.575 ms - 13[0m
[0mGET /api/refunds/tasks/next?type=WHATSAPP_BLAST&worker_id=whatsapp-campaign [32m200[0m 1.743 ms - 13[0m
[0mGET /api/refunds/tasks/next?type=REVIEW_VERIFY&worker_id=review-verifier [32m200[0m 0.803 ms - 13[0m
[0mGET /api/refunds/tasks/next?type=WHATSAPP_BLAST&worker_id=whatsapp-campaign [32m200[0m 5.672 ms - 13[0m
[0mGET /api/refunds/tasks/next?type=REVIEW_VERIFY&worker_id=review-verifier [32m200[0m 0.661 ms - 13[0m
[0mGET /api/refunds/queue [32m200[0m 0.924 ms - 12[0m
[0mGET /api/refunds/tasks/next?type=WHATSAPP_BLAST&worker_id=whatsapp-campaign [32m200[0m 1.760 ms - 13[0m
[0mGET /api/refunds/tasks/next?type=REVIEW_VERIFY&worker_id=review-verifier [32m200[0m 0.666 ms - 13[0m
[0mGET /api/refunds/tasks/next?type=WHATSAPP_BLAST&worker_id=whatsapp-campaign [32m200[0m 1.620 ms - 13[0m
[0mGET /api/refunds/tasks/next?type=REVIEW_VERIFY&worker_id=review-verifier [32m200[0m 0.720 ms - 13[0m
[0mGET /api/refunds/tasks/next?type=WHATSAPP_BLAST&worker_id=whatsapp-campaign [32m200[0m 1.659 ms - 13[0m
[0mGET /api/refunds/tasks/next?type=REVIEW_VERIFY&worker_id=review-verifier [32m200[0m 0.912 ms - 13[0m
[0mGET /api/refunds/queue [32m200[0m 1.188 ms - 12[0m
[0mGET /api/refunds/tasks/next?type=WHATSAPP_BLAST&worker_id=whatsapp-campaign [32m200[0m 4.347 ms - 13[0m
[0mGET /api/refunds/tasks/next?type=REVIEW_VERIFY&worker_id=review-verifier [32m200[0m 0.631 ms - 13[0m
[0mGET /api/refunds/tasks/next?type=WHATSAPP_BLAST&worker_id=whatsapp-campaign [32m200[0m 1.557 ms - 13[0m
[0mGET /api/refunds/tasks/next?type=REVIEW_VERIFY&worker_id=review-verifier [32m200[0m 0.650 ms - 13[0m
[0mGET /api/refunds/tasks/next?type=WHATSAPP_BLAST&worker_id=whatsapp-campaign [32m200[0m 0.958 ms - 13[0m
[0mGET /api/refunds/tasks/next?type=REVIEW_VERIFY&worker_id=review-verifier [32m200[0m 0.891 ms - 13[0m
[0mGET /api/refunds/queue [32m200[0m 0.945 ms - 12[0m
[0mGET /api/refunds/tasks/next?type=WHATSAPP_BLAST&worker_id=whatsapp-campaign [32m200[0m 0.732 ms - 13[0m
[0mGET /api/refunds/tasks/next?type=REVIEW_VERIFY&worker_id=review-verifier [32m200[0m 5.066 ms - 13[0m
[0mGET /api/refunds/tasks/next?type=WHATSAPP_BLAST&worker_id=whatsapp-campaign [32m200[0m 0.850 ms - 13[0m
[0mGET /api/refunds/tasks/next?type=REVIEW_VERIFY&worker_id=review-verifier [32m200[0m 0.664 ms - 13[0m
[0mGET /api/refunds/tasks/next?type=WHATSAPP_BLAST&worker_id=whatsapp-campaign [32m200[0m 1.029 ms - 13[0m
[0mGET /api/refunds/tasks/next?type=REVIEW_VERIFY&worker_id=review-verifier [32m200[0m 0.779 ms - 13[0m
[0mGET /api/refunds/queue [32m200[0m 0.884 ms - 12[0m
[0mGET /api/refunds/tasks/next?type=WHATSAPP_BLAST&worker_id=whatsapp-campaign [32m200[0m 1.068 ms - 13[0m
[0mGET /api/refunds/tasks/next?type=REVIEW_VERIFY&worker_id=review-verifier [32m200[0m 0.773 ms - 13[0m
[0mGET /api/refunds/tasks/next?type=WHATSAPP_BLAST&worker_id=whatsapp-campaign [32m200[0m 0.974 ms - 13[0m
[0mGET /api/refunds/tasks/next?type=REVIEW_VERIFY&worker_id=review-verifier [32m200[0m 0.787 ms - 13[0m
[0mGET /api/refunds/tasks/next?type=WHATSAPP_BLAST&worker_id=whatsapp-campaign [32m200[0m 0.801 ms - 13[0m
[0mGET /api/refunds/tasks/next?type=REVIEW_VERIFY&worker_id=review-verifier [32m200[0m 0.696 ms - 13[0m
[0mGET /api/refunds/queue [32m200[0m 0.868 ms - 12[0m
[0mGET /api/refunds/tasks/next?type=WHATSAPP_BLAST&worker_id=whatsapp-campaign [32m200[0m 0.708 ms - 13[0m
[0mGET /api/refunds/tasks/next?type=REVIEW_VERIFY&worker_id=review-verifier [32m200[0m 1.172 ms - 13[0m
[0mGET /api/refunds/tasks/next?type=WHATSAPP_BLAST&worker_id=whatsapp-campaign [32m200[0m 1.152 ms - 13[0m
[0mGET /api/refunds/tasks/next?type=REVIEW_VERIFY&worker_id=review-verifier [32m200[0m 2.292 ms - 13[0m
[0mGET /api/refunds/tasks/next?type=WHATSAPP_BLAST&worker_id=whatsapp-campaign [32m200[0m 1.335 ms - 13[0m
[0mGET /api/refunds/tasks/next?type=REVIEW_VERIFY&worker_id=review-verifier [32m200[0m 0.983 ms - 13[0m
[0mGET /api/refunds/queue [32m200[0m 0.781 ms - 12[0m
[0mGET /api/refunds/tasks/next?type=WHATSAPP_BLAST&worker_id=whatsapp-campaign [32m200[0m 1.600 ms - 13[0m
[0mGET /api/refunds/tasks/next?type=REVIEW_VERIFY&worker_id=review-verifier [32m200[0m 1.438 ms - 13[0m
[0mGET /api/refunds/tasks/next?type=WHATSAPP_BLAST&worker_id=whatsapp-campaign [32m200[0m 1.563 ms - 13[0m
[0mGET /api/refunds/tasks/next?type=REVIEW_VERIFY&worker_id=review-verifier [32m200[0m 1.083 ms - 13[0m
[0mGET /api/refunds/tasks/next?type=WHATSAPP_BLAST&worker_id=whatsapp-campaign [32m200[0m 1.483 ms - 13[0m
[0mGET /api/refunds/tasks/next?type=REVIEW_VERIFY&worker_id=review-verifier [32m200[0m 0.637 ms - 13[0m
[0mGET /api/refunds/queue [32m200[0m 0.783 ms - 12[0m
[0mGET /api/refunds/tasks/next?type=WHATSAPP_BLAST&worker_id=whatsapp-campaign [32m200[0m 2.057 ms - 13[0m
[0mGET /api/refunds/tasks/next?type=REVIEW_VERIFY&worker_id=review-verifier [32m200[0m 0.671 ms - 13[0m
[0mGET /api/refunds/tasks/next?type=WHATSAPP_BLAST&worker_id=whatsapp-campaign [32m200[0m 1.691 ms - 13[0m
[0mGET /api/refunds/tasks/next?type=REVIEW_VERIFY&worker_id=review-verifier [32m200[0m 0.853 ms - 13[0m
[0mGET /api/refunds/tasks/next?type=WHATSAPP_BLAST&worker_id=whatsapp-campaign [32m200[0m 0.637 ms - 13[0m
[0mGET /api/refunds/tasks/next?type=REVIEW_VERIFY&worker_id=review-verifier [32m200[0m 1.020 ms - 13[0m
[0mGET /api/refunds/queue [32m200[0m 0.951 ms - 12[0m
[0mGET /api/refunds/tasks/next?type=WHATSAPP_BLAST&worker_id=whatsapp-campaign [32m200[0m 1.026 ms - 13[0m
[0mGET /api/refunds/tasks/next?type=REVIEW_VERIFY&worker_id=review-verifier [32m200[0m 0.657 ms - 13[0m
[0mGET /api/refunds/tasks/next?type=WHATSAPP_BLAST&worker_id=whatsapp-campaign [32m200[0m 1.694 ms - 13[0m
[0mGET /api/refunds/tasks/next?type=REVIEW_VERIFY&worker_id=review-verifier [32m200[0m 0.758 ms - 13[0m
[0mGET /api/refunds/tasks/next?type=WHATSAPP_BLAST&worker_id=whatsapp-campaign [32m200[0m 0.626 ms - 13[0m
[0mGET /api/refunds/tasks/next?type=REVIEW_VERIFY&worker_id=review-verifier [32m200[0m 2.280 ms - 13[0m
[0mGET /api/refunds/queue [32m200[0m 0.780 ms - 12[0m
[0mGET /api/refunds/tasks/next?type=WHATSAPP_BLAST&worker_id=whatsapp-campaign [32m200[0m 0.799 ms - 13[0m
[0mGET /api/refunds/tasks/next?type=REVIEW_VERIFY&worker_id=review-verifier [32m200[0m 0.739 ms - 13[0m
[0mGET /api/refunds/tasks/next?type=WHATSAPP_BLAST&worker_id=whatsapp-campaign [32m200[0m 1.345 ms - 13[0m
[0mGET /api/refunds/tasks/next?type=REVIEW_VERIFY&worker_id=review-verifier [32m200[0m 0.745 ms - 13[0m
[0mGET /api/refunds/tasks/next?type=WHATSAPP_BLAST&worker_id=whatsapp-campaign [32m200[0m 0.988 ms - 13[0m
[0mGET /api/refunds/tasks/next?type=REVIEW_VERIFY&worker_id=review-verifier [32m200[0m 0.987 ms - 13[0m
[0mGET /api/refunds/queue [32m200[0m 0.739 ms - 12[0m
[0mGET /api/refunds/tasks/next?type=WHATSAPP_BLAST&worker_id=whatsapp-campaign [32m200[0m 0.835 ms - 13[0m
[0mGET /api/refunds/tasks/next?type=REVIEW_VERIFY&worker_id=review-verifier [32m200[0m 1.639 ms - 13[0m
[0mGET /api/refunds/tasks/next?type=WHATSAPP_BLAST&worker_id=whatsapp-campaign [32m200[0m 0.660 ms - 13[0m
[0mGET /api/refunds/tasks/next?type=REVIEW_VERIFY&worker_id=review-verifier [32m200[0m 0.789 ms - 13[0m
[0mGET /api/refunds/tasks/next?type=WHATSAPP_BLAST&worker_id=whatsapp-campaign [32m200[0m 0.986 ms - 13[0m
[0mGET /api/refunds/tasks/next?type=REVIEW_VERIFY&worker_id=review-verifier [32m200[0m 0.833 ms - 13[0m
[0mGET /api/refunds/queue [32m200[0m 0.814 ms - 12[0m
[0mGET /api/refunds/tasks/next?type=WHATSAPP_BLAST&worker_id=whatsapp-campaign [32m200[0m 1.688 ms - 13[0m
[0mGET /api/refunds/tasks/next?type=REVIEW_VERIFY&worker_id=review-verifier [32m200[0m 1.091 ms - 13[0m
[0mGET /api/refunds/tasks/next?type=WHATSAPP_BLAST&worker_id=whatsapp-campaign [32m200[0m 1.286 ms - 13[0m
[0mGET /api/refunds/tasks/next?type=REVIEW_VERIFY&worker_id=review-verifier [32m200[0m 1.742 ms - 13[0m
[0mGET /api/refunds/tasks/next?type=WHATSAPP_BLAST&worker_id=whatsapp-campaign [32m200[0m 1.820 ms - 13[0m
[0mGET /api/refunds/tasks/next?type=REVIEW_VERIFY&worker_id=review-verifier [32m200[0m 0.714 ms - 13[0m
[0mGET /api/refunds/queue [32m200[0m 0.846 ms - 12[0m
[0mGET /api/refunds/tasks/next?type=WHATSAPP_BLAST&worker_id=whatsapp-campaign [32m200[0m 1.293 ms - 13[0m
[0mGET /api/refunds/tasks/next?type=REVIEW_VERIFY&worker_id=review-verifier [32m200[0m 2.467 ms - 13[0m
[0mGET /api/refunds/tasks/next?type=WHATSAPP_BLAST&worker_id=whatsapp-campaign [32m200[0m 0.858 ms - 13[0m
[0mGET /api/refunds/tasks/next?type=REVIEW_VERIFY&worker_id=review-verifier [32m200[0m 0.698 ms - 13[0m
[0mGET /api/refunds/tasks/next?type=WHATSAPP_BLAST&worker_id=whatsapp-campaign [32m200[0m 1.016 ms - 13[0m
[0mGET /api/refunds/tasks/next?type=REVIEW_VERIFY&worker_id=review-verifier [32m200[0m 0.644 ms - 13[0m
[0mGET /api/refunds/queue [32m200[0m 0.927 ms - 12[0m
[0mGET /api/refunds/tasks/next?type=WHATSAPP_BLAST&worker_id=whatsapp-campaign [32m200[0m 0.747 ms - 13[0m
[0mGET /api/refunds/tasks/next?type=REVIEW_VERIFY&worker_id=review-verifier [32m200[0m 0.746 ms - 13[0m
[0mGET /api/refunds/tasks/next?type=WHATSAPP_BLAST&worker_id=whatsapp-campaign [32m200[0m 1.125 ms - 13[0m
[0mGET /api/refunds/tasks/next?type=REVIEW_VERIFY&worker_id=review-verifier [32m200[0m 0.662 ms - 13[0m
[0mGET /api/refunds/tasks/next?type=WHATSAPP_BLAST&worker_id=whatsapp-campaign [32m200[0m 0.639 ms - 13[0m
[0mGET /api/refunds/tasks/next?type=REVIEW_VERIFY&worker_id=review-verifier [32m200[0m 0.974 ms - 13[0m
[0mGET /api/refunds/queue [32m200[0m 0.896 ms - 12[0m
[0mGET /api/refunds/tasks/next?type=WHATSAPP_BLAST&worker_id=whatsapp-campaign [32m200[0m 1.783 ms - 13[0m
[0mGET /api/refunds/tasks/next?type=REVIEW_VERIFY&worker_id=review-verifier [32m200[0m 0.853 ms - 13[0m
[0mGET /api/refunds/tasks/next?type=WHATSAPP_BLAST&worker_id=whatsapp-campaign [32m200[0m 1.565 ms - 13[0m
[0mGET /api/refunds/tasks/next?type=REVIEW_VERIFY&worker_id=review-verifier [32m200[0m 0.828 ms - 13[0m
[0mGET /api/refunds/tasks/next?type=WHATSAPP_BLAST&worker_id=whatsapp-campaign [32m200[0m 1.276 ms - 13[0m
[0mGET /api/refunds/tasks/next?type=REVIEW_VERIFY&worker_id=review-verifier [32m200[0m 0.644 ms - 13[0m
[0mGET /api/refunds/queue [32m200[0m 1.966 ms - 12[0m
[0mGET /api/refunds/tasks/next?type=WHATSAPP_BLAST&worker_id=whatsapp-campaign [32m200[0m 1.664 ms - 13[0m
[0mGET /api/refunds/tasks/next?type=REVIEW_VERIFY&worker_id=review-verifier [32m200[0m 0.819 ms - 13[0m
[0mGET /api/refunds/tasks/next?type=WHATSAPP_BLAST&worker_id=whatsapp-campaign [32m200[0m 0.760 ms - 13[0m
[0mGET /api/refunds/tasks/next?type=REVIEW_VERIFY&worker_id=review-verifier [32m200[0m 0.734 ms - 13[0m
[0mGET /api/refunds/tasks/next?type=WHATSAPP_BLAST&worker_id=whatsapp-campaign [32m200[0m 0.718 ms - 13[0m
[0mGET /api/refunds/tasks/next?type=REVIEW_VERIFY&worker_id=review-verifier [32m200[0m 1.878 ms - 13[0m
[0mGET /api/refunds/queue [32m200[0m 0.800 ms - 12[0m
[0mGET /api/refunds/tasks/next?type=WHATSAPP_BLAST&worker_id=whatsapp-campaign [32m200[0m 1.993 ms - 13[0m
[0mGET /api/refunds/tasks/next?type=REVIEW_VERIFY&worker_id=review-verifier [32m200[0m 0.700 ms - 13[0m
[0mGET /api/refunds/tasks/next?type=WHATSAPP_BLAST&worker_id=whatsapp-campaign [32m200[0m 1.583 ms - 13[0m
[0mGET /api/refunds/tasks/next?type=REVIEW_VERIFY&worker_id=review-verifier [32m200[0m 0.858 ms - 13[0m
[0mGET /api/refunds/tasks/next?type=WHATSAPP_BLAST&worker_id=whatsapp-campaign [32m200[0m 1.057 ms - 13[0m
[0mGET /api/refunds/tasks/next?type=REVIEW_VERIFY&worker_id=review-verifier [32m200[0m 1.872 ms - 13[0m
[0mGET /api/refunds/queue [32m200[0m 0.765 ms - 12[0m
[0mGET /api/refunds/tasks/next?type=WHATSAPP_BLAST&worker_id=whatsapp-campaign [32m200[0m 1.790 ms - 13[0m
[0mGET /api/refunds/tasks/next?type=REVIEW_VERIFY&worker_id=review-verifier [32m200[0m 0.834 ms - 13[0m
[0mGET /api/refunds/tasks/next?type=WHATSAPP_BLAST&worker_id=whatsapp-campaign [32m200[0m 1.010 ms - 13[0m
[0mGET /api/refunds/tasks/next?type=REVIEW_VERIFY&worker_id=review-verifier [32m200[0m 0.905 ms - 13[0m
[0mGET /api/refunds/tasks/next?type=WHATSAPP_BLAST&worker_id=whatsapp-campaign [32m200[0m 1.684 ms - 13[0m
[0mGET /api/refunds/tasks/next?type=REVIEW_VERIFY&worker_id=review-verifier [32m200[0m 0.748 ms - 13[0m
[0mGET /api/refunds/queue [32m200[0m 0.908 ms - 12[0m
[0mGET /api/refunds/tasks/next?type=WHATSAPP_BLAST&worker_id=whatsapp-campaign [32m200[0m 0.748 ms - 13[0m
[0mGET /api/refunds/tasks/next?type=REVIEW_VERIFY&worker_id=review-verifier [32m200[0m 1.012 ms - 13[0m
[0mGET /api/refunds/tasks/next?type=WHATSAPP_BLAST&worker_id=whatsapp-campaign [32m200[0m 1.563 ms - 13[0m
[0mGET /api/refunds/tasks/next?type=REVIEW_VERIFY&worker_id=review-verifier [32m200[0m 1.133 ms - 13[0m
[0mGET /api/refunds/tasks/next?type=WHATSAPP_BLAST&worker_id=whatsapp-campaign [32m200[0m 1.584 ms - 13[0m
[0mGET /api/refunds/tasks/next?type=REVIEW_VERIFY&worker_id=review-verifier [32m200[0m 0.908 ms - 13[0m
[0mGET /api/refunds/queue [32m200[0m 0.737 ms - 12[0m
[0mGET /api/refunds/tasks/next?type=WHATSAPP_BLAST&worker_id=whatsapp-campaign [32m200[0m 0.690 ms - 13[0m
[0mGET /api/refunds/tasks/next?type=REVIEW_VERIFY&worker_id=review-verifier [32m200[0m 0.936 ms - 13[0m
[0mGET /api/refunds/tasks/next?type=WHATSAPP_BLAST&worker_id=whatsapp-campaign [32m200[0m 1.685 ms - 13[0m
[0mGET /api/refunds/tasks/next?type=REVIEW_VERIFY&worker_id=review-verifier [32m200[0m 0.802 ms - 13[0m
[0mGET /api/refunds/tasks/next?type=WHATSAPP_BLAST&worker_id=whatsapp-campaign [32m200[0m 1.185 ms - 13[0m
[0mGET /api/refunds/tasks/next?type=REVIEW_VERIFY&worker_id=review-verifier [32m200[0m 0.687 ms - 13[0m
[0mGET /api/refunds/queue [32m200[0m 1.107 ms - 12[0m
[0mGET /api/refunds/tasks/next?type=WHATSAPP_BLAST&worker_id=whatsapp-campaign [32m200[0m 0.628 ms - 13[0m
[0mGET /api/refunds/tasks/next?type=REVIEW_VERIFY&worker_id=review-verifier [32m200[0m 1.113 ms - 13[0m
[0mGET /api/refunds/tasks/next?type=WHATSAPP_BLAST&worker_id=whatsapp-campaign [32m200[0m 1.334 ms - 13[0m
[0mGET /api/refunds/tasks/next?type=REVIEW_VERIFY&worker_id=review-verifier [32m200[0m 0.846 ms - 13[0m
[0mGET /api/refunds/tasks/next?type=WHATSAPP_BLAST&worker_id=whatsapp-campaign [32m200[0m 0.759 ms - 13[0m
[0mGET /api/refunds/tasks/next?type=REVIEW_VERIFY&worker_id=review-verifier [32m200[0m 1.844 ms - 13[0m
[0mGET /api/refunds/queue [32m200[0m 0.774 ms - 12[0m
[0mGET /api/refunds/tasks/next?type=WHATSAPP_BLAST&worker_id=whatsapp-campaign [32m200[0m 0.804 ms - 13[0m
[0mGET /api/refunds/tasks/next?type=REVIEW_VERIFY&worker_id=review-verifier [32m200[0m 0.997 ms - 13[0m
[0mGET /api/refunds/tasks/next?type=WHATSAPP_BLAST&worker_id=whatsapp-campaign [32m200[0m 3.751 ms - 13[0m
[0mGET /api/refunds/tasks/next?type=REVIEW_VERIFY&worker_id=review-verifier [32m200[0m 0.948 ms - 13[0m
[0mGET /api/refunds/tasks/next?type=WHATSAPP_BLAST&worker_id=whatsapp-campaign [32m200[0m 0.818 ms - 13[0m
[0mGET /api/refunds/tasks/next?type=REVIEW_VERIFY&worker_id=review-verifier [32m200[0m 1.729 ms - 13[0m
[0mGET /api/refunds/queue [32m200[0m 1.399 ms - 12[0m
[0mGET /api/refunds/tasks/next?type=WHATSAPP_BLAST&worker_id=whatsapp-campaign [32m200[0m 0.769 ms - 13[0m
[0mGET /api/refunds/tasks/next?type=REVIEW_VERIFY&worker_id=review-verifier [32m200[0m 0.952 ms - 13[0m
[0mGET /api/refunds/tasks/next?type=WHATSAPP_BLAST&worker_id=whatsapp-campaign [32m200[0m 1.963 ms - 13[0m
[0mGET /api/refunds/tasks/next?type=REVIEW_VERIFY&worker_id=review-verifier [32m200[0m 0.637 ms - 13[0m
[0mGET /api/refunds/tasks/next?type=WHATSAPP_BLAST&worker_id=whatsapp-campaign [32m200[0m 3.775 ms - 13[0m
[0mGET /api/refunds/tasks/next?type=REVIEW_VERIFY&worker_id=review-verifier [32m200[0m 0.752 ms - 13[0m
[0mGET /api/refunds/queue [32m200[0m 1.169 ms - 12[0m
[0mGET /api/refunds/tasks/next?type=WHATSAPP_BLAST&worker_id=whatsapp-campaign [32m200[0m 1.880 ms - 13[0m
[0mGET /api/refunds/tasks/next?type=REVIEW_VERIFY&worker_id=review-verifier [32m200[0m 0.753 ms - 13[0m
[0mGET /api/refunds/tasks/next?type=WHATSAPP_BLAST&worker_id=whatsapp-campaign [32m200[0m 0.777 ms - 13[0m
[0mGET /api/refunds/tasks/next?type=REVIEW_VERIFY&worker_id=review-verifier [32m200[0m 0.667 ms - 13[0m
[0mGET /api/refunds/tasks/next?type=WHATSAPP_BLAST&worker_id=whatsapp-campaign [32m200[0m 0.799 ms - 13[0m
[0mGET /api/refunds/tasks/next?type=REVIEW_VERIFY&worker_id=review-verifier [32m200[0m 1.101 ms - 13[0m
[0mGET /api/refunds/queue [32m200[0m 0.769 ms - 12[0m
[0mGET /api/refunds/tasks/next?type=WHATSAPP_BLAST&worker_id=whatsapp-campaign [32m200[0m 1.754 ms - 13[0m
[0mGET /api/refunds/tasks/next?type=REVIEW_VERIFY&worker_id=review-verifier [32m200[0m 0.800 ms - 13[0m
[0mGET /api/refunds/tasks/next?type=WHATSAPP_BLAST&worker_id=whatsapp-campaign [32m200[0m 1.542 ms - 13[0m
[0mGET /api/refunds/tasks/next?type=REVIEW_VERIFY&worker_id=review-verifier [32m200[0m 1.145 ms - 13[0m
[0mGET /api/refunds/tasks/next?type=WHATSAPP_BLAST&worker_id=whatsapp-campaign [32m200[0m 1.625 ms - 13[0m
[0mGET /api/refunds/tasks/next?type=REVIEW_VERIFY&worker_id=review-verifier [32m200[0m 0.886 ms - 13[0m
[0mGET /api/refunds/queue [32m200[0m 0.912 ms - 12[0m
[0mGET /api/refunds/tasks/next?type=WHATSAPP_BLAST&worker_id=whatsapp-campaign [32m200[0m 0.693 ms - 13[0m
[0mGET /api/refunds/tasks/next?type=REVIEW_VERIFY&worker_id=review-verifier [32m200[0m 1.579 ms - 13[0m
[0mGET /api/refunds/tasks/next?type=WHATSAPP_BLAST&worker_id=whatsapp-campaign [32m200[0m 0.724 ms - 13[0m
[0mGET /api/refunds/tasks/next?type=REVIEW_VERIFY&worker_id=review-verifier [32m200[0m 0.935 ms - 13[0m
[0mGET /api/refunds/tasks/next?type=WHATSAPP_BLAST&worker_id=whatsapp-campaign [32m200[0m 1.048 ms - 13[0m
[0mGET /api/refunds/tasks/next?type=REVIEW_VERIFY&worker_id=review-verifier [32m200[0m 0.799 ms - 13[0m
[0mGET /api/refunds/queue [32m200[0m 1.784 ms - 12[0m
[0mGET /api/refunds/tasks/next?type=WHATSAPP_BLAST&worker_id=whatsapp-campaign [32m200[0m 2.905 ms - 13[0m
[0mGET /api/refunds/tasks/next?type=REVIEW_VERIFY&worker_id=review-verifier [32m200[0m 0.869 ms - 13[0m
[0mGET /api/refunds/tasks/next?type=WHATSAPP_BLAST&worker_id=whatsapp-campaign [32m200[0m 0.801 ms - 13[0m
[0mGET /api/refunds/tasks/next?type=REVIEW_VERIFY&worker_id=review-verifier [32m200[0m 0.890 ms - 13[0m
[0mGET /api/refunds/tasks/next?type=WHATSAPP_BLAST&worker_id=whatsapp-campaign [32m200[0m 0.934 ms - 13[0m
[0mGET /api/refunds/tasks/next?type=REVIEW_VERIFY&worker_id=review-verifier [32m200[0m 1.508 ms - 13[0m
[0mGET /api/refunds/queue [32m200[0m 0.970 ms - 12[0m
[0mGET /api/refunds/tasks/next?type=WHATSAPP_BLAST&worker_id=whatsapp-campaign [32m200[0m 2.361 ms - 13[0m
[0mGET /api/refunds/tasks/next?type=REVIEW_VERIFY&worker_id=review-verifier [32m200[0m 2.038 ms - 13[0m
[0mGET /api/refunds/tasks/next?type=WHATSAPP_BLAST&worker_id=whatsapp-campaign [32m200[0m 1.742 ms - 13[0m
[0mGET /api/refunds/tasks/next?type=REVIEW_VERIFY&worker_id=review-verifier [32m200[0m 0.657 ms - 13[0m
[0mGET /api/refunds/tasks/next?type=WHATSAPP_BLAST&worker_id=whatsapp-campaign [32m200[0m 1.234 ms - 13[0m
[0mGET /api/refunds/tasks/next?type=REVIEW_VERIFY&worker_id=review-verifier [32m200[0m 0.734 ms - 13[0m
[0mGET /api/refunds/queue [32m200[0m 1.004 ms - 12[0m
[0mGET /api/refunds/tasks/next?type=WHATSAPP_BLAST&worker_id=whatsapp-campaign [32m200[0m 1.729 ms - 13[0m
[0mGET /api/refunds/tasks/next?type=REVIEW_VERIFY&worker_id=review-verifier [32m200[0m 0.785 ms - 13[0m
[0mGET /api/refunds/tasks/next?type=WHATSAPP_BLAST&worker_id=whatsapp-campaign [32m200[0m 3.129 ms - 13[0m
[0mGET /api/refunds/tasks/next?type=REVIEW_VERIFY&worker_id=review-verifier [32m200[0m 0.810 ms - 13[0m
[0mGET /api/refunds/tasks/next?type=WHATSAPP_BLAST&worker_id=whatsapp-campaign [32m200[0m 1.686 ms - 13[0m
[0mGET /api/refunds/tasks/next?type=REVIEW_VERIFY&worker_id=review-verifier [32m200[0m 1.014 ms - 13[0m
[0mGET /api/refunds/queue [32m200[0m 0.819 ms - 12[0m
[0mGET /api/refunds/tasks/next?type=WHATSAPP_BLAST&worker_id=whatsapp-campaign [32m200[0m 1.724 ms - 13[0m
[0mGET /api/refunds/tasks/next?type=REVIEW_VERIFY&worker_id=review-verifier [32m200[0m 0.817 ms - 13[0m
[0mGET /api/refunds/tasks/next?type=WHATSAPP_BLAST&worker_id=whatsapp-campaign [32m200[0m 1.625 ms - 13[0m
[0mGET /api/refunds/tasks/next?type=REVIEW_VERIFY&worker_id=review-verifier [32m200[0m 0.853 ms - 13[0m
[0mGET /health [32m200[0m 2.554 ms - 54[0m
[0mGET /api/refunds/tasks/next?type=WHATSAPP_BLAST&worker_id=whatsapp-campaign [32m200[0m 2.117 ms - 13[0m
[0mGET /api/refunds/tasks/next?type=REVIEW_VERIFY&worker_id=review-verifier [32m200[0m 2.790 ms - 13[0m
[0mGET /api/refunds/queue [32m200[0m 1.173 ms - 12[0m
[0mGET /api/refunds/tasks/next?type=WHATSAPP_BLAST&worker_id=whatsapp-campaign [32m200[0m 0.978 ms - 13[0m
[0mGET /api/refunds/tasks/next?type=REVIEW_VERIFY&worker_id=review-verifier [32m200[0m 0.691 ms - 13[0m
[0mGET /api/refunds/tasks/next?type=WHATSAPP_BLAST&worker_id=whatsapp-campaign [32m200[0m 1.017 ms - 13[0m
[0mGET /api/refunds/tasks/next?type=REVIEW_VERIFY&worker_id=review-verifier [32m200[0m 1.051 ms - 13[0m
[0mGET /api/refunds/tasks/next?type=WHATSAPP_BLAST&worker_id=whatsapp-campaign [32m200[0m 1.011 ms - 13[0m
[0mGET /api/refunds/tasks/next?type=REVIEW_VERIFY&worker_id=review-verifier [32m200[0m 0.961 ms - 13[0m
[0mGET /api/refunds/queue [32m200[0m 1.239 ms - 12[0m
[0mGET /api/refunds/tasks/next?type=WHATSAPP_BLAST&worker_id=whatsapp-campaign [32m200[0m 0.792 ms - 13[0m
[0mGET /api/refunds/tasks/next?type=REVIEW_VERIFY&worker_id=review-verifier [32m200[0m 1.618 ms - 13[0m
[0mGET /api/refunds/tasks/next?type=WHATSAPP_BLAST&worker_id=whatsapp-campaign [32m200[0m 1.120 ms - 13[0m
[0mGET /api/refunds/tasks/next?type=REVIEW_VERIFY&worker_id=review-verifier [32m200[0m 1.268 ms - 13[0m
[0mGET /api/refunds/tasks/next?type=WHATSAPP_BLAST&worker_id=whatsapp-campaign [32m200[0m 3.301 ms - 13[0m
[0mGET /api/refunds/tasks/next?type=REVIEW_VERIFY&worker_id=review-verifier [32m200[0m 0.690 ms - 13[0m
[0mGET /api/refunds/queue [32m200[0m 1.158 ms - 12[0m
[0mGET /api/refunds/tasks/next?type=WHATSAPP_BLAST&worker_id=whatsapp-campaign [32m200[0m 1.808 ms - 13[0m
[0mGET /api/refunds/tasks/next?type=REVIEW_VERIFY&worker_id=review-verifier [32m200[0m 46.308 ms - 13[0m
[0mGET /api/refunds/tasks/next?type=WHATSAPP_BLAST&worker_id=whatsapp-campaign [32m200[0m 1.990 ms - 13[0m
[0mGET /api/refunds/tasks/next?type=REVIEW_VERIFY&worker_id=review-verifier [32m200[0m 0.924 ms - 13[0m
[0mGET /api/refunds/tasks/next?type=WHATSAPP_BLAST&worker_id=whatsapp-campaign [32m200[0m 1.821 ms - 13[0m
[0mGET /api/refunds/tasks/next?type=REVIEW_VERIFY&worker_id=review-verifier [32m200[0m 1.404 ms - 13[0m
[0mGET /api/refunds/queue [32m200[0m 1.106 ms - 12[0m
[0mGET /api/refunds/tasks/next?type=WHATSAPP_BLAST&worker_id=whatsapp-campaign [32m200[0m 4.893 ms - 13[0m
[0mGET /api/refunds/tasks/next?type=REVIEW_VERIFY&worker_id=review-verifier [32m200[0m 1.356 ms - 13[0m
[0mGET /api/refunds/tasks/next?type=WHATSAPP_BLAST&worker_id=whatsapp-campaign [32m200[0m 2.047 ms - 13[0m
[0mGET /api/refunds/tasks/next?type=REVIEW_VERIFY&worker_id=review-verifier [32m200[0m 1.728 ms - 13[0m
[0mGET /api/refunds/tasks/next?type=WHATSAPP_BLAST&worker_id=whatsapp-campaign [32m200[0m 1.837 ms - 13[0m
[0mGET /api/refunds/tasks/next?type=REVIEW_VERIFY&worker_id=review-verifier [32m200[0m 0.973 ms - 13[0m
[0mGET /api/refunds/queue [32m200[0m 3.224 ms - 12[0m
[0mGET /api/refunds/tasks/next?type=WHATSAPP_BLAST&worker_id=whatsapp-campaign [32m200[0m 1.859 ms - 13[0m
[0mGET /api/refunds/tasks/next?type=REVIEW_VERIFY&worker_id=review-verifier [32m200[0m 1.274 ms - 13[0m
[0mGET /api/refunds/tasks/next?type=WHATSAPP_BLAST&worker_id=whatsapp-campaign [32m200[0m 3.262 ms - 13[0m
[0mGET /api/refunds/tasks/next?type=REVIEW_VERIFY&worker_id=review-verifier [32m200[0m 0.894 ms - 13[0m
[0mGET /api/refunds/tasks/next?type=WHATSAPP_BLAST&worker_id=whatsapp-campaign [32m200[0m 1.053 ms - 13[0m
[0mGET /api/refunds/tasks/next?type=REVIEW_VERIFY&worker_id=review-verifier [32m200[0m 1.079 ms - 13[0m
[0mGET /api/refunds/queue [32m200[0m 1.136 ms - 12[0m
[0mGET /api/refunds/tasks/next?type=WHATSAPP_BLAST&worker_id=whatsapp-campaign [32m200[0m 2.253 ms - 13[0m
[0mGET /api/refunds/tasks/next?type=REVIEW_VERIFY&worker_id=review-verifier [32m200[0m 1.730 ms - 13[0m
[0mGET /api/refunds/tasks/next?type=WHATSAPP_BLAST&worker_id=whatsapp-campaign [32m200[0m 1.856 ms - 13[0m
[0mGET /api/refunds/tasks/next?type=REVIEW_VERIFY&worker_id=review-verifier [32m200[0m 1.572 ms - 13[0m
[0mGET /api/refunds/tasks/next?type=WHATSAPP_BLAST&worker_id=whatsapp-campaign [32m200[0m 1.943 ms - 13[0m
[0mGET /api/refunds/tasks/next?type=REVIEW_VERIFY&worker_id=review-verifier [32m200[0m 1.731 ms - 13[0m
[0mGET /api/refunds/queue [32m200[0m 0.869 ms - 12[0m
[0mGET /api/refunds/tasks/next?type=WHATSAPP_BLAST&worker_id=whatsapp-campaign [32m200[0m 8.255 ms - 13[0m
[0mGET /api/refunds/tasks/next?type=REVIEW_VERIFY&worker_id=review-verifier [32m200[0m 0.966 ms - 13[0m
[0mGET /api/refunds/tasks/next?type=WHATSAPP_BLAST&worker_id=whatsapp-campaign [32m200[0m 1.930 ms - 13[0m
[0mGET /api/refunds/tasks/next?type=REVIEW_VERIFY&worker_id=review-verifier [32m200[0m 0.785 ms - 13[0m
[0mGET /api/refunds/tasks/next?type=WHATSAPP_BLAST&worker_id=whatsapp-campaign [32m200[0m 2.188 ms - 13[0m
[0mGET /api/refunds/tasks/next?type=REVIEW_VERIFY&worker_id=review-verifier [32m200[0m 0.798 ms - 13[0m
[0mGET /api/refunds/queue [32m200[0m 1.948 ms - 12[0m
[0mGET /api/refunds/tasks/next?type=WHATSAPP_BLAST&worker_id=whatsapp-campaign [32m200[0m 1.728 ms - 13[0m
[0mGET /api/refunds/tasks/next?type=REVIEW_VERIFY&worker_id=review-verifier [32m200[0m 0.761 ms - 13[0m
[0mGET /api/refunds/tasks/next?type=WHATSAPP_BLAST&worker_id=whatsapp-campaign [32m200[0m 0.884 ms - 13[0m
[0mGET /api/refunds/tasks/next?type=REVIEW_VERIFY&worker_id=review-verifier [32m200[0m 1.668 ms - 13[0m
[0mGET /api/refunds/tasks/next?type=WHATSAPP_BLAST&worker_id=whatsapp-campaign [32m200[0m 0.671 ms - 13[0m
[0mGET /api/refunds/tasks/next?type=REVIEW_VERIFY&worker_id=review-verifier [32m200[0m 1.586 ms - 13[0m
[0mGET /api/refunds/queue [32m200[0m 1.044 ms - 12[0m
[0mGET /api/refunds/tasks/next?type=WHATSAPP_BLAST&worker_id=whatsapp-campaign [32m200[0m 0.687 ms - 13[0m
[0mGET /api/refunds/tasks/next?type=REVIEW_VERIFY&worker_id=review-verifier [32m200[0m 1.095 ms - 13[0m
[0mGET /api/refunds/tasks/next?type=WHATSAPP_BLAST&worker_id=whatsapp-campaign [32m200[0m 0.932 ms - 13[0m
[0mGET /api/refunds/tasks/next?type=REVIEW_VERIFY&worker_id=review-verifier [32m200[0m 1.007 ms - 13[0m
[0mGET /api/refunds/tasks/next?type=WHATSAPP_BLAST&worker_id=whatsapp-campaign [32m200[0m 1.794 ms - 13[0m
[0mGET /api/refunds/tasks/next?type=REVIEW_VERIFY&worker_id=review-verifier [32m200[0m 1.175 ms - 13[0m
[0mGET /api/refunds/queue [32m200[0m 0.940 ms - 12[0m
[0mGET /api/refunds/tasks/next?type=WHATSAPP_BLAST&worker_id=whatsapp-campaign [32m200[0m 0.926 ms - 13[0m
[0mGET /api/refunds/tasks/next?type=REVIEW_VERIFY&worker_id=review-verifier [32m200[0m 1.035 ms - 13[0m
[0mGET /api/refunds/tasks/next?type=WHATSAPP_BLAST&worker_id=whatsapp-campaign [32m200[0m 0.827 ms - 13[0m
[0mGET /api/refunds/tasks/next?type=REVIEW_VERIFY&worker_id=review-verifier [32m200[0m 1.245 ms - 13[0m
[0mGET /api/refunds/tasks/next?type=WHATSAPP_BLAST&worker_id=whatsapp-campaign [32m200[0m 1.031 ms - 13[0m
[0mGET /api/refunds/tasks/next?type=REVIEW_VERIFY&worker_id=review-verifier [32m200[0m 0.910 ms - 13[0m
[0mGET /api/refunds/queue [32m200[0m 0.822 ms - 12[0m
[0mGET /api/refunds/tasks/next?type=WHATSAPP_BLAST&worker_id=whatsapp-campaign [32m200[0m 1.738 ms - 13[0m
[0mGET /api/refunds/tasks/next?type=REVIEW_VERIFY&worker_id=review-verifier [32m200[0m 1.341 ms - 13[0m
[0mGET /api/refunds/tasks/next?type=WHATSAPP_BLAST&worker_id=whatsapp-campaign [32m200[0m 0.892 ms - 13[0m
[0mGET /api/refunds/tasks/next?type=REVIEW_VERIFY&worker_id=review-verifier [32m200[0m 0.782 ms - 13[0m
[0mGET /api/refunds/tasks/next?type=WHATSAPP_BLAST&worker_id=whatsapp-campaign [32m200[0m 1.012 ms - 13[0m
[0mGET /api/refunds/tasks/next?type=REVIEW_VERIFY&worker_id=review-verifier [32m200[0m 0.719 ms - 13[0m
[0mGET /api/refunds/queue [32m200[0m 0.756 ms - 12[0m
[0mGET /api/refunds/tasks/next?type=WHATSAPP_BLAST&worker_id=whatsapp-campaign [32m200[0m 1.773 ms - 13[0m
[0mGET /api/refunds/tasks/next?type=REVIEW_VERIFY&worker_id=review-verifier [32m200[0m 0.641 ms - 13[0m
[0mGET /api/refunds/tasks/next?type=WHATSAPP_BLAST&worker_id=whatsapp-campaign [32m200[0m 1.022 ms - 13[0m
[0mGET /api/refunds/tasks/next?type=REVIEW_VERIFY&worker_id=review-verifier [32m200[0m 0.722 ms - 13[0m
[0mGET /api/refunds/tasks/next?type=WHATSAPP_BLAST&worker_id=whatsapp-campaign [32m200[0m 1.564 ms - 13[0m
[0mGET /api/refunds/tasks/next?type=REVIEW_VERIFY&worker_id=review-verifier [32m200[0m 1.031 ms - 13[0m
[0mGET /api/refunds/queue [32m200[0m 0.940 ms - 12[0m
[0mGET /api/refunds/tasks/next?type=WHATSAPP_BLAST&worker_id=whatsapp-campaign [32m200[0m 1.161 ms - 13[0m
[0mGET /api/refunds/tasks/next?type=REVIEW_VERIFY&worker_id=review-verifier [32m200[0m 0.683 ms - 13[0m
[0mGET /api/refunds/tasks/next?type=WHATSAPP_BLAST&worker_id=whatsapp-campaign [32m200[0m 0.821 ms - 13[0m
[0mGET /api/refunds/tasks/next?type=REVIEW_VERIFY&worker_id=review-verifier [32m200[0m 2.170 ms - 13[0m
[0mGET /api/refunds/tasks/next?type=WHATSAPP_BLAST&worker_id=whatsapp-campaign [32m200[0m 1.089 ms - 13[0m
[0mGET /api/refunds/tasks/next?type=REVIEW_VERIFY&worker_id=review-verifier [32m200[0m 0.646 ms - 13[0m
[0mGET /api/refunds/queue [32m200[0m 0.770 ms - 12[0m
[0mGET /api/refunds/tasks/next?type=WHATSAPP_BLAST&worker_id=whatsapp-campaign [32m200[0m 1.311 ms - 13[0m
[0mGET /api/refunds/tasks/next?type=REVIEW_VERIFY&worker_id=review-verifier [32m200[0m 0.780 ms - 13[0m
[0mGET /api/refunds/tasks/next?type=WHATSAPP_BLAST&worker_id=whatsapp-campaign [32m200[0m 0.882 ms - 13[0m
[0mGET /api/refunds/tasks/next?type=REVIEW_VERIFY&worker_id=review-verifier [32m200[0m 0.660 ms - 13[0m
[0mGET /api/refunds/tasks/next?type=WHATSAPP_BLAST&worker_id=whatsapp-campaign [32m200[0m 0.736 ms - 13[0m
[0mGET /api/refunds/tasks/next?type=REVIEW_VERIFY&worker_id=review-verifier [32m200[0m 1.340 ms - 13[0m
[0mGET /api/refunds/queue [32m200[0m 0.807 ms - 12[0m
[0mGET /api/refunds/tasks/next?type=WHATSAPP_BLAST&worker_id=whatsapp-campaign [32m200[0m 0.942 ms - 13[0m
[0mGET /api/refunds/tasks/next?type=REVIEW_VERIFY&worker_id=review-verifier [32m200[0m 1.772 ms - 13[0m
[0mGET /api/refunds/tasks/next?type=WHATSAPP_BLAST&worker_id=whatsapp-campaign [32m200[0m 0.662 ms - 13[0m
[0mGET /api/refunds/tasks/next?type=REVIEW_VERIFY&worker_id=review-verifier [32m200[0m 1.769 ms - 13[0m
[0mGET /api/refunds/tasks/next?type=WHATSAPP_BLAST&worker_id=whatsapp-campaign [32m200[0m 0.743 ms - 13[0m
[0mGET /api/refunds/tasks/next?type=REVIEW_VERIFY&worker_id=review-verifier [32m200[0m 0.691 ms - 13[0m
[0mGET /api/refunds/queue [32m200[0m 0.788 ms - 12[0m
[0mGET /api/refunds/tasks/next?type=WHATSAPP_BLAST&worker_id=whatsapp-campaign [32m200[0m 1.055 ms - 13[0m
[0mGET /api/refunds/tasks/next?type=REVIEW_VERIFY&worker_id=review-verifier [32m200[0m 0.636 ms - 13[0m
[0mGET /api/refunds/tasks/next?type=WHATSAPP_BLAST&worker_id=whatsapp-campaign [32m200[0m 0.700 ms - 13[0m
[0mGET /api/refunds/tasks/next?type=REVIEW_VERIFY&worker_id=review-verifier [32m200[0m 1.493 ms - 13[0m
[0mGET /api/refunds/tasks/next?type=WHATSAPP_BLAST&worker_id=whatsapp-campaign [32m200[0m 1.216 ms - 13[0m
[0mGET /api/refunds/tasks/next?type=REVIEW_VERIFY&worker_id=review-verifier [32m200[0m 1.008 ms - 13[0m
[0mGET /api/refunds/queue [32m200[0m 0.749 ms - 12[0m
[0mGET /api/refunds/tasks/next?type=WHATSAPP_BLAST&worker_id=whatsapp-campaign [32m200[0m 0.784 ms - 13[0m
[0mGET /api/refunds/tasks/next?type=REVIEW_VERIFY&worker_id=review-verifier [32m200[0m 1.776 ms - 13[0m
[0mGET /api/refunds/tasks/next?type=WHATSAPP_BLAST&worker_id=whatsapp-campaign [32m200[0m 0.769 ms - 13[0m
[0mGET /api/refunds/tasks/next?type=REVIEW_VERIFY&worker_id=review-verifier [32m200[0m 0.628 ms - 13[0m
[0mGET /api/refunds/tasks/next?type=WHATSAPP_BLAST&worker_id=whatsapp-campaign [32m200[0m 1.163 ms - 13[0m
[0mGET /api/refunds/tasks/next?type=REVIEW_VERIFY&worker_id=review-verifier [32m200[0m 0.702 ms - 13[0m
[0mGET /api/refunds/queue [32m200[0m 1.021 ms - 12[0m
[0mGET /api/refunds/tasks/next?type=WHATSAPP_BLAST&worker_id=whatsapp-campaign [32m200[0m 0.628 ms - 13[0m
[0mGET /api/refunds/tasks/next?type=REVIEW_VERIFY&worker_id=review-verifier [32m200[0m 5.492 ms - 13[0m
[0mGET /api/refunds/tasks/next?type=WHATSAPP_BLAST&worker_id=whatsapp-campaign [32m200[0m 2.417 ms - 13[0m
[0mGET /api/refunds/tasks/next?type=REVIEW_VERIFY&worker_id=review-verifier [32m200[0m 1.132 ms - 13[0m
[0mGET /api/refunds/tasks/next?type=WHATSAPP_BLAST&worker_id=whatsapp-campaign [32m200[0m 0.971 ms - 13[0m
[0mGET /api/refunds/tasks/next?type=REVIEW_VERIFY&worker_id=review-verifier [32m200[0m 0.707 ms - 13[0m
[0mGET /api/refunds/queue [32m200[0m 1.068 ms - 12[0m
[0mGET /api/refunds/tasks/next?type=WHATSAPP_BLAST&worker_id=whatsapp-campaign [32m200[0m 1.633 ms - 13[0m
[0mGET /api/refunds/tasks/next?type=REVIEW_VERIFY&worker_id=review-verifier [32m200[0m 0.741 ms - 13[0m
[0mGET /api/refunds/tasks/next?type=WHATSAPP_BLAST&worker_id=whatsapp-campaign [32m200[0m 0.929 ms - 13[0m
[0mGET /api/refunds/tasks/next?type=REVIEW_VERIFY&worker_id=review-verifier [32m200[0m 0.767 ms - 13[0m
[0mGET /api/refunds/tasks/next?type=WHATSAPP_BLAST&worker_id=whatsapp-campaign [32m200[0m 1.104 ms - 13[0m
[0mGET /api/refunds/tasks/next?type=REVIEW_VERIFY&worker_id=review-verifier [32m200[0m 0.810 ms - 13[0m
[0mGET /api/refunds/queue [32m200[0m 1.017 ms - 12[0m
[0mGET /api/refunds/tasks/next?type=WHATSAPP_BLAST&worker_id=whatsapp-campaign [32m200[0m 0.856 ms - 13[0m
[0mGET /api/refunds/tasks/next?type=REVIEW_VERIFY&worker_id=review-verifier [32m200[0m 0.704 ms - 13[0m
[0mGET /api/refunds/tasks/next?type=WHATSAPP_BLAST&worker_id=whatsapp-campaign [32m200[0m 1.049 ms - 13[0m
[0mGET /api/refunds/tasks/next?type=REVIEW_VERIFY&worker_id=review-verifier [32m200[0m 0.671 ms - 13[0m
[0mGET /api/refunds/tasks/next?type=WHATSAPP_BLAST&worker_id=whatsapp-campaign [32m200[0m 0.719 ms - 13[0m
[0mGET /api/refunds/tasks/next?type=REVIEW_VERIFY&worker_id=review-verifier [32m200[0m 0.808 ms - 13[0m
[0mGET /api/refunds/queue [32m200[0m 0.819 ms - 12[0m
[0mGET /api/refunds/tasks/next?type=WHATSAPP_BLAST&worker_id=whatsapp-campaign [32m200[0m 1.154 ms - 13[0m
[0mGET /api/refunds/tasks/next?type=REVIEW_VERIFY&worker_id=review-verifier [32m200[0m 0.858 ms - 13[0m
[0mGET /api/refunds/tasks/next?type=WHATSAPP_BLAST&worker_id=whatsapp-campaign [32m200[0m 0.970 ms - 13[0m
[0mGET /api/refunds/tasks/next?type=REVIEW_VERIFY&worker_id=review-verifier [32m200[0m 0.715 ms - 13[0m
[0mGET /api/refunds/tasks/next?type=WHATSAPP_BLAST&worker_id=whatsapp-campaign [32m200[0m 1.120 ms - 13[0m
[0mGET /api/refunds/tasks/next?type=REVIEW_VERIFY&worker_id=review-verifier [32m200[0m 0.709 ms - 13[0m
[0mGET /api/refunds/queue [32m200[0m 1.003 ms - 12[0m
[0mGET /api/refunds/tasks/next?type=WHATSAPP_BLAST&worker_id=whatsapp-campaign [32m200[0m 0.679 ms - 13[0m
[0mGET /api/refunds/tasks/next?type=REVIEW_VERIFY&worker_id=review-verifier [32m200[0m 0.911 ms - 13[0m
[0mGET /api/refunds/tasks/next?type=WHATSAPP_BLAST&worker_id=whatsapp-campaign [32m200[0m 1.032 ms - 13[0m
[0mGET /api/refunds/tasks/next?type=REVIEW_VERIFY&worker_id=review-verifier [32m200[0m 0.784 ms - 13[0m
[0mGET /api/refunds/tasks/next?type=WHATSAPP_BLAST&worker_id=whatsapp-campaign [32m200[0m 3.367 ms - 13[0m
[0mGET /api/refunds/tasks/next?type=REVIEW_VERIFY&worker_id=review-verifier [32m200[0m 0.804 ms - 13[0m
[0mGET /api/refunds/queue [32m200[0m 0.794 ms - 12[0m
[0mGET /api/refunds/tasks/next?type=WHATSAPP_BLAST&worker_id=whatsapp-campaign [32m200[0m 3.359 ms - 13[0m
[0mGET /api/refunds/tasks/next?type=REVIEW_VERIFY&worker_id=review-verifier [32m200[0m 1.211 ms - 13[0m
[0mGET /api/refunds/tasks/next?type=WHATSAPP_BLAST&worker_id=whatsapp-campaign [32m200[0m 1.488 ms - 13[0m
[0mGET /api/refunds/tasks/next?type=REVIEW_VERIFY&worker_id=review-verifier [32m200[0m 1.244 ms - 13[0m
[0mGET /api/refunds/tasks/next?type=WHATSAPP_BLAST&worker_id=whatsapp-campaign [32m200[0m 0.818 ms - 13[0m
[0mGET /api/refunds/tasks/next?type=REVIEW_VERIFY&worker_id=review-verifier [32m200[0m 0.982 ms - 13[0m
[0mGET /api/refunds/queue [32m200[0m 1.233 ms - 12[0m
[0mGET /api/refunds/tasks/next?type=WHATSAPP_BLAST&worker_id=whatsapp-campaign [32m200[0m 1.086 ms - 13[0m
[0mGET /api/refunds/tasks/next?type=REVIEW_VERIFY&worker_id=review-verifier [32m200[0m 0.877 ms - 13[0m
[0mGET /api/refunds/tasks/next?type=WHATSAPP_BLAST&worker_id=whatsapp-campaign [32m200[0m 0.815 ms - 13[0m
[0mGET /api/refunds/tasks/next?type=REVIEW_VERIFY&worker_id=review-verifier [32m200[0m 2.372 ms - 13[0m
[0mGET /api/refunds/tasks/next?type=WHATSAPP_BLAST&worker_id=whatsapp-campaign [32m200[0m 2.651 ms - 13[0m
[0mGET /api/refunds/tasks/next?type=REVIEW_VERIFY&worker_id=review-verifier [32m200[0m 0.772 ms - 13[0m
[0mGET /api/refunds/queue [32m200[0m 0.726 ms - 12[0m
[0mGET /api/refunds/tasks/next?type=WHATSAPP_BLAST&worker_id=whatsapp-campaign [32m200[0m 0.941 ms - 13[0m
[0mGET /api/refunds/tasks/next?type=REVIEW_VERIFY&worker_id=review-verifier [32m200[0m 0.604 ms - 13[0m
[0mGET /api/refunds/tasks/next?type=WHATSAPP_BLAST&worker_id=whatsapp-campaign [32m200[0m 0.718 ms - 13[0m
[0mGET /api/refunds/tasks/next?type=REVIEW_VERIFY&worker_id=review-verifier [32m200[0m 0.732 ms - 13[0m
[0mGET /api/refunds/tasks/next?type=WHATSAPP_BLAST&worker_id=whatsapp-campaign [32m200[0m 0.658 ms - 13[0m
[0mGET /api/refunds/tasks/next?type=REVIEW_VERIFY&worker_id=review-verifier [32m200[0m 1.659 ms - 13[0m
[0mGET /api/refunds/queue [32m200[0m 0.754 ms - 12[0m
[0mGET /health [32m200[0m 0.124 ms - 54[0m
[0mGET /api/refunds/tasks/next?type=WHATSAPP_BLAST&worker_id=whatsapp-campaign [32m200[0m 0.932 ms - 13[0m
[0mGET /api/refunds/tasks/next?type=REVIEW_VERIFY&worker_id=review-verifier [32m200[0m 0.678 ms - 13[0m
[0mGET /api/refunds/tasks/next?type=WHATSAPP_BLAST&worker_id=whatsapp-campaign [32m200[0m 0.625 ms - 13[0m
[0mGET /api/refunds/tasks/next?type=REVIEW_VERIFY&worker_id=review-verifier [32m200[0m 2.986 ms - 13[0m
[0mGET /api/refunds/tasks/next?type=WHATSAPP_BLAST&worker_id=whatsapp-campaign [32m200[0m 1.940 ms - 13[0m
[0mGET /api/refunds/tasks/next?type=REVIEW_VERIFY&worker_id=review-verifier [32m200[0m 0.928 ms - 13[0m
[0mGET /api/refunds/queue [32m200[0m 1.942 ms - 12[0m
[0mGET /api/refunds/tasks/next?type=WHATSAPP_BLAST&worker_id=whatsapp-campaign [32m200[0m 0.991 ms - 13[0m
[0mGET /api/refunds/tasks/next?type=REVIEW_VERIFY&worker_id=review-verifier [32m200[0m 0.932 ms - 13[0m
[0mGET /api/refunds/tasks/next?type=WHATSAPP_BLAST&worker_id=whatsapp-campaign [32m200[0m 0.927 ms - 13[0m
[0mGET /api/refunds/tasks/next?type=REVIEW_VERIFY&worker_id=review-verifier [32m200[0m 0.814 ms - 13[0m
[0mGET /api/refunds/tasks/next?type=WHATSAPP_BLAST&worker_id=whatsapp-campaign [32m200[0m 1.002 ms - 13[0m
[0mGET /api/refunds/tasks/next?type=REVIEW_VERIFY&worker_id=review-verifier [32m200[0m 1.073 ms - 13[0m
[0mGET /api/refunds/queue [32m200[0m 1.114 ms - 12[0m
[0mGET /api/refunds/tasks/next?type=WHATSAPP_BLAST&worker_id=whatsapp-campaign [32m200[0m 0.824 ms - 13[0m
[0mGET /api/refunds/tasks/next?type=REVIEW_VERIFY&worker_id=review-verifier [32m200[0m 0.800 ms - 13[0m
[0mGET /api/refunds/tasks/next?type=WHATSAPP_BLAST&worker_id=whatsapp-campaign [32m200[0m 2.400 ms - 13[0m
[0mGET /api/refunds/tasks/next?type=REVIEW_VERIFY&worker_id=review-verifier [32m200[0m 0.964 ms - 13[0m
[0mGET /api/refunds/tasks/next?type=WHATSAPP_BLAST&worker_id=whatsapp-campaign [32m200[0m 0.848 ms - 13[0m
[0mGET /api/refunds/tasks/next?type=REVIEW_VERIFY&worker_id=review-verifier [32m200[0m 1.610 ms - 13[0m
[0mGET /api/refunds/queue [32m200[0m 1.273 ms - 12[0m
[0mGET /api/refunds/tasks/next?type=WHATSAPP_BLAST&worker_id=whatsapp-campaign [32m200[0m 1.332 ms - 13[0m
[0mGET /api/refunds/tasks/next?type=REVIEW_VERIFY&worker_id=review-verifier [32m200[0m 0.734 ms - 13[0m
[0mGET /api/refunds/tasks/next?type=WHATSAPP_BLAST&worker_id=whatsapp-campaign [32m200[0m 0.780 ms - 13[0m
[0mGET /api/refunds/tasks/next?type=REVIEW_VERIFY&worker_id=review-verifier [32m200[0m 0.698 ms - 13[0m
[0mGET /api/refunds/tasks/next?type=WHATSAPP_BLAST&worker_id=whatsapp-campaign [32m200[0m 1.118 ms - 13[0m
[0mGET /api/refunds/tasks/next?type=REVIEW_VERIFY&worker_id=review-verifier [32m200[0m 0.792 ms - 13[0m
[0mGET /api/refunds/queue [32m200[0m 2.343 ms - 12[0m
[0mGET /api/refunds/tasks/next?type=WHATSAPP_BLAST&worker_id=whatsapp-campaign [32m200[0m 0.840 ms - 13[0m
[0mGET /api/refunds/tasks/next?type=REVIEW_VERIFY&worker_id=review-verifier [32m200[0m 0.752 ms - 13[0m
[0mGET /api/refunds/tasks/next?type=WHATSAPP_BLAST&worker_id=whatsapp-campaign [32m200[0m 0.708 ms - 13[0m
[0mGET /api/refunds/tasks/next?type=REVIEW_VERIFY&worker_id=review-verifier [32m200[0m 0.860 ms - 13[0m
[0mGET /api/refunds/tasks/next?type=WHATSAPP_BLAST&worker_id=whatsapp-campaign [32m200[0m 1.108 ms - 13[0m
[0mGET /api/refunds/tasks/next?type=REVIEW_VERIFY&worker_id=review-verifier [32m200[0m 2.495 ms - 13[0m
[0mGET /api/refunds/queue [32m200[0m 1.065 ms - 12[0m
[0mGET /api/refunds/tasks/next?type=WHATSAPP_BLAST&worker_id=whatsapp-campaign [32m200[0m 1.748 ms - 13[0m
[0mGET /api/refunds/tasks/next?type=REVIEW_VERIFY&worker_id=review-verifier [32m200[0m 0.617 ms - 13[0m
[0mGET /api/refunds/tasks/next?type=WHATSAPP_BLAST&worker_id=whatsapp-campaign [32m200[0m 0.723 ms - 13[0m
[0mGET /api/refunds/tasks/next?type=REVIEW_VERIFY&worker_id=review-verifier [32m200[0m 1.585 ms - 13[0m
[0mGET /api/refunds/tasks/next?type=WHATSAPP_BLAST&worker_id=whatsapp-campaign [32m200[0m 0.712 ms - 13[0m
[0mGET /api/refunds/tasks/next?type=REVIEW_VERIFY&worker_id=review-verifier [32m200[0m 1.691 ms - 13[0m
[0mGET /api/refunds/queue [32m200[0m 0.925 ms - 12[0m
[0mGET /api/refunds/tasks/next?type=WHATSAPP_BLAST&worker_id=whatsapp-campaign [32m200[0m 0.857 ms - 13[0m
[0mGET /api/refunds/tasks/next?type=REVIEW_VERIFY&worker_id=review-verifier [32m200[0m 0.845 ms - 13[0m
[0mGET /api/refunds/tasks/next?type=WHATSAPP_BLAST&worker_id=whatsapp-campaign [32m200[0m 1.358 ms - 13[0m
[0mGET /api/refunds/tasks/next?type=REVIEW_VERIFY&worker_id=review-verifier [32m200[0m 0.652 ms - 13[0m
[0mGET /api/refunds/tasks/next?type=WHATSAPP_BLAST&worker_id=whatsapp-campaign [32m200[0m 1.692 ms - 13[0m
[0mGET /api/refunds/tasks/next?type=REVIEW_VERIFY&worker_id=review-verifier [32m200[0m 0.867 ms - 13[0m
[0mGET /api/refunds/queue [32m200[0m 0.842 ms - 12[0m
[0mGET /api/refunds/tasks/next?type=WHATSAPP_BLAST&worker_id=whatsapp-campaign [32m200[0m 0.818 ms - 13[0m
[0mGET /api/refunds/tasks/next?type=REVIEW_VERIFY&worker_id=review-verifier [32m200[0m 0.699 ms - 13[0m
[0mGET /api/refunds/tasks/next?type=WHATSAPP_BLAST&worker_id=whatsapp-campaign [32m200[0m 0.833 ms - 13[0m
[0mGET /api/refunds/tasks/next?type=REVIEW_VERIFY&worker_id=review-verifier [32m200[0m 0.991 ms - 13[0m
[0mGET /api/refunds/tasks/next?type=WHATSAPP_BLAST&worker_id=whatsapp-campaign [32m200[0m 1.690 ms - 13[0m
[0mGET /api/refunds/tasks/next?type=REVIEW_VERIFY&worker_id=review-verifier [32m200[0m 0.762 ms - 13[0m
[0mGET /api/refunds/queue [32m200[0m 0.936 ms - 12[0m
[0mGET /api/refunds/tasks/next?type=WHATSAPP_BLAST&worker_id=whatsapp-campaign [32m200[0m 0.765 ms - 13[0m
[0mGET /api/refunds/tasks/next?type=REVIEW_VERIFY&worker_id=review-verifier [32m200[0m 1.299 ms - 13[0m
[0mGET /api/refunds/tasks/next?type=WHATSAPP_BLAST&worker_id=whatsapp-campaign [32m200[0m 0.833 ms - 13[0m
[0mGET /api/refunds/tasks/next?type=REVIEW_VERIFY&worker_id=review-verifier [32m200[0m 1.660 ms - 13[0m
[0mGET /api/refunds/tasks/next?type=WHATSAPP_BLAST&worker_id=whatsapp-campaign [32m200[0m 0.847 ms - 13[0m
[0mGET /api/refunds/tasks/next?type=REVIEW_VERIFY&worker_id=review-verifier [32m200[0m 0.987 ms - 13[0m
[0mGET /api/refunds/queue [32m200[0m 0.958 ms - 12[0m
[0mGET /api/refunds/tasks/next?type=WHATSAPP_BLAST&worker_id=whatsapp-campaign [32m200[0m 0.970 ms - 13[0m
[0mGET /api/refunds/tasks/next?type=REVIEW_VERIFY&worker_id=review-verifier [32m200[0m 0.798 ms - 13[0m
[0mGET /api/refunds/tasks/next?type=WHATSAPP_BLAST&worker_id=whatsapp-campaign [32m200[0m 0.850 ms - 13[0m
[0mGET /api/refunds/tasks/next?type=REVIEW_VERIFY&worker_id=review-verifier [32m200[0m 0.902 ms - 13[0m
[0mGET /api/refunds/tasks/next?type=WHATSAPP_BLAST&worker_id=whatsapp-campaign [32m200[0m 0.760 ms - 13[0m
[0mGET /api/refunds/tasks/next?type=REVIEW_VERIFY&worker_id=review-verifier [32m200[0m 0.850 ms - 13[0m
[0mGET /api/refunds/queue [32m200[0m 0.941 ms - 12[0m
[0mGET /api/refunds/tasks/next?type=WHATSAPP_BLAST&worker_id=whatsapp-campaign [32m200[0m 0.885 ms - 13[0m
[0mGET /api/refunds/tasks/next?type=REVIEW_VERIFY&worker_id=review-verifier [32m200[0m 1.730 ms - 13[0m
[0mGET /api/refunds/tasks/next?type=WHATSAPP_BLAST&worker_id=whatsapp-campaign [32m200[0m 0.665 ms - 13[0m
[0mGET /api/refunds/tasks/next?type=REVIEW_VERIFY&worker_id=review-verifier [32m200[0m 1.453 ms - 13[0m
[0mGET /api/refunds/tasks/next?type=WHATSAPP_BLAST&worker_id=whatsapp-campaign [32m200[0m 1.678 ms - 13[0m
[0mGET /api/refunds/tasks/next?type=REVIEW_VERIFY&worker_id=review-verifier [32m200[0m 0.850 ms - 13[0m
[0mGET /api/refunds/queue [32m200[0m 5.456 ms - 12[0m
[0mGET /api/refunds/tasks/next?type=WHATSAPP_BLAST&worker_id=whatsapp-campaign [32m200[0m 2.102 ms - 13[0m
[0mGET /api/refunds/tasks/next?type=REVIEW_VERIFY&worker_id=review-verifier [32m200[0m 2.493 ms - 13[0m
[0mGET /api/refunds/tasks/next?type=WHATSAPP_BLAST&worker_id=whatsapp-campaign [32m200[0m 0.883 ms - 13[0m
[0mGET /api/refunds/tasks/next?type=REVIEW_VERIFY&worker_id=review-verifier [32m200[0m 0.672 ms - 13[0m
[0mGET /api/refunds/tasks/next?type=WHATSAPP_BLAST&worker_id=whatsapp-campaign [32m200[0m 1.860 ms - 13[0m
[0mGET /api/refunds/tasks/next?type=REVIEW_VERIFY&worker_id=review-verifier [32m200[0m 0.722 ms - 13[0m
[0mGET /api/refunds/queue [32m200[0m 1.000 ms - 12[0m
[0mGET /api/refunds/tasks/next?type=WHATSAPP_BLAST&worker_id=whatsapp-campaign [32m200[0m 1.699 ms - 13[0m
[0mGET /api/refunds/tasks/next?type=REVIEW_VERIFY&worker_id=review-verifier [32m200[0m 0.753 ms - 13[0m
[0mGET /api/refunds/tasks/next?type=WHATSAPP_BLAST&worker_id=whatsapp-campaign [32m200[0m 1.823 ms - 13[0m
[0mGET /api/refunds/tasks/next?type=REVIEW_VERIFY&worker_id=review-verifier [32m200[0m 0.765 ms - 13[0m
[0mGET /api/refunds/tasks/next?type=WHATSAPP_BLAST&worker_id=whatsapp-campaign [32m200[0m 1.660 ms - 13[0m
[0mGET /api/refunds/tasks/next?type=REVIEW_VERIFY&worker_id=review-verifier [32m200[0m 0.754 ms - 13[0m
[0mGET /api/refunds/queue [32m200[0m 0.899 ms - 12[0m
[0mGET /api/refunds/tasks/next?type=WHATSAPP_BLAST&worker_id=whatsapp-campaign [32m200[0m 2.738 ms - 13[0m
[0mGET /api/refunds/tasks/next?type=REVIEW_VERIFY&worker_id=review-verifier [32m200[0m 0.774 ms - 13[0m
[0mGET /api/refunds/tasks/next?type=WHATSAPP_BLAST&worker_id=whatsapp-campaign [32m200[0m 0.724 ms - 13[0m
[0mGET /api/refunds/tasks/next?type=REVIEW_VERIFY&worker_id=review-verifier [32m200[0m 0.739 ms - 13[0m
[0mGET /api/refunds/tasks/next?type=WHATSAPP_BLAST&worker_id=whatsapp-campaign [32m200[0m 0.914 ms - 13[0m
[0mGET /api/refunds/tasks/next?type=REVIEW_VERIFY&worker_id=review-verifier [32m200[0m 0.792 ms - 13[0m
[0mGET /api/refunds/queue [32m200[0m 0.864 ms - 12[0m
[0mGET /api/refunds/tasks/next?type=WHATSAPP_BLAST&worker_id=whatsapp-campaign [32m200[0m 1.675 ms - 13[0m
[0mGET /api/refunds/tasks/next?type=REVIEW_VERIFY&worker_id=review-verifier [32m200[0m 2.016 ms - 13[0m
[0mGET /api/refunds/tasks/next?type=WHATSAPP_BLAST&worker_id=whatsapp-campaign [32m200[0m 0.789 ms - 13[0m
[0mGET /api/refunds/tasks/next?type=REVIEW_VERIFY&worker_id=review-verifier [32m200[0m 1.022 ms - 13[0m
[0mGET /api/refunds/tasks/next?type=WHATSAPP_BLAST&worker_id=whatsapp-campaign [32m200[0m 0.817 ms - 13[0m
[0mGET /api/refunds/tasks/next?type=REVIEW_VERIFY&worker_id=review-verifier [32m200[0m 0.800 ms - 13[0m
[0mGET /api/refunds/queue [32m200[0m 0.956 ms - 12[0m
[0mGET /api/refunds/tasks/next?type=WHATSAPP_BLAST&worker_id=whatsapp-campaign [32m200[0m 0.799 ms - 13[0m
[0mGET /api/refunds/tasks/next?type=REVIEW_VERIFY&worker_id=review-verifier [32m200[0m 1.829 ms - 13[0m
[0mGET /api/refunds/tasks/next?type=WHATSAPP_BLAST&worker_id=whatsapp-campaign [32m200[0m 0.818 ms - 13[0m
[0mGET /api/refunds/tasks/next?type=REVIEW_VERIFY&worker_id=review-verifier [32m200[0m 0.878 ms - 13[0m
[0mGET /api/refunds/tasks/next?type=WHATSAPP_BLAST&worker_id=whatsapp-campaign [32m200[0m 0.813 ms - 13[0m
[0mGET /api/refunds/tasks/next?type=REVIEW_VERIFY&worker_id=review-verifier [32m200[0m 1.714 ms - 13[0m
[0mGET /api/refunds/queue [32m200[0m 1.124 ms - 12[0m
[0mGET /api/refunds/tasks/next?type=WHATSAPP_BLAST&worker_id=whatsapp-campaign [32m200[0m 0.820 ms - 13[0m
[0mGET /api/refunds/tasks/next?type=REVIEW_VERIFY&worker_id=review-verifier [32m200[0m 0.641 ms - 13[0m
[0mGET /api/refunds/tasks/next?type=WHATSAPP_BLAST&worker_id=whatsapp-campaign [32m200[0m 0.857 ms - 13[0m
[0mGET /api/refunds/tasks/next?type=REVIEW_VERIFY&worker_id=review-verifier [32m200[0m 2.032 ms - 13[0m
[0mGET /api/refunds/tasks/next?type=WHATSAPP_BLAST&worker_id=whatsapp-campaign [32m200[0m 0.727 ms - 13[0m
[0mGET /api/refunds/tasks/next?type=REVIEW_VERIFY&worker_id=review-verifier [32m200[0m 0.763 ms - 13[0m
[0mGET /api/refunds/queue [32m200[0m 1.026 ms - 12[0m
[0mGET /api/refunds/tasks/next?type=WHATSAPP_BLAST&worker_id=whatsapp-campaign [32m200[0m 0.722 ms - 13[0m
[0mGET /api/refunds/tasks/next?type=REVIEW_VERIFY&worker_id=review-verifier [32m200[0m 1.623 ms - 13[0m
[0mGET /api/refunds/tasks/next?type=WHATSAPP_BLAST&worker_id=whatsapp-campaign [32m200[0m 0.853 ms - 13[0m
[0mGET /api/refunds/tasks/next?type=REVIEW_VERIFY&worker_id=review-verifier [32m200[0m 1.785 ms - 13[0m
[0mGET /api/refunds/tasks/next?type=WHATSAPP_BLAST&worker_id=whatsapp-campaign [32m200[0m 0.882 ms - 13[0m
[0mGET /api/refunds/tasks/next?type=REVIEW_VERIFY&worker_id=review-verifier [32m200[0m 0.697 ms - 13[0m
[0mGET /api/refunds/queue [32m200[0m 0.815 ms - 12[0m
[0mGET /api/refunds/tasks/next?type=WHATSAPP_BLAST&worker_id=whatsapp-campaign [32m200[0m 0.609 ms - 13[0m
[0mGET /api/refunds/tasks/next?type=REVIEW_VERIFY&worker_id=review-verifier [32m200[0m 0.686 ms - 13[0m
[0mGET /api/refunds/tasks/next?type=WHATSAPP_BLAST&worker_id=whatsapp-campaign [32m200[0m 0.910 ms - 13[0m
[0mGET /api/refunds/tasks/next?type=REVIEW_VERIFY&worker_id=review-verifier [32m200[0m 0.756 ms - 13[0m
[0mGET /api/refunds/tasks/next?type=WHATSAPP_BLAST&worker_id=whatsapp-campaign [32m200[0m 1.765 ms - 13[0m
[0mGET /api/refunds/tasks/next?type=REVIEW_VERIFY&worker_id=review-verifier [32m200[0m 1.421 ms - 13[0m
[0mGET /api/refunds/queue [32m200[0m 0.810 ms - 12[0m
[0mGET /api/refunds/tasks/next?type=WHATSAPP_BLAST&worker_id=whatsapp-campaign [32m200[0m 1.545 ms - 13[0m
[0mGET /api/refunds/tasks/next?type=REVIEW_VERIFY&worker_id=review-verifier [32m200[0m 0.852 ms - 13[0m
[0mGET /api/refunds/tasks/next?type=WHATSAPP_BLAST&worker_id=whatsapp-campaign [32m200[0m 0.846 ms - 13[0m
[0mGET /api/refunds/tasks/next?type=REVIEW_VERIFY&worker_id=review-verifier [32m200[0m 1.569 ms - 13[0m
[0mGET /api/refunds/tasks/next?type=WHATSAPP_BLAST&worker_id=whatsapp-campaign [32m200[0m 1.410 ms - 13[0m
[0mGET /api/refunds/tasks/next?type=REVIEW_VERIFY&worker_id=review-verifier [32m200[0m 0.852 ms - 13[0m
[0mGET /api/refunds/queue [32m200[0m 0.971 ms - 12[0m
[0mGET /api/refunds/tasks/next?type=WHATSAPP_BLAST&worker_id=whatsapp-campaign [32m200[0m 1.706 ms - 13[0m
[0mGET /api/refunds/tasks/next?type=REVIEW_VERIFY&worker_id=review-verifier [32m200[0m 0.641 ms - 13[0m
[0mGET /api/refunds/tasks/next?type=WHATSAPP_BLAST&worker_id=whatsapp-campaign [32m200[0m 0.961 ms - 13[0m
[0mGET /api/refunds/tasks/next?type=REVIEW_VERIFY&worker_id=review-verifier [32m200[0m 0.708 ms - 13[0m
[0mGET /api/refunds/tasks/next?type=WHATSAPP_BLAST&worker_id=whatsapp-campaign [32m200[0m 1.937 ms - 13[0m
[0mGET /api/refunds/tasks/next?type=REVIEW_VERIFY&worker_id=review-verifier [32m200[0m 0.612 ms - 13[0m
[0mGET /api/refunds/queue [32m200[0m 0.743 ms - 12[0m
[0mGET /api/refunds/tasks/next?type=WHATSAPP_BLAST&worker_id=whatsapp-campaign [32m200[0m 2.413 ms - 13[0m
[0mGET /api/refunds/tasks/next?type=REVIEW_VERIFY&worker_id=review-verifier [32m200[0m 1.164 ms - 13[0m
[0mGET /api/refunds/tasks/next?type=WHATSAPP_BLAST&worker_id=whatsapp-campaign [32m200[0m 0.938 ms - 13[0m
[0mGET /api/refunds/tasks/next?type=REVIEW_VERIFY&worker_id=review-verifier [32m200[0m 1.166 ms - 13[0m
[0mGET /api/refunds/tasks/next?type=WHATSAPP_BLAST&worker_id=whatsapp-campaign [32m200[0m 3.066 ms - 13[0m
[0mGET /api/refunds/tasks/next?type=REVIEW_VERIFY&worker_id=review-verifier [32m200[0m 1.260 ms - 13[0m
[0mGET /api/refunds/queue [32m200[0m 3.193 ms - 12[0m
[0mGET /api/refunds/tasks/next?type=WHATSAPP_BLAST&worker_id=whatsapp-campaign [32m200[0m 3.618 ms - 13[0m
[0mGET /api/refunds/tasks/next?type=REVIEW_VERIFY&worker_id=review-verifier [32m200[0m 0.867 ms - 13[0m
[0mGET /api/refunds/tasks/next?type=WHATSAPP_BLAST&worker_id=whatsapp-campaign [32m200[0m 2.381 ms - 13[0m
[0mGET /api/refunds/tasks/next?type=REVIEW_VERIFY&worker_id=review-verifier [32m200[0m 1.246 ms - 13[0m
[0mGET /api/refunds/tasks/next?type=WHATSAPP_BLAST&worker_id=whatsapp-campaign [32m200[0m 2.303 ms - 13[0m
[0mGET /api/refunds/tasks/next?type=REVIEW_VERIFY&worker_id=review-verifier [32m200[0m 0.786 ms - 13[0m
[0mGET /api/refunds/queue [32m200[0m 1.072 ms - 12[0m
[0mGET /api/refunds/tasks/next?type=WHATSAPP_BLAST&worker_id=whatsapp-campaign [32m200[0m 3.385 ms - 13[0m
[0mGET /api/refunds/tasks/next?type=REVIEW_VERIFY&worker_id=review-verifier [32m200[0m 1.586 ms - 13[0m
[0mGET /api/refunds/tasks/next?type=WHATSAPP_BLAST&worker_id=whatsapp-campaign [32m200[0m 0.954 ms - 13[0m
[0mGET /api/refunds/tasks/next?type=REVIEW_VERIFY&worker_id=review-verifier [32m200[0m 1.662 ms - 13[0m
[0mGET /api/refunds/tasks/next?type=WHATSAPP_BLAST&worker_id=whatsapp-campaign [32m200[0m 2.477 ms - 13[0m
[0mGET /api/refunds/tasks/next?type=REVIEW_VERIFY&worker_id=review-verifier [32m200[0m 0.796 ms - 13[0m
[0mGET /api/refunds/queue [32m200[0m 1.918 ms - 12[0m
[0mGET /api/refunds/tasks/next?type=WHATSAPP_BLAST&worker_id=whatsapp-campaign [32m200[0m 2.002 ms - 13[0m
[0mGET /api/refunds/tasks/next?type=REVIEW_VERIFY&worker_id=review-verifier [32m200[0m 1.191 ms - 13[0m
[0mGET /api/refunds/tasks/next?type=WHATSAPP_BLAST&worker_id=whatsapp-campaign [32m200[0m 1.933 ms - 13[0m
[0mGET /api/refunds/tasks/next?type=REVIEW_VERIFY&worker_id=review-verifier [32m200[0m 0.819 ms - 13[0m
[0mGET /api/refunds/tasks/next?type=WHATSAPP_BLAST&worker_id=whatsapp-campaign [32m200[0m 4.242 ms - 13[0m
[0mGET /api/refunds/tasks/next?type=REVIEW_VERIFY&worker_id=review-verifier [32m200[0m 1.623 ms - 13[0m
[0mGET /api/refunds/queue [32m200[0m 1.244 ms - 12[0m
[0mGET /api/refunds/tasks/next?type=WHATSAPP_BLAST&worker_id=whatsapp-campaign [32m200[0m 3.555 ms - 13[0m
[0mGET /api/refunds/tasks/next?type=REVIEW_VERIFY&worker_id=review-verifier [32m200[0m 1.586 ms - 13[0m
[0mGET /api/refunds/tasks/next?type=WHATSAPP_BLAST&worker_id=whatsapp-campaign [32m200[0m 0.982 ms - 13[0m
[0mGET /api/refunds/tasks/next?type=REVIEW_VERIFY&worker_id=review-verifier [32m200[0m 2.416 ms - 13[0m
[0mGET /api/refunds/tasks/next?type=WHATSAPP_BLAST&worker_id=whatsapp-campaign [32m200[0m 0.829 ms - 13[0m
[0mGET /api/refunds/tasks/next?type=REVIEW_VERIFY&worker_id=review-verifier [32m200[0m 0.756 ms - 13[0m
[0mGET /api/refunds/queue [32m200[0m 1.003 ms - 12[0m
[0mGET /api/refunds/tasks/next?type=WHATSAPP_BLAST&worker_id=whatsapp-campaign [32m200[0m 0.933 ms - 13[0m
[0mGET /api/refunds/tasks/next?type=REVIEW_VERIFY&worker_id=review-verifier [32m200[0m 3.310 ms - 13[0m
[0mGET /api/refunds/tasks/next?type=WHATSAPP_BLAST&worker_id=whatsapp-campaign [32m200[0m 1.688 ms - 13[0m
[0mGET /api/refunds/tasks/next?type=REVIEW_VERIFY&worker_id=review-verifier [32m200[0m 1.306 ms - 13[0m
[0mGET /api/refunds/tasks/next?type=WHATSAPP_BLAST&worker_id=whatsapp-campaign [32m200[0m 0.780 ms - 13[0m
[0mGET /api/refunds/tasks/next?type=REVIEW_VERIFY&worker_id=review-verifier [32m200[0m 1.804 ms - 13[0m
[0mGET /api/refunds/queue [32m200[0m 1.314 ms - 12[0m
[0mGET /api/refunds/tasks/next?type=WHATSAPP_BLAST&worker_id=whatsapp-campaign [32m200[0m 0.785 ms - 13[0m
[0mGET /api/refunds/tasks/next?type=REVIEW_VERIFY&worker_id=review-verifier [32m200[0m 0.817 ms - 13[0m
[0mGET /api/refunds/tasks/next?type=WHATSAPP_BLAST&worker_id=whatsapp-campaign [32m200[0m 0.760 ms - 13[0m
[0mGET /api/refunds/tasks/next?type=REVIEW_VERIFY&worker_id=review-verifier [32m200[0m 1.082 ms - 13[0m
[0mGET /api/refunds/tasks/next?type=WHATSAPP_BLAST&worker_id=whatsapp-campaign [32m200[0m 1.097 ms - 13[0m
[0mGET /api/refunds/tasks/next?type=REVIEW_VERIFY&worker_id=review-verifier [32m200[0m 3.616 ms - 13[0m
[0mGET /api/refunds/queue [32m200[0m 4.501 ms - 12[0m
[0mGET /api/refunds/tasks/next?type=WHATSAPP_BLAST&worker_id=whatsapp-campaign [32m200[0m 0.971 ms - 13[0m
[0mGET /api/refunds/tasks/next?type=REVIEW_VERIFY&worker_id=review-verifier [32m200[0m 0.911 ms - 13[0m
[0mGET /api/refunds/tasks/next?type=WHATSAPP_BLAST&worker_id=whatsapp-campaign [32m200[0m 1.075 ms - 13[0m
[0mGET /api/refunds/tasks/next?type=REVIEW_VERIFY&worker_id=review-verifier [32m200[0m 5.860 ms - 13[0m
[0mGET /api/refunds/tasks/next?type=WHATSAPP_BLAST&worker_id=whatsapp-campaign [32m200[0m 2.295 ms - 13[0m
[0mGET /api/refunds/tasks/next?type=REVIEW_VERIFY&worker_id=review-verifier [32m200[0m 1.989 ms - 13[0m
[0mGET /api/refunds/queue [32m200[0m 1.112 ms - 12[0m
[0mGET /api/refunds/tasks/next?type=WHATSAPP_BLAST&worker_id=whatsapp-campaign [32m200[0m 2.635 ms - 13[0m
[0mGET /api/refunds/tasks/next?type=REVIEW_VERIFY&worker_id=review-verifier [32m200[0m 2.001 ms - 13[0m
[0mGET /api/refunds/tasks/next?type=WHATSAPP_BLAST&worker_id=whatsapp-campaign [32m200[0m 1.053 ms - 13[0m
[0mGET /api/refunds/tasks/next?type=REVIEW_VERIFY&worker_id=review-verifier [32m200[0m 2.742 ms - 13[0m
[0mGET /api/refunds/tasks/next?type=WHATSAPP_BLAST&worker_id=whatsapp-campaign [32m200[0m 0.891 ms - 13[0m
[0mGET /api/refunds/tasks/next?type=REVIEW_VERIFY&worker_id=review-verifier [32m200[0m 2.201 ms - 13[0m
[0mGET /api/refunds/queue [32m200[0m 1.053 ms - 12[0m
[0mPOST /api/auth/login [33m401[0m 9.941 ms - 31[0m
[0mGET /api/refunds/tasks/next?type=WHATSAPP_BLAST&worker_id=whatsapp-campaign [32m200[0m 1.789 ms - 13[0m
[0mGET /api/refunds/tasks/next?type=REVIEW_VERIFY&worker_id=review-verifier [32m200[0m 1.996 ms - 13[0m
[0mGET /api/refunds/tasks/next?type=WHATSAPP_BLAST&worker_id=whatsapp-campaign [32m200[0m 0.979 ms - 13[0m
[0mPOST /api/auth/login [33m401[0m 5.337 ms - 31[0m
[0mGET /api/refunds/tasks/next?type=REVIEW_VERIFY&worker_id=review-verifier [32m200[0m 11.529 ms - 13[0m
[0mPOST /api/auth/login [33m401[0m 4.977 ms - 31[0m
[0mGET /api/refunds/tasks/next?type=WHATSAPP_BLAST&worker_id=whatsapp-campaign [32m200[0m 1.162 ms - 13[0m
[0mGET /api/refunds/tasks/next?type=REVIEW_VERIFY&worker_id=review-verifier [32m200[0m 1.218 ms - 13[0m
[0mGET /api/refunds/queue [32m200[0m 1.641 ms - 12[0m
[0mGET /api/refunds/tasks/next?type=WHATSAPP_BLAST&worker_id=whatsapp-campaign [32m200[0m 1.324 ms - 13[0m
[0mGET /api/refunds/tasks/next?type=REVIEW_VERIFY&worker_id=review-verifier [32m200[0m 1.234 ms - 13[0m
[0mGET /api/refunds/tasks/next?type=WHATSAPP_BLAST&worker_id=whatsapp-campaign [32m200[0m 1.424 ms - 13[0m
[0mGET /api/refunds/tasks/next?type=REVIEW_VERIFY&worker_id=review-verifier [32m200[0m 1.059 ms - 13[0m
[0mGET /api/refunds/tasks/next?type=WHATSAPP_BLAST&worker_id=whatsapp-campaign [32m200[0m 1.761 ms - 13[0m
[0mGET /api/refunds/tasks/next?type=REVIEW_VERIFY&worker_id=review-verifier [32m200[0m 0.823 ms - 13[0m
[0mGET /api/refunds/queue [32m200[0m 1.090 ms - 12[0m
[0mGET /api/refunds/tasks/next?type=WHATSAPP_BLAST&worker_id=whatsapp-campaign [32m200[0m 0.924 ms - 13[0m
[0mGET /api/refunds/tasks/next?type=REVIEW_VERIFY&worker_id=review-verifier [32m200[0m 0.833 ms - 13[0m
[0mGET /api/refunds/tasks/next?type=WHATSAPP_BLAST&worker_id=whatsapp-campaign [32m200[0m 0.812 ms - 13[0m
[0mGET /api/refunds/tasks/next?type=REVIEW_VERIFY&worker_id=review-verifier [32m200[0m 1.392 ms - 13[0m
[0mGET /api/refunds/tasks/next?type=WHATSAPP_BLAST&worker_id=whatsapp-campaign [32m200[0m 0.864 ms - 13[0m
[0mGET /api/refunds/tasks/next?type=REVIEW_VERIFY&worker_id=review-verifier [32m200[0m 1.815 ms - 13[0m
[0mGET /api/refunds/queue [32m200[0m 1.393 ms - 12[0m
[0mGET /api/refunds/tasks/next?type=WHATSAPP_BLAST&worker_id=whatsapp-campaign [32m200[0m 0.752 ms - 13[0m
[0mGET /api/refunds/tasks/next?type=REVIEW_VERIFY&worker_id=review-verifier [32m200[0m 0.892 ms - 13[0m
[0mGET /api/refunds/tasks/next?type=WHATSAPP_BLAST&worker_id=whatsapp-campaign [32m200[0m 1.121 ms - 13[0m
[0mGET /api/refunds/tasks/next?type=REVIEW_VERIFY&worker_id=review-verifier [32m200[0m 2.453 ms - 13[0m
[0mGET /api/refunds/tasks/next?type=WHATSAPP_BLAST&worker_id=whatsapp-campaign [32m200[0m 0.817 ms - 13[0m
[0mGET /api/refunds/tasks/next?type=REVIEW_VERIFY&worker_id=review-verifier [32m200[0m 0.920 ms - 13[0m
[0mGET /api/refunds/queue [32m200[0m 2.005 ms - 12[0m
[0mGET /api/refunds/tasks/next?type=WHATSAPP_BLAST&worker_id=whatsapp-campaign [32m200[0m 0.823 ms - 13[0m
[0mGET /api/refunds/tasks/next?type=REVIEW_VERIFY&worker_id=review-verifier [32m200[0m 0.713 ms - 13[0m
[0mPOST /api/auth/login [32m200[0m 115.167 ms - 344[0m
[0mGET /api/refunds/tasks/next?type=WHATSAPP_BLAST&worker_id=whatsapp-campaign [32m200[0m 0.745 ms - 13[0m
[0mGET /api/orders [32m200[0m 8.261 ms - 10105[0m
[0mGET /api/products [32m200[0m 5.255 ms - 4853[0m
[0mGET /api/refunds/tasks/stats [32m200[0m 8.467 ms - 60[0m
[0mGET /api/refunds/tasks/next?type=REVIEW_VERIFY&worker_id=review-verifier [32m200[0m 0.821 ms - 13[0m
[0mGET /api/refunds/tasks/next?type=WHATSAPP_BLAST&worker_id=whatsapp-campaign [32m200[0m 1.525 ms - 13[0m
[0mGET /api/refunds/tasks/next?type=REVIEW_VERIFY&worker_id=review-verifier [32m200[0m 0.789 ms - 13[0m
[0mGET /api/refunds/queue [32m200[0m 0.849 ms - 12[0m
[0mGET /api/analytics/dashboard [32m200[0m 9.771 ms - 265[0m
[0mGET /api/refunds/tasks/next?type=WHATSAPP_BLAST&worker_id=whatsapp-campaign [32m200[0m 0.922 ms - 13[0m
[0mGET /api/refunds/tasks/next?type=REVIEW_VERIFY&worker_id=review-verifier [32m200[0m 0.987 ms - 13[0m
[0mGET /api/products?t=1780338419459 [32m200[0m 1.214 ms - 4853[0m
[0mGET /uploads/products/1772653924896-493922733.png [32m200[0m 9.144 ms - 974360[0m
[0mGET /api/refunds/tasks/next?type=WHATSAPP_BLAST&worker_id=whatsapp-campaign [32m200[0m 0.837 ms - 13[0m
[0mGET /api/refunds/tasks/next?type=REVIEW_VERIFY&worker_id=review-verifier [32m200[0m 2.214 ms - 13[0m
[0mGET /api/refunds/tasks/next?type=WHATSAPP_BLAST&worker_id=whatsapp-campaign [32m200[0m 0.722 ms - 13[0m
[0mGET /api/users/brands [32m200[0m 3.985 ms - 867[0m
[0mGET /api/refunds/tasks/next?type=REVIEW_VERIFY&worker_id=review-verifier [32m200[0m 1.203 ms - 13[0m
[0mGET /api/refunds/queue [32m200[0m 0.979 ms - 12[0m
[0mGET /api/refunds/tasks/next?type=WHATSAPP_BLAST&worker_id=whatsapp-campaign [32m200[0m 0.827 ms - 13[0m
[0mGET /api/refunds/tasks/next?type=REVIEW_VERIFY&worker_id=review-verifier [32m200[0m 4.160 ms - 13[0m
[0mGET /api/refunds/tasks/next?type=WHATSAPP_BLAST&worker_id=whatsapp-campaign [32m200[0m 0.729 ms - 13[0m
[0mGET /api/refunds/tasks/next?type=REVIEW_VERIFY&worker_id=review-verifier [32m200[0m 0.895 ms - 13[0m
[0mGET /api/refunds/tasks/next?type=WHATSAPP_BLAST&worker_id=whatsapp-campaign [32m200[0m 0.841 ms - 13[0m
[0mGET /api/refunds/tasks/next?type=REVIEW_VERIFY&worker_id=review-verifier [32m200[0m 0.997 ms - 13[0m
[0mGET /api/refunds/queue [32m200[0m 1.256 ms - 12[0m
[0mGET /api/refunds/tasks/next?type=WHATSAPP_BLAST&worker_id=whatsapp-campaign [32m200[0m 0.814 ms - 13[0m
[0mGET /api/refunds/tasks/next?type=REVIEW_VERIFY&worker_id=review-verifier [32m200[0m 1.140 ms - 13[0m
[0mGET /api/refunds/tasks/next?type=WHATSAPP_BLAST&worker_id=whatsapp-campaign [32m200[0m 1.679 ms - 13[0m
[0mGET /api/orders [36m304[0m 5.309 ms - -[0m
[0mGET /api/refunds/tasks/next?type=REVIEW_VERIFY&worker_id=review-verifier [32m200[0m 0.941 ms - 13[0m
[0mGET /api/refunds/tasks/next?type=WHATSAPP_BLAST&worker_id=whatsapp-campaign [32m200[0m 0.988 ms - 13[0m
[0mGET /api/refunds/tasks/next?type=REVIEW_VERIFY&worker_id=review-verifier [32m200[0m 0.692 ms - 13[0m
[0mGET /api/refunds/queue [32m200[0m 0.962 ms - 12[0m
[0mGET /api/refunds/tasks/next?type=WHATSAPP_BLAST&worker_id=whatsapp-campaign [32m200[0m 0.829 ms - 13[0m
[0mGET /api/refunds/tasks/next?type=REVIEW_VERIFY&worker_id=review-verifier [32m200[0m 0.915 ms - 13[0m
[0mGET /api/refunds/tasks/next?type=WHATSAPP_BLAST&worker_id=whatsapp-campaign [32m200[0m 0.898 ms - 13[0m
[0mGET /api/refunds/tasks/next?type=REVIEW_VERIFY&worker_id=review-verifier [32m200[0m 2.184 ms - 13[0m
[0mGET /api/refunds/tasks/next?type=WHATSAPP_BLAST&worker_id=whatsapp-campaign [32m200[0m 0.745 ms - 13[0m
[0mGET /api/refunds/tasks/stats [36m304[0m 1.058 ms - -[0m
[0mGET /api/orders [36m304[0m 3.070 ms - -[0m
[0mGET /api/refunds/tasks/next?type=REVIEW_VERIFY&worker_id=review-verifier [32m200[0m 0.950 ms - 13[0m
[0mGET /api/refunds/queue [32m200[0m 2.345 ms - 12[0m
[0mGET /api/refunds/tasks/next?type=WHATSAPP_BLAST&worker_id=whatsapp-campaign [32m200[0m 3.371 ms - 13[0m
[0mGET /api/refunds/tasks/next?type=REVIEW_VERIFY&worker_id=review-verifier [32m200[0m 0.778 ms - 13[0m
[0mGET /api/refunds/tasks/next?type=WHATSAPP_BLAST&worker_id=whatsapp-campaign [32m200[0m 1.429 ms - 13[0m
[0mGET /api/support [32m200[0m 6.468 ms - 1066[0m
[0mGET /api/refunds/tasks/next?type=REVIEW_VERIFY&worker_id=review-verifier [32m200[0m 0.860 ms - 13[0m
[0mGET /api/refunds/tasks/next?type=WHATSAPP_BLAST&worker_id=whatsapp-campaign [32m200[0m 7.737 ms - 13[0m
[0mGET /api/refunds/tasks/stats [36m304[0m 1.505 ms - -[0m
[0mGET /api/orders [36m304[0m 2.330 ms - -[0m
[0mGET /api/refunds/tasks/next?type=REVIEW_VERIFY&worker_id=review-verifier [32m200[0m 2.508 ms - 13[0m
[0mGET /api/refunds/queue [32m200[0m 1.383 ms - 12[0m
[0mGET /api/refunds/tasks/next?type=WHATSAPP_BLAST&worker_id=whatsapp-campaign [32m200[0m 0.907 ms - 13[0m
[0mGET /api/refunds/tasks/next?type=REVIEW_VERIFY&worker_id=review-verifier [32m200[0m 0.796 ms - 13[0m
[0mGET /api/refunds/tasks/next?type=WHATSAPP_BLAST&worker_id=whatsapp-campaign [32m200[0m 1.051 ms - 13[0m
[0mGET /api/refunds/tasks/next?type=REVIEW_VERIFY&worker_id=review-verifier [32m200[0m 0.670 ms - 13[0m
[0mGET /api/refunds/tasks/next?type=WHATSAPP_BLAST&worker_id=whatsapp-campaign [32m200[0m 1.653 ms - 13[0m
[0mGET /api/refunds/tasks/next?type=REVIEW_VERIFY&worker_id=review-verifier [32m200[0m 1.504 ms - 13[0m
[0mGET /api/refunds/queue [32m200[0m 1.772 ms - 12[0m
[0mGET /api/refunds/tasks/next?type=WHATSAPP_BLAST&worker_id=whatsapp-campaign [32m200[0m 0.894 ms - 13[0m
[0mGET /api/refunds/tasks/stats [36m304[0m 2.718 ms - -[0m
[0mGET /api/orders [36m304[0m 2.045 ms - -[0m
[0mGET /api/products [36m304[0m 1.929 ms - -[0m
[0mGET /api/refunds/tasks/next?type=REVIEW_VERIFY&worker_id=review-verifier [32m200[0m 2.177 ms - 13[0m
[0mGET /api/refunds/tasks/next?type=WHATSAPP_BLAST&worker_id=whatsapp-campaign [32m200[0m 2.362 ms - 13[0m
[0mGET /api/refunds/tasks/next?type=REVIEW_VERIFY&worker_id=review-verifier [32m200[0m 1.338 ms - 13[0m
[0mGET /api/analytics/dashboard [36m304[0m 4.781 ms - -[0m
[0mGET /api/refunds/tasks/next?type=WHATSAPP_BLAST&worker_id=whatsapp-campaign [32m200[0m 0.691 ms - 13[0m
[0mGET /api/orders [36m304[0m 3.707 ms - -[0m
[0mGET /api/refunds/tasks/next?type=REVIEW_VERIFY&worker_id=review-verifier [32m200[0m 0.626 ms - 13[0m
[0mGET /api/refunds/queue [32m200[0m 1.361 ms - 12[0m
[0mGET /api/refunds/tasks/next?type=WHATSAPP_BLAST&worker_id=whatsapp-campaign [32m200[0m 1.520 ms - 13[0m
[0mGET /api/refunds/tasks/next?type=REVIEW_VERIFY&worker_id=review-verifier [32m200[0m 0.631 ms - 13[0m
[0mGET /api/refunds/tasks/next?type=WHATSAPP_BLAST&worker_id=whatsapp-campaign [32m200[0m 0.824 ms - 13[0m
[0mGET /api/refunds/tasks/next?type=REVIEW_VERIFY&worker_id=review-verifier [32m200[0m 0.644 ms - 13[0m
[0mGET /api/refunds/tasks/next?type=WHATSAPP_BLAST&worker_id=whatsapp-campaign [32m200[0m 0.870 ms - 13[0m
[0mGET /api/refunds/tasks/next?type=REVIEW_VERIFY&worker_id=review-verifier [32m200[0m 0.842 ms - 13[0m
[0mGET /api/refunds/queue [32m200[0m 0.937 ms - 12[0m
[0mGET /api/refunds/tasks/next?type=WHATSAPP_BLAST&worker_id=whatsapp-campaign [32m200[0m 0.718 ms - 13[0m
[0mGET /api/refunds/tasks/next?type=REVIEW_VERIFY&worker_id=review-verifier [32m200[0m 1.023 ms - 13[0m
[0mGET /api/refunds/tasks/next?type=WHATSAPP_BLAST&worker_id=whatsapp-campaign [32m200[0m 0.876 ms - 13[0m
[0mGET /api/refunds/tasks/next?type=REVIEW_VERIFY&worker_id=review-verifier [32m200[0m 0.966 ms - 13[0m
[0mGET /api/refunds/tasks/next?type=WHATSAPP_BLAST&worker_id=whatsapp-campaign [32m200[0m 0.894 ms - 13[0m
[0mGET /api/refunds/tasks/next?type=REVIEW_VERIFY&worker_id=review-verifier [32m200[0m 1.318 ms - 13[0m
[0mGET /api/refunds/queue [32m200[0m 0.739 ms - 12[0m
[0mGET /api/refunds/tasks/next?type=WHATSAPP_BLAST&worker_id=whatsapp-campaign [32m200[0m 0.876 ms - 13[0m
[0mGET /api/refunds/tasks/next?type=REVIEW_VERIFY&worker_id=review-verifier [32m200[0m 0.785 ms - 13[0m
[0mPOST /api/auth/register [33m409[0m 17.021 ms - 48[0m
[0mGET /api/refunds/tasks/next?type=WHATSAPP_BLAST&worker_id=whatsapp-campaign [32m200[0m 0.709 ms - 13[0m
[0mGET /api/refunds/tasks/next?type=REVIEW_VERIFY&worker_id=review-verifier [32m200[0m 0.784 ms - 13[0m
[0mGET /api/refunds/tasks/next?type=WHATSAPP_BLAST&worker_id=whatsapp-campaign [32m200[0m 1.058 ms - 13[0m
[0mPOST /api/auth/register [32m201[0m 86.069 ms - 358[0m
[0mGET /api/refunds/tasks/next?type=REVIEW_VERIFY&worker_id=review-verifier [32m200[0m 0.801 ms - 13[0m
[0mGET /api/refunds/queue [32m200[0m 0.944 ms - 12[0m
[0mPOST /api/auth/login [32m200[0m 88.225 ms - 351[0m
[0mGET /api/products [32m200[0m 2.090 ms - 4853[0m
[0mGET /uploads/products/1772653924896-493922733.png [32m200[0m 1.901 ms - 974360[0m
[0mGET /api/refunds/tasks/next?type=WHATSAPP_BLAST&worker_id=whatsapp-campaign [32m200[0m 1.215 ms - 13[0m
[0mGET /api/refunds/tasks/next?type=REVIEW_VERIFY&worker_id=review-verifier [32m200[0m 0.655 ms - 13[0m
[0mGET /api/refunds/tasks/next?type=WHATSAPP_BLAST&worker_id=whatsapp-campaign [32m200[0m 0.799 ms - 13[0m
[0mGET /api/refunds/tasks/next?type=REVIEW_VERIFY&worker_id=review-verifier [32m200[0m 0.743 ms - 13[0m
[0mGET /api/refunds/tasks/next?type=WHATSAPP_BLAST&worker_id=whatsapp-campaign [32m200[0m 0.696 ms - 13[0m
[0mGET /api/refunds/tasks/next?type=REVIEW_VERIFY&worker_id=review-verifier [32m200[0m 0.734 ms - 13[0m
[0mGET /api/refunds/queue [32m200[0m 0.820 ms - 12[0m
[0mGET /api/refunds/tasks/next?type=WHATSAPP_BLAST&worker_id=whatsapp-campaign [32m200[0m 0.789 ms - 13[0m
[0mGET /api/refunds/tasks/next?type=REVIEW_VERIFY&worker_id=review-verifier [32m200[0m 0.668 ms - 13[0m
[0mGET /api/refunds/tasks/next?type=WHATSAPP_BLAST&worker_id=whatsapp-campaign [32m200[0m 0.896 ms - 13[0m
[0mGET /api/refunds/tasks/next?type=REVIEW_VERIFY&worker_id=review-verifier [32m200[0m 1.354 ms - 13[0m
[0mGET /api/refunds/tasks/next?type=WHATSAPP_BLAST&worker_id=whatsapp-campaign [32m200[0m 1.189 ms - 13[0m
[0mGET /api/refunds/tasks/next?type=REVIEW_VERIFY&worker_id=review-verifier [32m200[0m 1.244 ms - 13[0m
[0mPOST /api/orders/submit [32m201[0m 11.367 ms - 1757[0m
[0mGET /api/refunds/queue [32m200[0m 0.946 ms - 12[0m
[0mGET /api/refunds/tasks/next?type=WHATSAPP_BLAST&worker_id=whatsapp-campaign [32m200[0m 1.836 ms - 13[0m
[0mGET /api/products [32m200[0m 1.759 ms - 5362[0m
[0mGET /api/users/profile [32m200[0m 4.105 ms - 180[0m
[0mGET /api/orders/my-orders [32m200[0m 3.942 ms - 294[0m
[0mGET /api/refunds/tasks/next?type=REVIEW_VERIFY&worker_id=review-verifier [32m200[0m 0.801 ms - 13[0m
[0mGET /api/products [36m304[0m 1.440 ms - -[0m
[0mGET /uploads/products/1772653924896-493922733.png [36m304[0m 1.051 ms - -[0m
[0mGET /api/orders/my-orders [36m304[0m 1.526 ms - -[0m
[0mGET /api/users/profile [36m304[0m 1.174 ms - -[0m
[0mGET /api/products [36m304[0m 2.283 ms - -[0m
[0mGET /api/refunds/tasks/next?type=WHATSAPP_BLAST&worker_id=whatsapp-campaign [32m200[0m 0.863 ms - 13[0m
[0mGET /api/refunds/tasks/next?type=REVIEW_VERIFY&worker_id=review-verifier [32m200[0m 0.902 ms - 13[0m
[0mGET /api/users/profile [36m304[0m 1.031 ms - -[0m
[0mGET /api/refunds/tasks/next?type=WHATSAPP_BLAST&worker_id=whatsapp-campaign [32m200[0m 0.820 ms - 13[0m
[0mGET /api/refunds/tasks/next?type=REVIEW_VERIFY&worker_id=review-verifier [32m200[0m 0.630 ms - 13[0m
[0mGET /api/refunds/queue [32m200[0m 0.817 ms - 12[0m
[0mGET /api/refunds/tasks/next?type=WHATSAPP_BLAST&worker_id=whatsapp-campaign [32m200[0m 0.750 ms - 13[0m
[0mGET /api/refunds/tasks/next?type=REVIEW_VERIFY&worker_id=review-verifier [32m200[0m 1.132 ms - 13[0m
[0mGET /api/refunds/tasks/next?type=WHATSAPP_BLAST&worker_id=whatsapp-campaign [32m200[0m 0.705 ms - 13[0m
[0mGET /api/refunds/tasks/next?type=REVIEW_VERIFY&worker_id=review-verifier [32m200[0m 0.757 ms - 13[0m
[0mGET /api/products [36m304[0m 2.581 ms - -[0m
[0mGET /api/users/profile [36m304[0m 4.180 ms - -[0m
[0mGET /api/orders/my-orders [36m304[0m 3.386 ms - -[0m
[0mGET /api/refunds/tasks/next?type=WHATSAPP_BLAST&worker_id=whatsapp-campaign [32m200[0m 0.905 ms - 13[0m
[0mGET /api/refunds/tasks/next?type=REVIEW_VERIFY&worker_id=review-verifier [32m200[0m 0.737 ms - 13[0m
[0mGET /api/refunds/queue [32m200[0m 0.793 ms - 12[0m
[0mPOST /api/auth/login [32m200[0m 76.561 ms - 344[0m
[0mGET /api/refunds/tasks/stats [32m200[0m 1.217 ms - 60[0m
[0mGET /api/products [32m200[0m 1.001 ms - 5362[0m
[0mGET /api/orders [32m200[0m 2.078 ms - 12283[0m
[0mGET /api/refunds/tasks/next?type=WHATSAPP_BLAST&worker_id=whatsapp-campaign [32m200[0m 1.051 ms - 13[0m
[0mGET /api/refunds/tasks/next?type=REVIEW_VERIFY&worker_id=review-verifier [32m200[0m 0.763 ms - 13[0m
[0mGET /api/refunds/tasks/next?type=WHATSAPP_BLAST&worker_id=whatsapp-campaign [32m200[0m 1.121 ms - 13[0m
[0mGET /api/refunds/tasks/next?type=REVIEW_VERIFY&worker_id=review-verifier [32m200[0m 0.745 ms - 13[0m
[0mGET /api/refunds/tasks/next?type=WHATSAPP_BLAST&worker_id=whatsapp-campaign [32m200[0m 2.900 ms - 13[0m
[0mGET /api/refunds/tasks/stats [36m304[0m 0.721 ms - -[0m
[0mGET /api/products [32m200[0m 1.258 ms - 5362[0m
[0mGET /api/orders [32m200[0m 2.268 ms - 12283[0m
[0mGET /api/refunds/tasks/next?type=REVIEW_VERIFY&worker_id=review-verifier [32m200[0m 0.818 ms - 13[0m
[0mGET /api/refunds/queue [32m200[0m 0.835 ms - 12[0m
[0mGET /api/analytics/dashboard [32m200[0m 4.020 ms - 265[0m
[0mGET /api/products?t=1780338859578 [32m200[0m 1.491 ms - 5362[0m
[0mGET /api/users/brands [32m200[0m 2.987 ms - 867[0m
[0mGET /uploads/products/1772653924896-493922733.png [32m200[0m 0.778 ms - 974360[0m
[0mGET /api/refunds/tasks/next?type=WHATSAPP_BLAST&worker_id=whatsapp-campaign [32m200[0m 0.669 ms - 13[0m
[0mGET /api/refunds/tasks/next?type=REVIEW_VERIFY&worker_id=review-verifier [32m200[0m 0.709 ms - 13[0m
[0mPOST /api/auth/login [32m200[0m 73.115 ms - 345[0m
[0mGET /api/products [36m304[0m 1.265 ms - -[0m
[0mGET /uploads/products/1772653924896-493922733.png [36m304[0m 0.266 ms - -[0m
[0mGET /api/orders [36m304[0m 1.926 ms - -[0m
[0mGET /api/refunds/tasks/next?type=WHATSAPP_BLAST&worker_id=whatsapp-campaign [32m200[0m 0.883 ms - 13[0m
[0mGET /api/products [36m304[0m 1.399 ms - -[0m
[0mGET /api/users/profile [32m200[0m 6.684 ms - 171[0m
[0mGET /api/orders/my-orders [32m200[0m 1.119 ms - 13[0m
[0mGET /api/refunds/tasks/next?type=REVIEW_VERIFY&worker_id=review-verifier [32m200[0m 1.196 ms - 13[0m
[0mGET /api/users/profile [36m304[0m 0.856 ms - -[0m
[0mGET /api/orders/my-orders [36m304[0m 1.123 ms - -[0m
[0mGET /api/products [36m304[0m 1.395 ms - -[0m
[0mGET /api/orders/my-orders [36m304[0m 1.927 ms - -[0m
[0mGET /api/products [36m304[0m 1.459 ms - -[0m
[0mGET /api/users/profile [36m304[0m 0.840 ms - -[0m
[0mGET /api/users/profile [36m304[0m 1.067 ms - -[0m
[0mGET /api/products [36m304[0m 0.876 ms - -[0m
[0mGET /api/orders/my-orders [36m304[0m 1.468 ms - -[0m
[0mGET /api/orders/my-orders [36m304[0m 1.304 ms - -[0m
[0mGET /api/products [36m304[0m 1.234 ms - -[0m
[0mGET /api/users/profile [36m304[0m 0.927 ms - -[0m
[0mGET /api/refunds/tasks/next?type=WHATSAPP_BLAST&worker_id=whatsapp-campaign [32m200[0m 0.796 ms - 13[0m
[0mGET /api/users/profile [36m304[0m 0.566 ms - -[0m
[0mGET /api/products [36m304[0m 1.409 ms - -[0m
[0mGET /api/orders/my-orders [36m304[0m 0.825 ms - -[0m
[0mGET /api/products [36m304[0m 1.342 ms - -[0m
[0mGET /uploads/products/1772653924896-493922733.png [36m304[0m 0.239 ms - -[0m
[0mGET /api/refunds/tasks/next?type=REVIEW_VERIFY&worker_id=review-verifier [32m200[0m 0.720 ms - 13[0m
[0mGET /api/refunds/queue [32m200[0m 0.847 ms - 12[0m
[0mGET /api/products [36m304[0m 1.480 ms - -[0m
[0mGET /uploads/products/1772653924896-493922733.png [36m304[0m 0.211 ms - -[0m
[0mGET /api/products [36m304[0m 1.275 ms - -[0m
[0mGET /api/orders/my-orders [36m304[0m 1.567 ms - -[0m
[0mGET /api/users/profile [36m304[0m 0.865 ms - -[0m
[0mGET /api/refunds/tasks/next?type=WHATSAPP_BLAST&worker_id=whatsapp-campaign [32m200[0m 0.836 ms - 13[0m
[0mPOST /api/orders/submit [32m201[0m 3.572 ms - 1767[0m
[0mGET /api/orders/my-orders [32m200[0m 1.300 ms - 303[0m
[0mGET /api/refunds/tasks/next?type=REVIEW_VERIFY&worker_id=review-verifier [32m200[0m 2.155 ms - 13[0m
[0mGET /api/orders/my-orders [36m304[0m 1.391 ms - -[0m
[0mGET /api/users/profile [36m304[0m 1.001 ms - -[0m
[0mGET /api/products [32m200[0m 1.052 ms - 5881[0m
[0mGET /api/refunds/tasks/next?type=WHATSAPP_BLAST&worker_id=whatsapp-campaign [32m200[0m 0.764 ms - 13[0m
[0mGET /api/refunds/tasks/next?type=REVIEW_VERIFY&worker_id=review-verifier [32m200[0m 0.936 ms - 13[0m
[0mGET /api/refunds/tasks/next?type=WHATSAPP_BLAST&worker_id=whatsapp-campaign [32m200[0m 1.147 ms - 13[0m
[0mGET /api/refunds/tasks/next?type=REVIEW_VERIFY&worker_id=review-verifier [32m200[0m 0.718 ms - 13[0m
[0mGET /api/refunds/queue [32m200[0m 1.275 ms - 12[0m
[0mGET /api/refunds/tasks/next?type=WHATSAPP_BLAST&worker_id=whatsapp-campaign [32m200[0m 0.980 ms - 13[0m
[0mGET /api/refunds/tasks/next?type=REVIEW_VERIFY&worker_id=review-verifier [32m200[0m 0.649 ms - 13[0m
[0mGET /api/refunds/tasks/next?type=WHATSAPP_BLAST&worker_id=whatsapp-campaign [32m200[0m 3.684 ms - 13[0m
[0mGET /api/refunds/tasks/next?type=REVIEW_VERIFY&worker_id=review-verifier [32m200[0m 0.652 ms - 13[0m
[0mGET /api/refunds/tasks/stats [36m304[0m 0.699 ms - -[0m
[0mGET /api/orders [32m200[0m 2.641 ms - 14598[0m
[0mGET /api/refunds/tasks/next?type=WHATSAPP_BLAST&worker_id=whatsapp-campaign [32m200[0m 1.122 ms - 13[0m
[0mGET /api/users/profile [36m304[0m 0.966 ms - -[0m
[0mGET /api/refunds/tasks/next?type=REVIEW_VERIFY&worker_id=review-verifier [32m200[0m 0.652 ms - 13[0m
[0mGET /api/refunds/queue [32m200[0m 0.950 ms - 12[0m
[0mGET /api/users/profile [36m304[0m 0.846 ms - -[0m
[0mGET /api/refunds/tasks/next?type=WHATSAPP_BLAST&worker_id=whatsapp-campaign [32m200[0m 0.634 ms - 13[0m
[0mGET /api/refunds/tasks/next?type=REVIEW_VERIFY&worker_id=review-verifier [32m200[0m 0.799 ms - 13[0m
[0mGET /api/refunds/tasks/next?type=WHATSAPP_BLAST&worker_id=whatsapp-campaign [32m200[0m 0.699 ms - 13[0m
[0mGET /api/refunds/tasks/next?type=REVIEW_VERIFY&worker_id=review-verifier [32m200[0m 0.682 ms - 13[0m
[0mGET /api/refunds/tasks/next?type=WHATSAPP_BLAST&worker_id=whatsapp-campaign [32m200[0m 0.837 ms - 13[0m
[0mGET /api/refunds/tasks/next?type=REVIEW_VERIFY&worker_id=review-verifier [32m200[0m 0.972 ms - 13[0m
[0mGET /api/refunds/queue [32m200[0m 0.669 ms - 12[0m
[0mGET /api/refunds/tasks/next?type=WHATSAPP_BLAST&worker_id=whatsapp-campaign [32m200[0m 0.702 ms - 13[0m
[0mGET /api/refunds/tasks/next?type=REVIEW_VERIFY&worker_id=review-verifier [32m200[0m 0.715 ms - 13[0m
[0mGET /api/refunds/tasks/next?type=WHATSAPP_BLAST&worker_id=whatsapp-campaign [32m200[0m 0.673 ms - 13[0m
[0mGET /api/refunds/tasks/next?type=REVIEW_VERIFY&worker_id=review-verifier [32m200[0m 8.519 ms - 13[0m
[0mGET /api/refunds/tasks/next?type=WHATSAPP_BLAST&worker_id=whatsapp-campaign [32m200[0m 1.867 ms - 13[0m
[0mGET /api/refunds/queue [32m200[0m 0.997 ms - 12[0m
[0mGET /api/refunds/tasks/next?type=REVIEW_VERIFY&worker_id=review-verifier [32m200[0m 1.295 ms - 13[0m
[0mGET /api/orders [36m304[0m 1.921 ms - -[0m
[0mGET /api/products [36m304[0m 1.277 ms - -[0m
[0mGET /uploads/products/1772653924896-493922733.png [36m304[0m 0.534 ms - -[0m
[0mGET /api/refunds/tasks/next?type=WHATSAPP_BLAST&worker_id=whatsapp-campaign [32m200[0m 0.957 ms - 13[0m
[0mGET /api/refunds/tasks/next?type=REVIEW_VERIFY&worker_id=review-verifier [32m200[0m 0.672 ms - 13[0m
[0mGET /api/refunds/tasks/next?type=WHATSAPP_BLAST&worker_id=whatsapp-campaign [32m200[0m 0.764 ms - 13[0m
[0mGET /api/orders/my-orders [33m401[0m 0.226 ms - 29[0m
[0mGET /api/refunds/tasks/next?type=REVIEW_VERIFY&worker_id=review-verifier [32m200[0m 1.270 ms - 13[0m
[0mGET /api/refunds/tasks/next?type=WHATSAPP_BLAST&worker_id=whatsapp-campaign [32m200[0m 2.510 ms - 13[0m
[0mGET /api/refunds/queue [32m200[0m 0.796 ms - 12[0m
[0mGET /api/refunds/tasks/next?type=REVIEW_VERIFY&worker_id=review-verifier [32m200[0m 0.783 ms - 13[0m
[0mGET /api/refunds/tasks/next?type=WHATSAPP_BLAST&worker_id=whatsapp-campaign [32m200[0m 0.820 ms - 13[0m
[0mGET /api/users/profile [36m304[0m 0.961 ms - -[0m
[0mGET /api/products [36m304[0m 1.819 ms - -[0m
[0mGET /api/orders/my-orders [36m304[0m 1.603 ms - -[0m
[0mGET /api/refunds/tasks/next?type=REVIEW_VERIFY&worker_id=review-verifier [32m200[0m 1.152 ms - 13[0m
[0mGET /api/products [32m200[0m 1.651 ms - 5881[0m
[0mGET /api/orders/my-orders [36m304[0m 1.187 ms - -[0m
[0mGET /api/users/profile [36m304[0m 1.073 ms - -[0m
[0mGET /api/refunds/tasks/next?type=WHATSAPP_BLAST&worker_id=whatsapp-campaign [32m200[0m 0.720 ms - 13[0m
[0mGET /api/refunds/tasks/next?type=REVIEW_VERIFY&worker_id=review-verifier [32m200[0m 0.733 ms - 13[0m
[0mGET /api/refunds/tasks/next?type=WHATSAPP_BLAST&worker_id=whatsapp-campaign [32m200[0m 0.687 ms - 13[0m
[0mGET /api/refunds/queue [32m200[0m 0.765 ms - 12[0m
[0mGET /api/refunds/tasks/next?type=REVIEW_VERIFY&worker_id=review-verifier [32m200[0m 0.710 ms - 13[0m
[0mGET /api/refunds/tasks/next?type=WHATSAPP_BLAST&worker_id=whatsapp-campaign [32m200[0m 0.724 ms - 13[0m
[0mGET /api/refunds/tasks/next?type=REVIEW_VERIFY&worker_id=review-verifier [32m200[0m 1.853 ms - 13[0m
[0mGET /api/refunds/tasks/next?type=WHATSAPP_BLAST&worker_id=whatsapp-campaign [32m200[0m 0.729 ms - 13[0m
[0mGET /api/refunds/tasks/next?type=REVIEW_VERIFY&worker_id=review-verifier [32m200[0m 0.690 ms - 13[0m
[0mGET /api/refunds/tasks/next?type=WHATSAPP_BLAST&worker_id=whatsapp-campaign [32m200[0m 0.730 ms - 13[0m
[0mGET /api/refunds/queue [32m200[0m 0.896 ms - 12[0m
[0mGET /api/refunds/tasks/next?type=REVIEW_VERIFY&worker_id=review-verifier [32m200[0m 0.997 ms - 13[0m
[0mGET /api/refunds/tasks/next?type=WHATSAPP_BLAST&worker_id=whatsapp-campaign [32m200[0m 0.966 ms - 13[0m
[0mGET /api/refunds/tasks/next?type=REVIEW_VERIFY&worker_id=review-verifier [32m200[0m 1.001 ms - 13[0m
[0mGET /api/refunds/tasks/next?type=WHATSAPP_BLAST&worker_id=whatsapp-campaign [32m200[0m 0.677 ms - 13[0m
[0mGET /api/refunds/tasks/next?type=REVIEW_VERIFY&worker_id=review-verifier [32m200[0m 0.785 ms - 13[0m
[0mGET /api/refunds/tasks/next?type=WHATSAPP_BLAST&worker_id=whatsapp-campaign [32m200[0m 0.677 ms - 13[0m
[0mGET /api/refunds/queue [32m200[0m 0.965 ms - 12[0m
[0mGET /api/refunds/tasks/next?type=REVIEW_VERIFY&worker_id=review-verifier [32m200[0m 1.283 ms - 13[0m
[0mGET /api/refunds/tasks/next?type=WHATSAPP_BLAST&worker_id=whatsapp-campaign [32m200[0m 0.642 ms - 13[0m
[0mGET /api/refunds/tasks/next?type=REVIEW_VERIFY&worker_id=review-verifier [32m200[0m 0.846 ms - 13[0m
[0mGET /api/refunds/tasks/next?type=WHATSAPP_BLAST&worker_id=whatsapp-campaign [32m200[0m 0.645 ms - 13[0m
[0mGET /api/refunds/tasks/next?type=REVIEW_VERIFY&worker_id=review-verifier [32m200[0m 0.853 ms - 13[0m
[0mGET /api/refunds/tasks/next?type=WHATSAPP_BLAST&worker_id=whatsapp-campaign [32m200[0m 0.634 ms - 13[0m
[0mGET /api/refunds/queue [32m200[0m 0.999 ms - 12[0m
[0mGET /api/refunds/tasks/next?type=REVIEW_VERIFY&worker_id=review-verifier [32m200[0m 0.889 ms - 13[0m
[0mGET /api/refunds/tasks/next?type=WHATSAPP_BLAST&worker_id=whatsapp-campaign [32m200[0m 1.096 ms - 13[0m
[0mGET /api/refunds/tasks/next?type=REVIEW_VERIFY&worker_id=review-verifier [32m200[0m 0.764 ms - 13[0m
[0mGET /api/refunds/tasks/next?type=WHATSAPP_BLAST&worker_id=whatsapp-campaign [32m200[0m 3.190 ms - 13[0m
[0mGET /api/orders/my-orders [36m304[0m 9.940 ms - -[0m
[0mGET /api/users/profile [36m304[0m 8.777 ms - -[0m
[0mGET /api/products [36m304[0m 5.615 ms - -[0m
[0mGET /api/refunds/tasks/next?type=REVIEW_VERIFY&worker_id=review-verifier [32m200[0m 0.807 ms - 13[0m
[0mGET /api/orders/my-orders [36m304[0m 1.731 ms - -[0m
[0mGET /api/users/profile [36m304[0m 0.962 ms - -[0m
[0mGET /api/products [36m304[0m 1.064 ms - -[0m
[0mGET /api/refunds/tasks/next?type=WHATSAPP_BLAST&worker_id=whatsapp-campaign [32m200[0m 0.783 ms - 13[0m
[0mGET /api/orders [36m304[0m 1.963 ms - -[0m
[0mGET /api/refunds/queue [32m200[0m 0.719 ms - 12[0m
[0mGET /api/refunds/tasks/next?type=REVIEW_VERIFY&worker_id=review-verifier [32m200[0m 0.643 ms - 13[0m
[0mGET /api/refunds/tasks/next?type=WHATSAPP_BLAST&worker_id=whatsapp-campaign [32m200[0m 1.789 ms - 13[0m
[0mGET /api/refunds/tasks/next?type=REVIEW_VERIFY&worker_id=review-verifier [32m200[0m 0.755 ms - 13[0m
[0mPOST /api/auth/login [32m200[0m 88.473 ms - 351[0m
[0mGET /api/products [36m304[0m 1.326 ms - -[0m
[0mGET /uploads/products/1772653924896-493922733.png [36m304[0m 0.913 ms - -[0m
[0mGET /api/refunds/tasks/next?type=WHATSAPP_BLAST&worker_id=whatsapp-campaign [32m200[0m 0.751 ms - 13[0m
[0mGET /api/products [36m304[0m 1.534 ms - -[0m
[0mGET /api/users/profile [36m304[0m 0.933 ms - -[0m
[0mGET /api/orders/my-orders [36m304[0m 1.101 ms - -[0m
[0mGET /api/refunds/tasks/next?type=REVIEW_VERIFY&worker_id=review-verifier [32m200[0m 0.712 ms - 13[0m
[0mGET /api/refunds/tasks/next?type=WHATSAPP_BLAST&worker_id=whatsapp-campaign [32m200[0m 0.759 ms - 13[0m
[0mGET /api/orders/my-orders [36m304[0m 1.348 ms - -[0m
[0mGET /api/products [36m304[0m 1.281 ms - -[0m
[0mGET /api/refunds/queue [32m200[0m 0.733 ms - 12[0m
[0mGET /api/refunds/tasks/next?type=REVIEW_VERIFY&worker_id=review-verifier [32m200[0m 0.849 ms - 13[0m
[0mGET /api/users/profile [32m200[0m 1.014 ms - 180[0m
[0mGET /api/users/profile [32m200[0m 2.165 ms - 180[0m
[0mGET /api/products [36m304[0m 1.376 ms - -[0m
[0mGET /uploads/products/1772653924896-493922733.png [36m304[0m 0.394 ms - -[0m
[0mGET /api/refunds/tasks/next?type=WHATSAPP_BLAST&worker_id=whatsapp-campaign [32m200[0m 1.054 ms - 13[0m
[0mGET /api/products [36m304[0m 1.507 ms - -[0m
[0mGET /api/orders/my-orders [36m304[0m 1.241 ms - -[0m
[0mGET /api/users/profile [36m304[0m 0.965 ms - -[0m
[0mGET /api/refunds/tasks/next?type=REVIEW_VERIFY&worker_id=review-verifier [32m200[0m 2.217 ms - 13[0m
[0mGET /api/refunds/tasks/next?type=WHATSAPP_BLAST&worker_id=whatsapp-campaign [32m200[0m 0.697 ms - 13[0m
[0mGET /api/refunds/tasks/next?type=REVIEW_VERIFY&worker_id=review-verifier [32m200[0m 0.697 ms - 13[0m
[0mGET /api/refunds/tasks/next?type=WHATSAPP_BLAST&worker_id=whatsapp-campaign [32m200[0m 1.087 ms - 13[0m
[0mGET /api/refunds/queue [32m200[0m 1.199 ms - 12[0m
[0mGET /api/refunds/tasks/next?type=REVIEW_VERIFY&worker_id=review-verifier [32m200[0m 0.701 ms - 13[0m
Error submitting order proof: PrismaClientKnownRequestError: 
Invalid `prisma.order.create()` invocation in
/Users/sanjeevn/Downloads/review process/brms/server/src/modules/orders/order.controller.ts:15:46

  12 const userId = (req as any).user.userId;
  13 
  14 // Create Order
→ 15 const order = await prisma.order.create(
Unique constraint failed on the fields: (`order_id`)
    at $n.handleRequestError (/Users/sanjeevn/Downloads/review process/brms/server/node_modules/@prisma/client/runtime/library.js:121:7315)
    at $n.handleAndLogRequestError (/Users/sanjeevn/Downloads/review process/brms/server/node_modules/@prisma/client/runtime/library.js:121:6623)
    at $n.request (/Users/sanjeevn/Downloads/review process/brms/server/node_modules/@prisma/client/runtime/library.js:121:6307)
    at async l (/Users/sanjeevn/Downloads/review process/brms/server/node_modules/@prisma/client/runtime/library.js:130:9633)
    at async submitOrderProof (/Users/sanjeevn/Downloads/review process/brms/server/src/modules/orders/order.controller.ts:15:27) {
  code: 'P2002',
  clientVersion: '5.22.0',
  meta: { modelName: 'Order', target: [ 'order_id' ] }
}
[0mPOST /api/orders/submit [33m400[0m 42.525 ms - 53[0m
[0mGET /api/refunds/tasks/next?type=WHATSAPP_BLAST&worker_id=whatsapp-campaign [32m200[0m 0.785 ms - 13[0m
[0mGET /api/refunds/tasks/next?type=REVIEW_VERIFY&worker_id=review-verifier [32m200[0m 2.720 ms - 13[0m
[0mGET /api/refunds/tasks/next?type=WHATSAPP_BLAST&worker_id=whatsapp-campaign [32m200[0m 0.747 ms - 13[0m
[0mGET /api/refunds/tasks/next?type=REVIEW_VERIFY&worker_id=review-verifier [32m200[0m 0.779 ms - 13[0m
[0mGET /api/refunds/tasks/next?type=WHATSAPP_BLAST&worker_id=whatsapp-campaign [32m200[0m 12.351 ms - 13[0m
[0mGET /api/refunds/queue [32m200[0m 1.930 ms - 12[0m
[0mGET /api/refunds/tasks/next?type=REVIEW_VERIFY&worker_id=review-verifier [32m200[0m 0.670 ms - 13[0m
[0mGET /api/refunds/tasks/next?type=WHATSAPP_BLAST&worker_id=whatsapp-campaign [32m200[0m 0.778 ms - 13[0m
[0mPOST /api/orders/submit [32m201[0m 16.526 ms - 303056[0m
[0mGET /api/refunds/tasks/next?type=REVIEW_VERIFY&worker_id=review-verifier [32m200[0m 0.900 ms - 13[0m
[0mGET /api/orders/my-orders [32m200[0m 6.381 ms - 301875[0m
[0mGET /api/users/profile [36m304[0m 2.126 ms - -[0m
[0mGET /api/refunds/tasks/next?type=WHATSAPP_BLAST&worker_id=whatsapp-campaign [32m200[0m 1.085 ms - 13[0m
[0mGET /api/users/profile [36m304[0m 0.939 ms - -[0m
[0mGET /api/products [32m200[0m 3.104 ms - 307689[0m
[0mGET /api/orders/my-orders [36m304[0m 6.023 ms - -[0m
[0mGET /api/users/profile [36m304[0m 0.686 ms - -[0m
[0mGET /api/orders/my-orders [36m304[0m 3.808 ms - -[0m
[0mGET /api/products [36m304[0m 5.378 ms - -[0m
[0mGET /api/refunds/tasks/next?type=REVIEW_VERIFY&worker_id=review-verifier [32m200[0m 0.738 ms - 13[0m
[0mGET /api/refunds/tasks/next?type=WHATSAPP_BLAST&worker_id=whatsapp-campaign [32m200[0m 0.690 ms - 13[0m
[0mGET /api/refunds/queue [32m200[0m 1.492 ms - 12[0m
[0mGET /api/refunds/tasks/next?type=REVIEW_VERIFY&worker_id=review-verifier [32m200[0m 0.687 ms - 13[0m
[0mGET /api/refunds/tasks/next?type=WHATSAPP_BLAST&worker_id=whatsapp-campaign [32m200[0m 0.800 ms - 13[0m
[0mGET /api/refunds/tasks/next?type=REVIEW_VERIFY&worker_id=review-verifier [32m200[0m 0.664 ms - 13[0m
[0mGET /api/refunds/tasks/next?type=WHATSAPP_BLAST&worker_id=whatsapp-campaign [32m200[0m 1.127 ms - 13[0m
[0mGET /api/refunds/tasks/next?type=REVIEW_VERIFY&worker_id=review-verifier [32m200[0m 0.712 ms - 13[0m
[0mGET /api/refunds/tasks/next?type=WHATSAPP_BLAST&worker_id=whatsapp-campaign [32m200[0m 1.310 ms - 13[0m
[0mGET /api/refunds/queue [32m200[0m 1.780 ms - 12[0m
[0mGET /api/refunds/tasks/next?type=REVIEW_VERIFY&worker_id=review-verifier [32m200[0m 0.640 ms - 13[0m
[0mGET /api/refunds/tasks/next?type=WHATSAPP_BLAST&worker_id=whatsapp-campaign [32m200[0m 0.834 ms - 13[0m
[0mGET /api/refunds/tasks/next?type=REVIEW_VERIFY&worker_id=review-verifier [32m200[0m 0.800 ms - 13[0m
[0mGET /api/refunds/tasks/next?type=WHATSAPP_BLAST&worker_id=whatsapp-campaign [32m200[0m 0.675 ms - 13[0m
[0mGET /api/refunds/tasks/next?type=REVIEW_VERIFY&worker_id=review-verifier [32m200[0m 0.916 ms - 13[0m
[0mGET /api/refunds/tasks/next?type=WHATSAPP_BLAST&worker_id=whatsapp-campaign [32m200[0m 0.765 ms - 13[0m
[0mGET /api/refunds/queue [32m200[0m 0.873 ms - 12[0m
[0mGET /api/refunds/tasks/next?type=REVIEW_VERIFY&worker_id=review-verifier [32m200[0m 0.881 ms - 13[0m
[0mGET /api/refunds/tasks/next?type=WHATSAPP_BLAST&worker_id=whatsapp-campaign [32m200[0m 0.698 ms - 13[0m
[0mGET /api/refunds/tasks/next?type=REVIEW_VERIFY&worker_id=review-verifier [32m200[0m 0.715 ms - 13[0m
[0mGET /api/refunds/tasks/next?type=WHATSAPP_BLAST&worker_id=whatsapp-campaign [32m200[0m 0.918 ms - 13[0m
[0mGET /api/refunds/tasks/next?type=REVIEW_VERIFY&worker_id=review-verifier [32m200[0m 0.770 ms - 13[0m
[0mGET /api/refunds/tasks/next?type=WHATSAPP_BLAST&worker_id=whatsapp-campaign [32m200[0m 0.842 ms - 13[0m
[0mGET /api/refunds/queue [32m200[0m 0.928 ms - 12[0m
[0mGET /api/refunds/tasks/next?type=REVIEW_VERIFY&worker_id=review-verifier [32m200[0m 0.743 ms - 13[0m
[0mGET /api/refunds/tasks/next?type=WHATSAPP_BLAST&worker_id=whatsapp-campaign [32m200[0m 1.003 ms - 13[0m
[0mGET /api/refunds/tasks/next?type=REVIEW_VERIFY&worker_id=review-verifier [32m200[0m 0.955 ms - 13[0m
[0mGET /api/refunds/tasks/next?type=WHATSAPP_BLAST&worker_id=whatsapp-campaign [32m200[0m 0.867 ms - 13[0m
[0mGET /api/refunds/tasks/next?type=REVIEW_VERIFY&worker_id=review-verifier [32m200[0m 0.669 ms - 13[0m
[0mGET /api/users/brands [36m304[0m 2.288 ms - -[0m
[0mGET /api/refunds/tasks/next?type=WHATSAPP_BLAST&worker_id=whatsapp-campaign [32m200[0m 1.012 ms - 13[0m
[0mGET /api/products?t=1780339423140 [32m200[0m 5.341 ms - 307689[0m
[0mGET /uploads/products/1772653924896-493922733.png [36m304[0m 0.501 ms - -[0m
[0mGET /api/analytics/dashboard [32m200[0m 8.120 ms - 265[0m
[0mGET /api/refunds/queue [32m200[0m 2.124 ms - 12[0m
[0mGET /api/refunds/tasks/next?type=REVIEW_VERIFY&worker_id=review-verifier [32m200[0m 0.959 ms - 13[0m
[0mGET /api/products?t=1780339426736 [32m200[0m 7.562 ms - 307689[0m
[0mGET /uploads/products/1772653924896-493922733.png [36m304[0m 0.489 ms - -[0m
[0mGET /api/refunds/tasks/next?type=WHATSAPP_BLAST&worker_id=whatsapp-campaign [32m200[0m 1.031 ms - 13[0m
[0mGET /api/refunds/tasks/next?type=REVIEW_VERIFY&worker_id=review-verifier [32m200[0m 0.987 ms - 13[0m
[0mGET /api/refunds/tasks/next?type=WHATSAPP_BLAST&worker_id=whatsapp-campaign [32m200[0m 0.765 ms - 13[0m
[0mGET /api/refunds/tasks/next?type=REVIEW_VERIFY&worker_id=review-verifier [32m200[0m 0.917 ms - 13[0m
[0mGET /api/orders [32m200[0m 9.268 ms - 318075[0m
[0mGET /api/refunds/tasks/next?type=WHATSAPP_BLAST&worker_id=whatsapp-campaign [32m200[0m 1.537 ms - 13[0m
[0mGET /api/refunds/queue [32m200[0m 1.784 ms - 12[0m
[0mGET /api/refunds/tasks/next?type=REVIEW_VERIFY&worker_id=review-verifier [32m200[0m 1.839 ms - 13[0m
[0mGET /api/refunds/tasks/next?type=WHATSAPP_BLAST&worker_id=whatsapp-campaign [32m200[0m 2.029 ms - 13[0m
[0mGET /api/refunds/tasks/next?type=REVIEW_VERIFY&worker_id=review-verifier [32m200[0m 1.892 ms - 13[0m
[0mGET /api/refunds/tasks/next?type=WHATSAPP_BLAST&worker_id=whatsapp-campaign [32m200[0m 0.888 ms - 13[0m
[0mGET /api/refunds/tasks/next?type=REVIEW_VERIFY&worker_id=review-verifier [32m200[0m 1.263 ms - 13[0m
[0mGET /api/refunds/tasks/next?type=WHATSAPP_BLAST&worker_id=whatsapp-campaign [32m200[0m 1.101 ms - 13[0m
[0mGET /api/refunds/queue [32m200[0m 1.408 ms - 12[0m
[0mGET /api/refunds/tasks/next?type=REVIEW_VERIFY&worker_id=review-verifier [32m200[0m 0.716 ms - 13[0m
[0mGET /api/refunds/tasks/next?type=WHATSAPP_BLAST&worker_id=whatsapp-campaign [32m200[0m 0.988 ms - 13[0m
[0mGET /api/refunds/tasks/next?type=REVIEW_VERIFY&worker_id=review-verifier [32m200[0m 1.093 ms - 13[0m
[0mGET /api/refunds/tasks/next?type=WHATSAPP_BLAST&worker_id=whatsapp-campaign [32m200[0m 0.942 ms - 13[0m
[0mGET /api/refunds/tasks/next?type=REVIEW_VERIFY&worker_id=review-verifier [32m200[0m 2.166 ms - 13[0m
[0mGET /api/refunds/tasks/next?type=WHATSAPP_BLAST&worker_id=whatsapp-campaign [32m200[0m 0.678 ms - 13[0m
[0mGET /api/refunds/queue [32m200[0m 1.006 ms - 12[0m
[0mGET /api/refunds/tasks/next?type=REVIEW_VERIFY&worker_id=review-verifier [32m200[0m 0.953 ms - 13[0m
[0mGET /api/refunds/tasks/next?type=WHATSAPP_BLAST&worker_id=whatsapp-campaign [32m200[0m 1.608 ms - 13[0m
[0mGET /api/refunds/tasks/next?type=REVIEW_VERIFY&worker_id=review-verifier [32m200[0m 0.738 ms - 13[0m
[0mGET /api/refunds/tasks/next?type=WHATSAPP_BLAST&worker_id=whatsapp-campaign [32m200[0m 1.809 ms - 13[0m
[0mGET /api/refunds/tasks/next?type=REVIEW_VERIFY&worker_id=review-verifier [32m200[0m 1.690 ms - 13[0m
[0mPOST /api/auth/login [32m200[0m 90.191 ms - 345[0m
[0mGET /api/products [32m200[0m 7.408 ms - 307689[0m
[0mGET /uploads/products/1772653924896-493922733.png [36m304[0m 0.190 ms - -[0m
[0mGET /api/refunds/tasks/next?type=WHATSAPP_BLAST&worker_id=whatsapp-campaign [32m200[0m 0.791 ms - 13[0m
[0mGET /api/refunds/queue [32m200[0m 0.737 ms - 12[0m
[0mGET /api/refunds/tasks/next?type=REVIEW_VERIFY&worker_id=review-verifier [32m200[0m 0.778 ms - 13[0m
[0mGET /api/refunds/tasks/next?type=WHATSAPP_BLAST&worker_id=whatsapp-campaign [32m200[0m 1.562 ms - 13[0m
[0mPOST /api/orders/submit [32m201[0m 8.594 ms - 1778[0m
[0mGET /api/refunds/tasks/next?type=REVIEW_VERIFY&worker_id=review-verifier [32m200[0m 1.112 ms - 13[0m
[0mGET /api/orders/my-orders [32m200[0m 1.476 ms - 592[0m
[0mGET /api/products [32m200[0m 3.910 ms - 308219[0m
[0mGET /api/users/profile [36m304[0m 0.949 ms - -[0m
[0mGET /api/orders/my-orders [36m304[0m 1.437 ms - -[0m
[0mGET /api/products [36m304[0m 3.306 ms - -[0m
[0mGET /api/users/profile [36m304[0m 1.064 ms - -[0m
[0mGET /api/refunds/tasks/next?type=WHATSAPP_BLAST&worker_id=whatsapp-campaign [32m200[0m 1.274 ms - 13[0m
[0mGET /api/refunds/tasks/next?type=REVIEW_VERIFY&worker_id=review-verifier [32m200[0m 1.414 ms - 13[0m
[0mGET /api/refunds/tasks/next?type=WHATSAPP_BLAST&worker_id=whatsapp-campaign [32m200[0m 1.655 ms - 13[0m
[0mGET /api/refunds/queue [32m200[0m 1.557 ms - 12[0m
[0mGET /api/refunds/tasks/next?type=REVIEW_VERIFY&worker_id=review-verifier [32m200[0m 1.543 ms - 13[0m
[0mGET /api/refunds/tasks/next?type=WHATSAPP_BLAST&worker_id=whatsapp-campaign [32m200[0m 0.956 ms - 13[0m
[0mGET /api/refunds/tasks/next?type=REVIEW_VERIFY&worker_id=review-verifier [32m200[0m 0.853 ms - 13[0m
[0mGET /api/refunds/tasks/next?type=WHATSAPP_BLAST&worker_id=whatsapp-campaign [32m200[0m 1.353 ms - 13[0m
[0mGET /api/refunds/tasks/next?type=REVIEW_VERIFY&worker_id=review-verifier [32m200[0m 1.893 ms - 13[0m
[0mGET /api/refunds/tasks/next?type=WHATSAPP_BLAST&worker_id=whatsapp-campaign [32m200[0m 1.662 ms - 13[0m
[0mGET /api/refunds/queue [32m200[0m 0.736 ms - 12[0m
[0mGET /api/refunds/tasks/next?type=REVIEW_VERIFY&worker_id=review-verifier [32m200[0m 0.620 ms - 13[0m
[0mGET /api/refunds/tasks/next?type=WHATSAPP_BLAST&worker_id=whatsapp-campaign [32m200[0m 1.380 ms - 13[0m
[0mGET /api/refunds/tasks/next?type=REVIEW_VERIFY&worker_id=review-verifier [32m200[0m 1.817 ms - 13[0m
[0mGET /api/refunds/tasks/next?type=WHATSAPP_BLAST&worker_id=whatsapp-campaign [32m200[0m 1.255 ms - 13[0m
[0mGET /api/refunds/tasks/next?type=REVIEW_VERIFY&worker_id=review-verifier [32m200[0m 1.081 ms - 13[0m
[0mGET /api/refunds/tasks/next?type=WHATSAPP_BLAST&worker_id=whatsapp-campaign [32m200[0m 0.987 ms - 13[0m
[0mGET /api/refunds/queue [32m200[0m 1.050 ms - 12[0m
[0mGET /api/refunds/tasks/next?type=REVIEW_VERIFY&worker_id=review-verifier [32m200[0m 0.693 ms - 13[0m
[0mGET /api/refunds/tasks/next?type=WHATSAPP_BLAST&worker_id=whatsapp-campaign [32m200[0m 0.757 ms - 13[0m
[0mGET /health [32m200[0m 0.173 ms - 54[0m
[0mGET /api/refunds/tasks/next?type=REVIEW_VERIFY&worker_id=review-verifier [32m200[0m 1.022 ms - 13[0m
[0mGET /api/refunds/tasks/next?type=WHATSAPP_BLAST&worker_id=whatsapp-campaign [32m200[0m 7.950 ms - 13[0m
[0mGET /api/refunds/tasks/next?type=REVIEW_VERIFY&worker_id=review-verifier [32m200[0m 1.596 ms - 13[0m
[0mGET /api/refunds/tasks/next?type=WHATSAPP_BLAST&worker_id=whatsapp-campaign [32m200[0m 1.293 ms - 13[0m
[0mGET /api/refunds/queue [32m200[0m 1.344 ms - 12[0m
[0mGET /api/refunds/tasks/next?type=REVIEW_VERIFY&worker_id=review-verifier [32m200[0m 0.845 ms - 13[0m
[0mGET /api/refunds/tasks/next?type=WHATSAPP_BLAST&worker_id=whatsapp-campaign [32m200[0m 1.241 ms - 13[0m
[0mGET /api/refunds/tasks/next?type=REVIEW_VERIFY&worker_id=review-verifier [32m200[0m 0.725 ms - 13[0m
[0mGET /api/refunds/tasks/next?type=WHATSAPP_BLAST&worker_id=whatsapp-campaign [32m200[0m 1.925 ms - 13[0m
[0mGET /api/refunds/tasks/next?type=REVIEW_VERIFY&worker_id=review-verifier [32m200[0m 1.957 ms - 13[0m
[0mGET /api/refunds/tasks/next?type=WHATSAPP_BLAST&worker_id=whatsapp-campaign [32m200[0m 0.844 ms - 13[0m
[0mGET /api/refunds/queue [32m200[0m 2.150 ms - 12[0m
[0mGET /api/refunds/tasks/next?type=REVIEW_VERIFY&worker_id=review-verifier [32m200[0m 1.775 ms - 13[0m
[0mGET /api/refunds/tasks/next?type=WHATSAPP_BLAST&worker_id=whatsapp-campaign [32m200[0m 0.708 ms - 13[0m
[0mGET /api/refunds/tasks/next?type=REVIEW_VERIFY&worker_id=review-verifier [32m200[0m 1.924 ms - 13[0m
[0mGET /api/refunds/tasks/next?type=WHATSAPP_BLAST&worker_id=whatsapp-campaign [32m200[0m 1.169 ms - 13[0m
[0mGET /api/refunds/tasks/next?type=REVIEW_VERIFY&worker_id=review-verifier [32m200[0m 2.030 ms - 13[0m
[0mGET /api/refunds/tasks/next?type=WHATSAPP_BLAST&worker_id=whatsapp-campaign [32m200[0m 2.075 ms - 13[0m
[0mGET /api/refunds/queue [32m200[0m 2.369 ms - 12[0m
[0mGET /api/refunds/tasks/next?type=REVIEW_VERIFY&worker_id=review-verifier [32m200[0m 1.745 ms - 13[0m
[0mGET /api/refunds/tasks/next?type=WHATSAPP_BLAST&worker_id=whatsapp-campaign [32m200[0m 0.730 ms - 13[0m
[0mGET /api/refunds/tasks/next?type=REVIEW_VERIFY&worker_id=review-verifier [32m200[0m 1.639 ms - 13[0m
[0mPOST /api/auth/login [32m200[0m 88.193 ms - 344[0m
[0mGET /api/orders [32m200[0m 4.515 ms - 320401[0m
[0mGET /api/products [36m304[0m 4.761 ms - -[0m
[0mGET /api/refunds/tasks/stats [36m304[0m 3.757 ms - -[0m
[0mGET /api/refunds/tasks/stats [36m304[0m 0.878 ms - -[0m
[0mGET /api/orders [36m304[0m 5.393 ms - -[0m
[0mGET /api/refunds/tasks/next?type=WHATSAPP_BLAST&worker_id=whatsapp-campaign [32m200[0m 1.196 ms - 13[0m
[0mGET /api/refunds/tasks/stats [36m304[0m 0.837 ms - -[0m
[0mGET /api/orders [36m304[0m 6.862 ms - -[0m
[0mGET /api/refunds/tasks/next?type=REVIEW_VERIFY&worker_id=review-verifier [32m200[0m 0.819 ms - 13[0m
[0mGET /api/refunds/tasks/stats [36m304[0m 1.305 ms - -[0m
[0mGET /api/orders [36m304[0m 6.164 ms - -[0m
[0mGET /api/products [36m304[0m 5.289 ms - -[0m
[0mGET /api/orders [36m304[0m 5.311 ms - -[0m
[0mGET /api/refunds/tasks/next?type=WHATSAPP_BLAST&worker_id=whatsapp-campaign [32m200[0m 1.403 ms - 13[0m
[0mGET /api/users/brands [36m304[0m 2.940 ms - -[0m
[0mGET /api/refunds/queue [32m200[0m 2.083 ms - 12[0m
[0mGET /api/refunds/tasks/next?type=REVIEW_VERIFY&worker_id=review-verifier [32m200[0m 1.858 ms - 13[0m
[0mGET /api/orders [32m200[0m 7.981 ms - 320401[0m
[0mGET /api/refunds/tasks/next?type=WHATSAPP_BLAST&worker_id=whatsapp-campaign [32m200[0m 1.462 ms - 13[0m
[0mGET /api/refunds/tasks/next?type=REVIEW_VERIFY&worker_id=review-verifier [32m200[0m 1.929 ms - 13[0m
[0mGET /api/refunds/tasks/next?type=WHATSAPP_BLAST&worker_id=whatsapp-campaign [32m200[0m 1.814 ms - 13[0m
[0mGET /api/refunds/tasks/stats [36m304[0m 1.849 ms - -[0m
[0mGET /api/products [36m304[0m 6.110 ms - -[0m
[0mGET /api/orders [36m304[0m 9.629 ms - -[0m
[0mGET /api/refunds/tasks/next?type=REVIEW_VERIFY&worker_id=review-verifier [32m200[0m 1.011 ms - 13[0m
[0mGET /api/orders [36m304[0m 5.871 ms - -[0m
[0mGET /api/orders [36m304[0m 12.847 ms - -[0m
[0mGET /api/refunds/tasks/stats [36m304[0m 2.208 ms - -[0m
[0mGET /api/refunds/tasks/next?type=WHATSAPP_BLAST&worker_id=whatsapp-campaign [32m200[0m 1.993 ms - 13[0m
[0mGET /api/orders [36m304[0m 10.252 ms - -[0m
[0mGET /api/refunds/queue [32m200[0m 1.492 ms - 12[0m
[0mGET /api/refunds/tasks/next?type=REVIEW_VERIFY&worker_id=review-verifier [32m200[0m 2.499 ms - 13[0m
[0mGET /api/refunds/tasks/next?type=WHATSAPP_BLAST&worker_id=whatsapp-campaign [32m200[0m 1.660 ms - 13[0m
[0mGET /api/refunds/tasks/next?type=REVIEW_VERIFY&worker_id=review-verifier [32m200[0m 1.571 ms - 13[0m
[0mGET /api/refunds/tasks/next?type=WHATSAPP_BLAST&worker_id=whatsapp-campaign [32m200[0m 1.952 ms - 13[0m
[0mGET /api/refunds/tasks/next?type=REVIEW_VERIFY&worker_id=review-verifier [32m200[0m 2.100 ms - 13[0m
[0mGET /api/refunds/tasks/next?type=WHATSAPP_BLAST&worker_id=whatsapp-campaign [32m200[0m 2.059 ms - 13[0m
[0mGET /api/refunds/queue [32m200[0m 1.843 ms - 12[0m
[0mGET /api/refunds/tasks/next?type=REVIEW_VERIFY&worker_id=review-verifier [32m200[0m 0.780 ms - 13[0m
[0mGET /api/refunds/tasks/next?type=WHATSAPP_BLAST&worker_id=whatsapp-campaign [32m200[0m 2.250 ms - 13[0m
[0mGET /api/refunds/tasks/next?type=REVIEW_VERIFY&worker_id=review-verifier [32m200[0m 3.819 ms - 13[0m
[0mGET /api/refunds/tasks/next?type=WHATSAPP_BLAST&worker_id=whatsapp-campaign [32m200[0m 3.283 ms - 13[0m
[0mGET /api/refunds/tasks/next?type=REVIEW_VERIFY&worker_id=review-verifier [32m200[0m 2.256 ms - 13[0m
[0mGET /api/refunds/tasks/next?type=WHATSAPP_BLAST&worker_id=whatsapp-campaign [32m200[0m 1.725 ms - 13[0m
[0mGET /api/refunds/queue [32m200[0m 2.651 ms - 12[0m
[0mGET /api/refunds/tasks/next?type=REVIEW_VERIFY&worker_id=review-verifier [32m200[0m 1.192 ms - 13[0m
[0mGET /api/refunds/tasks/next?type=WHATSAPP_BLAST&worker_id=whatsapp-campaign [32m200[0m 2.074 ms - 13[0m
[0mGET /api/refunds/tasks/next?type=REVIEW_VERIFY&worker_id=review-verifier [32m200[0m 1.999 ms - 13[0m
[0mGET /api/refunds/tasks/next?type=WHATSAPP_BLAST&worker_id=whatsapp-campaign [32m200[0m 1.802 ms - 13[0m
[0mGET /api/refunds/tasks/next?type=REVIEW_VERIFY&worker_id=review-verifier [32m200[0m 0.687 ms - 13[0m
[0mGET /api/refunds/tasks/next?type=WHATSAPP_BLAST&worker_id=whatsapp-campaign [32m200[0m 3.324 ms - 13[0m
[0mGET /api/refunds/queue [32m200[0m 1.847 ms - 12[0m
[0mGET /api/refunds/tasks/next?type=REVIEW_VERIFY&worker_id=review-verifier [32m200[0m 0.710 ms - 13[0m
[0mGET /api/refunds/tasks/next?type=WHATSAPP_BLAST&worker_id=whatsapp-campaign [32m200[0m 0.976 ms - 13[0m
[0mGET /api/refunds/tasks/next?type=REVIEW_VERIFY&worker_id=review-verifier [32m200[0m 1.623 ms - 13[0m
[0mGET /api/refunds/tasks/next?type=WHATSAPP_BLAST&worker_id=whatsapp-campaign [32m200[0m 0.784 ms - 13[0m
[0mGET /api/refunds/tasks/stats [36m304[0m 1.062 ms - -[0m
[0mGET /api/orders [36m304[0m 4.679 ms - -[0m
[0mGET /api/products [36m304[0m 3.482 ms - -[0m
[0mGET /api/refunds/tasks/next?type=REVIEW_VERIFY&worker_id=review-verifier [32m200[0m 0.719 ms - 13[0m
[0mGET /api/refunds/tasks/next?type=WHATSAPP_BLAST&worker_id=whatsapp-campaign [32m200[0m 0.711 ms - 13[0m
[0mGET /api/refunds/queue [32m200[0m 1.205 ms - 12[0m
[0mGET /api/refunds/tasks/next?type=REVIEW_VERIFY&worker_id=review-verifier [32m200[0m 1.314 ms - 13[0m
[0mGET /api/refunds/tasks/next?type=WHATSAPP_BLAST&worker_id=whatsapp-campaign [32m200[0m 1.833 ms - 13[0m
[0mGET /api/refunds/tasks/next?type=REVIEW_VERIFY&worker_id=review-verifier [32m200[0m 1.628 ms - 13[0m
[0mGET /api/refunds/tasks/next?type=WHATSAPP_BLAST&worker_id=whatsapp-campaign [32m200[0m 2.091 ms - 13[0m
[0mGET /api/refunds/tasks/next?type=REVIEW_VERIFY&worker_id=review-verifier [32m200[0m 1.979 ms - 13[0m
[0mGET /api/refunds/tasks/next?type=WHATSAPP_BLAST&worker_id=whatsapp-campaign [32m200[0m 1.822 ms - 13[0m
[0mGET /api/refunds/queue [32m200[0m 1.932 ms - 12[0m
[0mGET /api/refunds/tasks/next?type=REVIEW_VERIFY&worker_id=review-verifier [32m200[0m 2.456 ms - 13[0m
[0mGET /api/refunds/tasks/next?type=WHATSAPP_BLAST&worker_id=whatsapp-campaign [32m200[0m 2.269 ms - 13[0m
[0mGET /api/refunds/tasks/next?type=REVIEW_VERIFY&worker_id=review-verifier [32m200[0m 2.126 ms - 13[0m
[0mGET /api/refunds/tasks/next?type=WHATSAPP_BLAST&worker_id=whatsapp-campaign [32m200[0m 1.814 ms - 13[0m
[0mGET /api/refunds/tasks/next?type=REVIEW_VERIFY&worker_id=review-verifier [32m200[0m 1.977 ms - 13[0m
[0mGET /api/refunds/tasks/next?type=WHATSAPP_BLAST&worker_id=whatsapp-campaign [32m200[0m 1.993 ms - 13[0m
[0mGET /api/refunds/queue [32m200[0m 0.778 ms - 12[0m
[0mGET /api/refunds/tasks/next?type=REVIEW_VERIFY&worker_id=review-verifier [32m200[0m 1.233 ms - 13[0m
[0mGET /api/refunds/tasks/stats [36m304[0m 1.291 ms - -[0m
[0mGET /api/products [32m200[0m 3.216 ms - 308219[0m
[0mGET /api/orders [36m304[0m 5.570 ms - -[0m
[0mGET /api/refunds/tasks/next?type=WHATSAPP_BLAST&worker_id=whatsapp-campaign [32m200[0m 0.941 ms - 13[0m
[0mGET /api/orders [36m304[0m 9.474 ms - -[0m
[0mGET /api/refunds/tasks/next?type=REVIEW_VERIFY&worker_id=review-verifier [32m200[0m 1.541 ms - 13[0m
[0mGET /api/refunds/tasks/next?type=WHATSAPP_BLAST&worker_id=whatsapp-campaign [32m200[0m 0.882 ms - 13[0m
[0mGET /api/refunds/tasks/next?type=REVIEW_VERIFY&worker_id=review-verifier [32m200[0m 0.724 ms - 13[0m
[0mGET /api/refunds/tasks/next?type=WHATSAPP_BLAST&worker_id=whatsapp-campaign [32m200[0m 1.635 ms - 13[0m
[0mGET /api/refunds/queue [32m200[0m 1.467 ms - 12[0m
[0mGET /api/refunds/tasks/next?type=REVIEW_VERIFY&worker_id=review-verifier [32m200[0m 1.566 ms - 13[0m
[0mGET /api/refunds/tasks/next?type=WHATSAPP_BLAST&worker_id=whatsapp-campaign [32m200[0m 1.447 ms - 13[0m
[0mGET /api/refunds/tasks/next?type=REVIEW_VERIFY&worker_id=review-verifier [32m200[0m 0.835 ms - 13[0m
[0mGET /api/refunds/tasks/next?type=WHATSAPP_BLAST&worker_id=whatsapp-campaign [32m200[0m 1.054 ms - 13[0m
[0mGET /api/refunds/tasks/next?type=REVIEW_VERIFY&worker_id=review-verifier [32m200[0m 1.682 ms - 13[0m
[0mGET /api/refunds/tasks/next?type=WHATSAPP_BLAST&worker_id=whatsapp-campaign [32m200[0m 1.059 ms - 13[0m
[0mGET /api/refunds/queue [32m200[0m 1.844 ms - 12[0m
[0mGET /api/refunds/tasks/next?type=REVIEW_VERIFY&worker_id=review-verifier [32m200[0m 0.791 ms - 13[0m
[0mGET /api/refunds/tasks/next?type=WHATSAPP_BLAST&worker_id=whatsapp-campaign [32m200[0m 0.780 ms - 13[0m
[0mGET /api/refunds/tasks/next?type=REVIEW_VERIFY&worker_id=review-verifier [32m200[0m 0.930 ms - 13[0m
[0mGET /api/refunds/tasks/next?type=WHATSAPP_BLAST&worker_id=whatsapp-campaign [32m200[0m 2.016 ms - 13[0m
[0mGET /api/refunds/tasks/next?type=REVIEW_VERIFY&worker_id=review-verifier [32m200[0m 0.809 ms - 13[0m
[0mGET /api/refunds/tasks/next?type=WHATSAPP_BLAST&worker_id=whatsapp-campaign [32m200[0m 0.936 ms - 13[0m
[0mGET /api/refunds/queue [32m200[0m 1.410 ms - 12[0m
[0mGET /api/refunds/tasks/next?type=REVIEW_VERIFY&worker_id=review-verifier [32m200[0m 1.664 ms - 13[0m
[0mGET /api/refunds/tasks/next?type=WHATSAPP_BLAST&worker_id=whatsapp-campaign [32m200[0m 1.497 ms - 13[0m
[0mGET /api/refunds/tasks/next?type=REVIEW_VERIFY&worker_id=review-verifier [32m200[0m 0.730 ms - 13[0m
[0mGET /api/refunds/tasks/next?type=WHATSAPP_BLAST&worker_id=whatsapp-campaign [32m200[0m 2.083 ms - 13[0m
[0mGET /api/refunds/tasks/next?type=REVIEW_VERIFY&worker_id=review-verifier [32m200[0m 1.750 ms - 13[0m
[0mGET /api/refunds/tasks/next?type=WHATSAPP_BLAST&worker_id=whatsapp-campaign [32m200[0m 2.306 ms - 13[0m
[0mGET /api/refunds/queue [32m200[0m 2.438 ms - 12[0m
[0mGET /api/refunds/tasks/next?type=REVIEW_VERIFY&worker_id=review-verifier [32m200[0m 1.440 ms - 13[0m
[0mGET /api/refunds/tasks/next?type=WHATSAPP_BLAST&worker_id=whatsapp-campaign [32m200[0m 1.893 ms - 13[0m
[0mGET /api/refunds/tasks/next?type=REVIEW_VERIFY&worker_id=review-verifier [32m200[0m 0.645 ms - 13[0m
[0mGET /api/refunds/tasks/next?type=WHATSAPP_BLAST&worker_id=whatsapp-campaign [32m200[0m 1.213 ms - 13[0m
[0mGET /api/refunds/tasks/next?type=REVIEW_VERIFY&worker_id=review-verifier [32m200[0m 0.764 ms - 13[0m
[0mGET /api/refunds/tasks/next?type=WHATSAPP_BLAST&worker_id=whatsapp-campaign [32m200[0m 1.621 ms - 13[0m
[0mGET /api/refunds/queue [32m200[0m 3.116 ms - 12[0m
[0mGET /api/refunds/tasks/next?type=REVIEW_VERIFY&worker_id=review-verifier [32m200[0m 0.969 ms - 13[0m
[0mGET /api/refunds/tasks/next?type=WHATSAPP_BLAST&worker_id=whatsapp-campaign [32m200[0m 0.855 ms - 13[0m
[0mGET /api/refunds/tasks/next?type=REVIEW_VERIFY&worker_id=review-verifier [32m200[0m 0.755 ms - 13[0m
[0mGET /api/refunds/tasks/next?type=WHATSAPP_BLAST&worker_id=whatsapp-campaign [32m200[0m 0.713 ms - 13[0m
[0mGET /api/refunds/tasks/next?type=REVIEW_VERIFY&worker_id=review-verifier [32m200[0m 0.837 ms - 13[0m
[0mGET /api/refunds/tasks/next?type=WHATSAPP_BLAST&worker_id=whatsapp-campaign [32m200[0m 1.864 ms - 13[0m
[0mGET /api/refunds/queue [32m200[0m 2.096 ms - 12[0m
[0mGET /api/refunds/tasks/next?type=REVIEW_VERIFY&worker_id=review-verifier [32m200[0m 0.727 ms - 13[0m
[0mGET /api/refunds/tasks/next?type=WHATSAPP_BLAST&worker_id=whatsapp-campaign [32m200[0m 1.476 ms - 13[0m
[0mGET /api/refunds/tasks/next?type=REVIEW_VERIFY&worker_id=review-verifier [32m200[0m 0.949 ms - 13[0m
[0mGET /api/refunds/tasks/next?type=WHATSAPP_BLAST&worker_id=whatsapp-campaign [32m200[0m 0.664 ms - 13[0m
[0mGET /api/refunds/tasks/next?type=REVIEW_VERIFY&worker_id=review-verifier [32m200[0m 1.576 ms - 13[0m
[0mGET /api/refunds/tasks/next?type=WHATSAPP_BLAST&worker_id=whatsapp-campaign [32m200[0m 1.617 ms - 13[0m
[0mGET /api/refunds/queue [32m200[0m 1.262 ms - 12[0m
[0mGET /api/refunds/tasks/next?type=REVIEW_VERIFY&worker_id=review-verifier [32m200[0m 0.737 ms - 13[0m
[0mGET /api/refunds/tasks/next?type=WHATSAPP_BLAST&worker_id=whatsapp-campaign [32m200[0m 1.731 ms - 13[0m
[0mGET /api/refunds/tasks/next?type=REVIEW_VERIFY&worker_id=review-verifier [32m200[0m 1.733 ms - 13[0m
[0mGET /api/refunds/tasks/next?type=WHATSAPP_BLAST&worker_id=whatsapp-campaign [32m200[0m 2.038 ms - 13[0m
[0mGET /api/refunds/tasks/next?type=REVIEW_VERIFY&worker_id=review-verifier [32m200[0m 1.579 ms - 13[0m
[0mGET /api/refunds/tasks/next?type=WHATSAPP_BLAST&worker_id=whatsapp-campaign [32m200[0m 0.835 ms - 13[0m
[0mGET /api/refunds/queue [32m200[0m 0.882 ms - 12[0m
[0mGET /api/refunds/tasks/next?type=REVIEW_VERIFY&worker_id=review-verifier [32m200[0m 0.840 ms - 13[0m
[0mGET /api/refunds/tasks/next?type=WHATSAPP_BLAST&worker_id=whatsapp-campaign [32m200[0m 0.784 ms - 13[0m
[0mGET /api/refunds/tasks/next?type=REVIEW_VERIFY&worker_id=review-verifier [32m200[0m 0.606 ms - 13[0m
[0mGET /api/refunds/tasks/next?type=WHATSAPP_BLAST&worker_id=whatsapp-campaign [32m200[0m 0.907 ms - 13[0m
[0mGET /api/refunds/tasks/next?type=REVIEW_VERIFY&worker_id=review-verifier [32m200[0m 0.620 ms - 13[0m
[0mGET /api/refunds/tasks/next?type=WHATSAPP_BLAST&worker_id=whatsapp-campaign [32m200[0m 1.228 ms - 13[0m
[0mGET /api/refunds/queue [32m200[0m 1.762 ms - 12[0m
[0mGET /api/refunds/tasks/next?type=REVIEW_VERIFY&worker_id=review-verifier [32m200[0m 1.081 ms - 13[0m
[0mGET /api/refunds/tasks/next?type=WHATSAPP_BLAST&worker_id=whatsapp-campaign [32m200[0m 0.964 ms - 13[0m
[0mGET /api/refunds/tasks/next?type=REVIEW_VERIFY&worker_id=review-verifier [32m200[0m 2.247 ms - 13[0m
[0mGET /api/refunds/tasks/next?type=WHATSAPP_BLAST&worker_id=whatsapp-campaign [32m200[0m 1.931 ms - 13[0m
[0mGET /api/refunds/tasks/next?type=REVIEW_VERIFY&worker_id=review-verifier [32m200[0m 2.241 ms - 13[0m
[0mGET /api/refunds/tasks/next?type=WHATSAPP_BLAST&worker_id=whatsapp-campaign [32m200[0m 2.554 ms - 13[0m
[0mGET /api/refunds/queue [32m200[0m 1.832 ms - 12[0m
[0mGET /api/refunds/tasks/next?type=REVIEW_VERIFY&worker_id=review-verifier [32m200[0m 0.847 ms - 13[0m
[0mGET /api/refunds/tasks/next?type=WHATSAPP_BLAST&worker_id=whatsapp-campaign [32m200[0m 0.854 ms - 13[0m
[0mGET /api/refunds/tasks/next?type=REVIEW_VERIFY&worker_id=review-verifier [32m200[0m 1.567 ms - 13[0m
[0mGET /api/refunds/tasks/next?type=WHATSAPP_BLAST&worker_id=whatsapp-campaign [32m200[0m 1.154 ms - 13[0m
[0mGET /api/refunds/tasks/next?type=REVIEW_VERIFY&worker_id=review-verifier [32m200[0m 1.328 ms - 13[0m
[0mGET /api/refunds/tasks/next?type=WHATSAPP_BLAST&worker_id=whatsapp-campaign [32m200[0m 0.802 ms - 13[0m
[0mGET /api/refunds/queue [32m200[0m 2.316 ms - 12[0m
[0mGET /api/refunds/tasks/next?type=REVIEW_VERIFY&worker_id=review-verifier [32m200[0m 0.898 ms - 13[0m
[0mGET /api/refunds/tasks/next?type=WHATSAPP_BLAST&worker_id=whatsapp-campaign [32m200[0m 0.678 ms - 13[0m
[0mGET /api/refunds/tasks/next?type=REVIEW_VERIFY&worker_id=review-verifier [32m200[0m 1.929 ms - 13[0m
[0mGET /api/refunds/tasks/next?type=WHATSAPP_BLAST&worker_id=whatsapp-campaign [32m200[0m 1.346 ms - 13[0m
[0mGET /api/refunds/tasks/next?type=REVIEW_VERIFY&worker_id=review-verifier [32m200[0m 1.154 ms - 13[0m
[0mGET /api/refunds/tasks/next?type=WHATSAPP_BLAST&worker_id=whatsapp-campaign [32m200[0m 0.871 ms - 13[0m
[0mGET /api/refunds/queue [32m200[0m 2.204 ms - 12[0m
[0mGET /api/refunds/tasks/next?type=REVIEW_VERIFY&worker_id=review-verifier [32m200[0m 0.987 ms - 13[0m
[0mGET /api/refunds/tasks/next?type=WHATSAPP_BLAST&worker_id=whatsapp-campaign [32m200[0m 0.729 ms - 13[0m
[0mGET /api/refunds/tasks/next?type=REVIEW_VERIFY&worker_id=review-verifier [32m200[0m 1.003 ms - 13[0m
[0mGET /api/refunds/tasks/next?type=WHATSAPP_BLAST&worker_id=whatsapp-campaign [32m200[0m 1.479 ms - 13[0m
[0mGET /api/refunds/tasks/next?type=REVIEW_VERIFY&worker_id=review-verifier [32m200[0m 2.379 ms - 13[0m
[0mGET /api/refunds/tasks/next?type=WHATSAPP_BLAST&worker_id=whatsapp-campaign [32m200[0m 2.026 ms - 13[0m
[0mGET /api/refunds/queue [32m200[0m 2.320 ms - 12[0m
[0mGET /api/refunds/tasks/next?type=REVIEW_VERIFY&worker_id=review-verifier [32m200[0m 2.023 ms - 13[0m
[0mGET /api/refunds/tasks/next?type=WHATSAPP_BLAST&worker_id=whatsapp-campaign [32m200[0m 1.775 ms - 13[0m
[0mGET /api/refunds/tasks/next?type=REVIEW_VERIFY&worker_id=review-verifier [32m200[0m 2.360 ms - 13[0m
[0mGET /api/refunds/tasks/next?type=WHATSAPP_BLAST&worker_id=whatsapp-campaign [32m200[0m 1.771 ms - 13[0m
[0mGET /api/refunds/tasks/next?type=REVIEW_VERIFY&worker_id=review-verifier [32m200[0m 2.270 ms - 13[0m
[0mGET /api/refunds/tasks/next?type=WHATSAPP_BLAST&worker_id=whatsapp-campaign [32m200[0m 2.171 ms - 13[0m
[0mGET /api/refunds/queue [32m200[0m 2.363 ms - 12[0m
[0mGET /api/refunds/tasks/next?type=REVIEW_VERIFY&worker_id=review-verifier [32m200[0m 2.149 ms - 13[0m
[0mGET /api/refunds/tasks/next?type=WHATSAPP_BLAST&worker_id=whatsapp-campaign [32m200[0m 1.881 ms - 13[0m
[0mGET /api/refunds/tasks/next?type=REVIEW_VERIFY&worker_id=review-verifier [32m200[0m 1.378 ms - 13[0m
[0mGET /api/refunds/tasks/next?type=WHATSAPP_BLAST&worker_id=whatsapp-campaign [32m200[0m 1.804 ms - 13[0m
[0mGET /api/refunds/tasks/next?type=REVIEW_VERIFY&worker_id=review-verifier [32m200[0m 2.047 ms - 13[0m
[0mGET /api/refunds/tasks/next?type=WHATSAPP_BLAST&worker_id=whatsapp-campaign [32m200[0m 1.763 ms - 13[0m
[0mGET /api/refunds/queue [32m200[0m 1.928 ms - 12[0m
[0mGET /api/refunds/tasks/next?type=REVIEW_VERIFY&worker_id=review-verifier [32m200[0m 1.902 ms - 13[0m
[0mGET /api/refunds/tasks/next?type=WHATSAPP_BLAST&worker_id=whatsapp-campaign [32m200[0m 0.703 ms - 13[0m
[0mGET /api/refunds/tasks/next?type=REVIEW_VERIFY&worker_id=review-verifier [32m200[0m 0.857 ms - 13[0m
[0mGET /api/refunds/tasks/next?type=WHATSAPP_BLAST&worker_id=whatsapp-campaign [32m200[0m 0.822 ms - 13[0m
[0mGET /api/refunds/tasks/next?type=REVIEW_VERIFY&worker_id=review-verifier [32m200[0m 0.769 ms - 13[0m
[0mGET /api/refunds/tasks/next?type=WHATSAPP_BLAST&worker_id=whatsapp-campaign [32m200[0m 1.954 ms - 13[0m
[0mGET /api/refunds/queue [32m200[0m 1.014 ms - 12[0m
[0mGET /api/refunds/tasks/next?type=REVIEW_VERIFY&worker_id=review-verifier [32m200[0m 1.693 ms - 13[0m
[0mGET /api/refunds/tasks/next?type=WHATSAPP_BLAST&worker_id=whatsapp-campaign [32m200[0m 1.024 ms - 13[0m
[0mGET /api/refunds/tasks/next?type=REVIEW_VERIFY&worker_id=review-verifier [32m200[0m 1.000 ms - 13[0m
[0mGET /api/refunds/tasks/next?type=WHATSAPP_BLAST&worker_id=whatsapp-campaign [32m200[0m 0.987 ms - 13[0m
[0mGET /api/refunds/tasks/next?type=REVIEW_VERIFY&worker_id=review-verifier [32m200[0m 0.762 ms - 13[0m
[0mGET /api/refunds/tasks/next?type=WHATSAPP_BLAST&worker_id=whatsapp-campaign [32m200[0m 0.746 ms - 13[0m
[0mGET /api/refunds/queue [32m200[0m 0.792 ms - 12[0m
[0mGET /api/refunds/tasks/next?type=REVIEW_VERIFY&worker_id=review-verifier [32m200[0m 1.121 ms - 13[0m
[0mGET /api/refunds/tasks/next?type=WHATSAPP_BLAST&worker_id=whatsapp-campaign [32m200[0m 0.965 ms - 13[0m
[0mGET /api/refunds/tasks/next?type=REVIEW_VERIFY&worker_id=review-verifier [32m200[0m 1.611 ms - 13[0m
[0mGET /api/refunds/tasks/next?type=WHATSAPP_BLAST&worker_id=whatsapp-campaign [32m200[0m 2.088 ms - 13[0m
[0mGET /api/refunds/tasks/next?type=REVIEW_VERIFY&worker_id=review-verifier [32m200[0m 0.810 ms - 13[0m
[0mGET /api/refunds/tasks/next?type=WHATSAPP_BLAST&worker_id=whatsapp-campaign [32m200[0m 0.771 ms - 13[0m
[0mGET /api/refunds/queue [32m200[0m 0.836 ms - 12[0m
[0mGET /api/refunds/tasks/next?type=REVIEW_VERIFY&worker_id=review-verifier [32m200[0m 0.726 ms - 13[0m
[0mGET /api/refunds/tasks/next?type=WHATSAPP_BLAST&worker_id=whatsapp-campaign [32m200[0m 1.162 ms - 13[0m
[0mGET /api/refunds/tasks/next?type=REVIEW_VERIFY&worker_id=review-verifier [32m200[0m 0.713 ms - 13[0m
[0mGET /api/refunds/tasks/next?type=WHATSAPP_BLAST&worker_id=whatsapp-campaign [32m200[0m 0.697 ms - 13[0m
[0mGET /api/refunds/tasks/next?type=REVIEW_VERIFY&worker_id=review-verifier [32m200[0m 1.963 ms - 13[0m
[0mGET /api/refunds/tasks/next?type=WHATSAPP_BLAST&worker_id=whatsapp-campaign [32m200[0m 0.741 ms - 13[0m
[0mGET /api/refunds/queue [32m200[0m 0.829 ms - 12[0m
[0mGET /api/refunds/tasks/next?type=REVIEW_VERIFY&worker_id=review-verifier [32m200[0m 0.697 ms - 13[0m
[0mGET /api/refunds/tasks/next?type=WHATSAPP_BLAST&worker_id=whatsapp-campaign [32m200[0m 1.057 ms - 13[0m
[0mGET /api/refunds/tasks/next?type=REVIEW_VERIFY&worker_id=review-verifier [32m200[0m 0.863 ms - 13[0m
[0mGET /api/refunds/tasks/next?type=WHATSAPP_BLAST&worker_id=whatsapp-campaign [32m200[0m 0.775 ms - 13[0m
[0mGET /api/refunds/tasks/next?type=REVIEW_VERIFY&worker_id=review-verifier [32m200[0m 1.012 ms - 13[0m
[0mGET /api/refunds/tasks/next?type=WHATSAPP_BLAST&worker_id=whatsapp-campaign [32m200[0m 0.934 ms - 13[0m
[0mGET /api/refunds/queue [32m200[0m 1.214 ms - 12[0m
[0mGET /api/refunds/tasks/next?type=REVIEW_VERIFY&worker_id=review-verifier [32m200[0m 0.801 ms - 13[0m
[0mGET /api/refunds/tasks/next?type=WHATSAPP_BLAST&worker_id=whatsapp-campaign [32m200[0m 0.868 ms - 13[0m
[0mGET /api/refunds/tasks/next?type=REVIEW_VERIFY&worker_id=review-verifier [32m200[0m 1.793 ms - 13[0m
[0mGET /api/refunds/tasks/next?type=WHATSAPP_BLAST&worker_id=whatsapp-campaign [32m200[0m 4.665 ms - 13[0m
