
> server@1.0.0 dev
> npx ts-node src/app.ts

[dotenv@17.3.1] injecting env (0) from .env -- tip: 🛡️ auth for agents: https://vestauth.com
[dotenv@17.3.1] injecting env (0) from .env -- tip: ⚡️ secrets for agents: https://dotenvx.com/as2
📅 WhatsApp Campaign Scheduler initialized (Runs daily at 09:00 AM)
🚀 BRMS Server running on http://localhost:5001
   Health check: http://localhost:5001/health
[0mGET /api/refunds/queue [32m200[0m 8.889 ms - 12[0m
[0mGET /api/refunds/tasks/next?type=REVIEW_VERIFY&worker_id=review-verifier [32m200[0m 1.763 ms - 13[0m
[0mGET /api/refunds/tasks/next?type=WHATSAPP_BLAST&worker_id=whatsapp-campaign [32m200[0m 0.945 ms - 13[0m
[0mGET /api/refunds/tasks/next?type=REVIEW_VERIFY&worker_id=review-verifier [32m200[0m 0.989 ms - 13[0m
[0mGET /api/refunds/tasks/next?type=WHATSAPP_BLAST&worker_id=whatsapp-campaign [32m200[0m 1.124 ms - 13[0m
[0mGET /api/refunds/tasks/next?type=REVIEW_VERIFY&worker_id=review-verifier [32m200[0m 1.008 ms - 13[0m
[0mGET /api/refunds/tasks/next?type=WHATSAPP_BLAST&worker_id=whatsapp-campaign [32m200[0m 0.720 ms - 13[0m
[0mGET /api/refunds/queue [32m200[0m 1.521 ms - 12[0m
[0mGET /api/refunds/tasks/next?type=REVIEW_VERIFY&worker_id=review-verifier [32m200[0m 0.984 ms - 13[0m
[0mGET /api/refunds/tasks/next?type=WHATSAPP_BLAST&worker_id=whatsapp-campaign [32m200[0m 0.909 ms - 13[0m
[0mGET /api/refunds/tasks/next?type=REVIEW_VERIFY&worker_id=review-verifier [32m200[0m 0.992 ms - 13[0m
[0mGET /api/refunds/tasks/next?type=WHATSAPP_BLAST&worker_id=whatsapp-campaign [32m200[0m 1.019 ms - 13[0m
[0mGET /api/refunds/tasks/next?type=REVIEW_VERIFY&worker_id=review-verifier [32m200[0m 1.354 ms - 13[0m
[0mGET /api/refunds/tasks/next?type=WHATSAPP_BLAST&worker_id=whatsapp-campaign [32m200[0m 0.929 ms - 13[0m
[0mGET /api/refunds/queue [32m200[0m 1.432 ms - 12[0m
[0mGET /api/refunds/tasks/next?type=REVIEW_VERIFY&worker_id=review-verifier [32m200[0m 0.825 ms - 13[0m
[0mGET /api/refunds/tasks/next?type=WHATSAPP_BLAST&worker_id=whatsapp-campaign [32m200[0m 0.848 ms - 13[0m
[0mGET /api/refunds/tasks/next?type=REVIEW_VERIFY&worker_id=review-verifier [32m200[0m 1.041 ms - 13[0m
[0mGET /api/refunds/tasks/next?type=WHATSAPP_BLAST&worker_id=whatsapp-campaign [32m200[0m 2.743 ms - 13[0m
[0mGET /api/refunds/tasks/next?type=REVIEW_VERIFY&worker_id=review-verifier [32m200[0m 0.743 ms - 13[0m
[0mGET /api/refunds/tasks/next?type=WHATSAPP_BLAST&worker_id=whatsapp-campaign [32m200[0m 0.770 ms - 13[0m
[0mGET /api/refunds/queue [32m200[0m 2.638 ms - 12[0m
[0mGET /api/refunds/tasks/next?type=REVIEW_VERIFY&worker_id=review-verifier [32m200[0m 1.058 ms - 13[0m
[0mGET /api/refunds/tasks/next?type=WHATSAPP_BLAST&worker_id=whatsapp-campaign [32m200[0m 0.971 ms - 13[0m
[0mGET /api/refunds/tasks/next?type=REVIEW_VERIFY&worker_id=review-verifier [32m200[0m 1.538 ms - 13[0m
[0mGET /api/refunds/tasks/next?type=WHATSAPP_BLAST&worker_id=whatsapp-campaign [32m200[0m 2.112 ms - 13[0m
[0mGET /api/refunds/tasks/next?type=REVIEW_VERIFY&worker_id=review-verifier [32m200[0m 1.331 ms - 13[0m
[0mGET /api/refunds/tasks/next?type=WHATSAPP_BLAST&worker_id=whatsapp-campaign [32m200[0m 1.864 ms - 13[0m
[0mGET /api/refunds/queue [32m200[0m 1.935 ms - 12[0m
[0mGET /api/refunds/tasks/next?type=REVIEW_VERIFY&worker_id=review-verifier [32m200[0m 0.811 ms - 13[0m
[0mGET /api/refunds/tasks/next?type=WHATSAPP_BLAST&worker_id=whatsapp-campaign [32m200[0m 0.837 ms - 13[0m
[0mGET /api/refunds/tasks/next?type=REVIEW_VERIFY&worker_id=review-verifier [32m200[0m 1.600 ms - 13[0m
[0mGET /api/refunds/tasks/next?type=WHATSAPP_BLAST&worker_id=whatsapp-campaign [32m200[0m 1.541 ms - 13[0m
[0mGET /api/refunds/tasks/next?type=REVIEW_VERIFY&worker_id=review-verifier [32m200[0m 0.838 ms - 13[0m
[0mGET /api/refunds/tasks/next?type=WHATSAPP_BLAST&worker_id=whatsapp-campaign [32m200[0m 1.468 ms - 13[0m
[0mGET /api/refunds/queue [32m200[0m 0.773 ms - 12[0m
[0mGET /api/refunds/tasks/next?type=REVIEW_VERIFY&worker_id=review-verifier [32m200[0m 0.690 ms - 13[0m
[0mGET /api/refunds/tasks/next?type=WHATSAPP_BLAST&worker_id=whatsapp-campaign [32m200[0m 0.819 ms - 13[0m
[0mGET /api/refunds/tasks/next?type=REVIEW_VERIFY&worker_id=review-verifier [32m200[0m 1.023 ms - 13[0m
[0mGET /api/refunds/tasks/next?type=WHATSAPP_BLAST&worker_id=whatsapp-campaign [32m200[0m 0.748 ms - 13[0m
[0mGET /api/refunds/tasks/next?type=REVIEW_VERIFY&worker_id=review-verifier [32m200[0m 2.123 ms - 13[0m
[0mGET /api/refunds/tasks/next?type=WHATSAPP_BLAST&worker_id=whatsapp-campaign [32m200[0m 1.463 ms - 13[0m
[0mGET /api/refunds/queue [32m200[0m 2.095 ms - 12[0m
[0mGET /api/refunds/tasks/next?type=REVIEW_VERIFY&worker_id=review-verifier [32m200[0m 0.700 ms - 13[0m
[0mGET /api/refunds/tasks/next?type=WHATSAPP_BLAST&worker_id=whatsapp-campaign [32m200[0m 0.977 ms - 13[0m
[0mGET /api/refunds/tasks/next?type=REVIEW_VERIFY&worker_id=review-verifier [32m200[0m 2.755 ms - 13[0m
[0mGET /api/refunds/tasks/next?type=WHATSAPP_BLAST&worker_id=whatsapp-campaign [32m200[0m 1.190 ms - 13[0m
[0mGET /api/refunds/tasks/next?type=REVIEW_VERIFY&worker_id=review-verifier [32m200[0m 1.491 ms - 13[0m
[0mGET /api/refunds/tasks/next?type=WHATSAPP_BLAST&worker_id=whatsapp-campaign [32m200[0m 0.842 ms - 13[0m
[0mGET /api/refunds/queue [32m200[0m 2.107 ms - 12[0m
[0mGET /api/refunds/tasks/next?type=REVIEW_VERIFY&worker_id=review-verifier [32m200[0m 1.203 ms - 13[0m
[0mGET /api/refunds/tasks/next?type=WHATSAPP_BLAST&worker_id=whatsapp-campaign [32m200[0m 1.244 ms - 13[0m
[0mGET /api/refunds/tasks/next?type=REVIEW_VERIFY&worker_id=review-verifier [32m200[0m 0.875 ms - 13[0m
[0mGET /api/refunds/tasks/next?type=WHATSAPP_BLAST&worker_id=whatsapp-campaign [32m200[0m 1.481 ms - 13[0m
[0mGET /api/refunds/tasks/next?type=REVIEW_VERIFY&worker_id=review-verifier [32m200[0m 1.482 ms - 13[0m
[0mGET /api/refunds/tasks/next?type=WHATSAPP_BLAST&worker_id=whatsapp-campaign [32m200[0m 1.527 ms - 13[0m
[0mGET /api/refunds/queue [32m200[0m 0.874 ms - 12[0m
[0mGET /api/refunds/tasks/next?type=REVIEW_VERIFY&worker_id=review-verifier [32m200[0m 0.909 ms - 13[0m
[0mGET /api/refunds/tasks/next?type=WHATSAPP_BLAST&worker_id=whatsapp-campaign [32m200[0m 0.737 ms - 13[0m
[0mGET /api/refunds/tasks/next?type=REVIEW_VERIFY&worker_id=review-verifier [32m200[0m 1.850 ms - 13[0m
[0mGET /api/refunds/tasks/next?type=WHATSAPP_BLAST&worker_id=whatsapp-campaign [32m200[0m 0.651 ms - 13[0m
[0mGET /api/refunds/tasks/next?type=REVIEW_VERIFY&worker_id=review-verifier [32m200[0m 0.813 ms - 13[0m
[0mGET /api/refunds/tasks/next?type=WHATSAPP_BLAST&worker_id=whatsapp-campaign [32m200[0m 0.686 ms - 13[0m
[0mGET /api/refunds/queue [32m200[0m 2.639 ms - 12[0m
[0mGET /api/refunds/tasks/next?type=REVIEW_VERIFY&worker_id=review-verifier [32m200[0m 2.915 ms - 13[0m
[0mGET /api/refunds/tasks/next?type=WHATSAPP_BLAST&worker_id=whatsapp-campaign [32m200[0m 1.496 ms - 13[0m
[0mGET /api/refunds/tasks/next?type=REVIEW_VERIFY&worker_id=review-verifier [32m200[0m 1.125 ms - 13[0m
[0mGET /api/refunds/tasks/next?type=WHATSAPP_BLAST&worker_id=whatsapp-campaign [32m200[0m 1.764 ms - 13[0m
[0mGET /api/refunds/tasks/next?type=REVIEW_VERIFY&worker_id=review-verifier [32m200[0m 1.195 ms - 13[0m
[0mGET /api/refunds/tasks/next?type=WHATSAPP_BLAST&worker_id=whatsapp-campaign [32m200[0m 0.999 ms - 13[0m
[0mGET /api/refunds/queue [32m200[0m 1.731 ms - 12[0m
[0mGET /api/refunds/tasks/next?type=REVIEW_VERIFY&worker_id=review-verifier [32m200[0m 0.736 ms - 13[0m
[0mGET /api/refunds/tasks/next?type=WHATSAPP_BLAST&worker_id=whatsapp-campaign [32m200[0m 1.157 ms - 13[0m
[0mGET /api/refunds/tasks/next?type=REVIEW_VERIFY&worker_id=review-verifier [32m200[0m 2.747 ms - 13[0m
[0mGET /api/refunds/tasks/next?type=WHATSAPP_BLAST&worker_id=whatsapp-campaign [32m200[0m 1.346 ms - 13[0m
[0mGET /api/refunds/tasks/next?type=REVIEW_VERIFY&worker_id=review-verifier [32m200[0m 1.908 ms - 13[0m
[0mGET /api/refunds/tasks/next?type=WHATSAPP_BLAST&worker_id=whatsapp-campaign [32m200[0m 1.661 ms - 13[0m
[0mGET /api/refunds/queue [32m200[0m 1.800 ms - 12[0m
[0mGET /api/refunds/tasks/next?type=REVIEW_VERIFY&worker_id=review-verifier [32m200[0m 0.999 ms - 13[0m
[0mGET /api/refunds/tasks/next?type=WHATSAPP_BLAST&worker_id=whatsapp-campaign [32m200[0m 1.284 ms - 13[0m
[0mGET /api/refunds/tasks/next?type=REVIEW_VERIFY&worker_id=review-verifier [32m200[0m 2.042 ms - 13[0m
[0mGET /api/refunds/tasks/next?type=WHATSAPP_BLAST&worker_id=whatsapp-campaign [32m200[0m 0.970 ms - 13[0m
[0mGET /api/refunds/tasks/next?type=REVIEW_VERIFY&worker_id=review-verifier [32m200[0m 2.762 ms - 13[0m
[0mGET /api/refunds/tasks/next?type=WHATSAPP_BLAST&worker_id=whatsapp-campaign [32m200[0m 1.626 ms - 13[0m
[0mGET /api/refunds/queue [32m200[0m 0.859 ms - 12[0m
[0mGET /api/refunds/tasks/next?type=REVIEW_VERIFY&worker_id=review-verifier [32m200[0m 0.680 ms - 13[0m
[0mGET /api/refunds/tasks/next?type=WHATSAPP_BLAST&worker_id=whatsapp-campaign [32m200[0m 1.568 ms - 13[0m
[0mGET /api/refunds/tasks/next?type=REVIEW_VERIFY&worker_id=review-verifier [32m200[0m 0.859 ms - 13[0m
[0mGET /api/refunds/tasks/next?type=WHATSAPP_BLAST&worker_id=whatsapp-campaign [32m200[0m 1.804 ms - 13[0m
[0mGET /api/refunds/tasks/next?type=REVIEW_VERIFY&worker_id=review-verifier [32m200[0m 1.202 ms - 13[0m
[0mGET /api/refunds/tasks/next?type=WHATSAPP_BLAST&worker_id=whatsapp-campaign [32m200[0m 1.010 ms - 13[0m
[0mGET /api/refunds/queue [32m200[0m 1.444 ms - 12[0m
[0mGET /api/refunds/tasks/next?type=REVIEW_VERIFY&worker_id=review-verifier [32m200[0m 1.295 ms - 13[0m
[0mGET /api/refunds/tasks/next?type=WHATSAPP_BLAST&worker_id=whatsapp-campaign [32m200[0m 1.057 ms - 13[0m
[0mGET /api/refunds/tasks/next?type=REVIEW_VERIFY&worker_id=review-verifier [32m200[0m 1.648 ms - 13[0m
[0mGET /api/refunds/tasks/next?type=WHATSAPP_BLAST&worker_id=whatsapp-campaign [32m200[0m 1.463 ms - 13[0m
[0mGET /api/refunds/tasks/next?type=REVIEW_VERIFY&worker_id=review-verifier [32m200[0m 2.076 ms - 13[0m
[0mGET /api/refunds/tasks/next?type=WHATSAPP_BLAST&worker_id=whatsapp-campaign [32m200[0m 1.383 ms - 13[0m
[0mGET /api/refunds/queue [32m200[0m 0.853 ms - 12[0m
[0mGET /api/refunds/tasks/next?type=REVIEW_VERIFY&worker_id=review-verifier [32m200[0m 1.470 ms - 13[0m
[0mGET /api/refunds/tasks/next?type=WHATSAPP_BLAST&worker_id=whatsapp-campaign [32m200[0m 1.955 ms - 13[0m
[0mGET /api/refunds/tasks/next?type=REVIEW_VERIFY&worker_id=review-verifier [32m200[0m 6.162 ms - 13[0m
[0mGET /api/refunds/tasks/next?type=WHATSAPP_BLAST&worker_id=whatsapp-campaign [32m200[0m 0.838 ms - 13[0m
[0mGET /api/refunds/tasks/next?type=REVIEW_VERIFY&worker_id=review-verifier [32m200[0m 1.437 ms - 13[0m
[0mGET /api/refunds/tasks/next?type=WHATSAPP_BLAST&worker_id=whatsapp-campaign [32m200[0m 1.669 ms - 13[0m
[0mGET /api/refunds/queue [32m200[0m 1.090 ms - 12[0m
[0mGET /api/refunds/tasks/next?type=REVIEW_VERIFY&worker_id=review-verifier [32m200[0m 1.189 ms - 13[0m
[0mGET /api/refunds/tasks/next?type=WHATSAPP_BLAST&worker_id=whatsapp-campaign [32m200[0m 0.909 ms - 13[0m
[0mGET /api/refunds/tasks/next?type=REVIEW_VERIFY&worker_id=review-verifier [32m200[0m 1.579 ms - 13[0m
[0mGET /api/refunds/tasks/next?type=WHATSAPP_BLAST&worker_id=whatsapp-campaign [32m200[0m 1.673 ms - 13[0m
[0mGET /api/refunds/tasks/next?type=REVIEW_VERIFY&worker_id=review-verifier [32m200[0m 1.408 ms - 13[0m
[0mGET /api/refunds/tasks/next?type=WHATSAPP_BLAST&worker_id=whatsapp-campaign [32m200[0m 1.353 ms - 13[0m
[0mGET /api/refunds/queue [32m200[0m 2.527 ms - 12[0m
[0mGET /api/refunds/tasks/next?type=REVIEW_VERIFY&worker_id=review-verifier [32m200[0m 1.397 ms - 13[0m
[0mGET /api/refunds/tasks/next?type=WHATSAPP_BLAST&worker_id=whatsapp-campaign [32m200[0m 0.754 ms - 13[0m
[0mGET /api/refunds/tasks/next?type=REVIEW_VERIFY&worker_id=review-verifier [32m200[0m 0.955 ms - 13[0m
[0mGET /api/refunds/tasks/next?type=WHATSAPP_BLAST&worker_id=whatsapp-campaign [32m200[0m 0.710 ms - 13[0m
[0mGET /api/refunds/tasks/next?type=REVIEW_VERIFY&worker_id=review-verifier [32m200[0m 0.814 ms - 13[0m
[0mGET /api/refunds/tasks/next?type=WHATSAPP_BLAST&worker_id=whatsapp-campaign [32m200[0m 0.794 ms - 13[0m
[0mGET /api/refunds/queue [32m200[0m 2.399 ms - 12[0m
[0mGET /api/refunds/tasks/next?type=REVIEW_VERIFY&worker_id=review-verifier [32m200[0m 1.869 ms - 13[0m
[0mGET /api/refunds/tasks/next?type=WHATSAPP_BLAST&worker_id=whatsapp-campaign [32m200[0m 0.771 ms - 13[0m
[0mGET /api/refunds/tasks/next?type=REVIEW_VERIFY&worker_id=review-verifier [32m200[0m 1.396 ms - 13[0m
[0mGET /api/refunds/tasks/next?type=WHATSAPP_BLAST&worker_id=whatsapp-campaign [32m200[0m 0.875 ms - 13[0m
[0mGET /api/refunds/tasks/next?type=REVIEW_VERIFY&worker_id=review-verifier [32m200[0m 0.675 ms - 13[0m
[0mGET /api/refunds/tasks/next?type=WHATSAPP_BLAST&worker_id=whatsapp-campaign [32m200[0m 0.857 ms - 13[0m
[0mGET /api/refunds/queue [32m200[0m 1.777 ms - 12[0m
[0mGET /api/refunds/tasks/next?type=REVIEW_VERIFY&worker_id=review-verifier [32m200[0m 1.381 ms - 13[0m
[0mGET /api/refunds/tasks/next?type=WHATSAPP_BLAST&worker_id=whatsapp-campaign [32m200[0m 1.124 ms - 13[0m
[0mGET /api/refunds/tasks/next?type=REVIEW_VERIFY&worker_id=review-verifier [32m200[0m 1.150 ms - 13[0m
[0mGET /api/refunds/tasks/next?type=WHATSAPP_BLAST&worker_id=whatsapp-campaign [32m200[0m 0.883 ms - 13[0m
[0mGET /api/refunds/tasks/next?type=REVIEW_VERIFY&worker_id=review-verifier [32m200[0m 2.243 ms - 13[0m
[0mGET /api/refunds/tasks/next?type=WHATSAPP_BLAST&worker_id=whatsapp-campaign [32m200[0m 0.679 ms - 13[0m
[0mGET /api/refunds/queue [32m200[0m 1.373 ms - 12[0m
[0mGET /api/refunds/tasks/next?type=REVIEW_VERIFY&worker_id=review-verifier [32m200[0m 1.005 ms - 13[0m
[0mGET /api/refunds/tasks/next?type=WHATSAPP_BLAST&worker_id=whatsapp-campaign [32m200[0m 1.016 ms - 13[0m
[0mGET /api/refunds/tasks/next?type=REVIEW_VERIFY&worker_id=review-verifier [32m200[0m 1.140 ms - 13[0m
[0mGET /api/refunds/tasks/next?type=WHATSAPP_BLAST&worker_id=whatsapp-campaign [32m200[0m 0.835 ms - 13[0m
[0mGET /api/refunds/tasks/next?type=REVIEW_VERIFY&worker_id=review-verifier [32m200[0m 1.229 ms - 13[0m
[0mGET /api/refunds/tasks/next?type=WHATSAPP_BLAST&worker_id=whatsapp-campaign [32m200[0m 0.791 ms - 13[0m
[0mGET /api/refunds/queue [32m200[0m 1.047 ms - 12[0m
[0mGET /api/refunds/tasks/next?type=REVIEW_VERIFY&worker_id=review-verifier [32m200[0m 1.009 ms - 13[0m
[0mGET /api/refunds/tasks/next?type=WHATSAPP_BLAST&worker_id=whatsapp-campaign [32m200[0m 1.613 ms - 13[0m
[0mGET /api/refunds/tasks/next?type=REVIEW_VERIFY&worker_id=review-verifier [32m200[0m 1.809 ms - 13[0m
[0mGET /api/refunds/tasks/next?type=WHATSAPP_BLAST&worker_id=whatsapp-campaign [32m200[0m 1.576 ms - 13[0m
[0mGET /api/refunds/tasks/next?type=REVIEW_VERIFY&worker_id=review-verifier [32m200[0m 0.974 ms - 13[0m
[0mGET /api/refunds/tasks/next?type=WHATSAPP_BLAST&worker_id=whatsapp-campaign [32m200[0m 0.755 ms - 13[0m
[0mGET /api/refunds/queue [32m200[0m 1.185 ms - 12[0m
[0mGET /api/refunds/tasks/next?type=REVIEW_VERIFY&worker_id=review-verifier [32m200[0m 1.649 ms - 13[0m
[0mGET /api/refunds/tasks/next?type=WHATSAPP_BLAST&worker_id=whatsapp-campaign [32m200[0m 0.951 ms - 13[0m
[0mGET /api/refunds/tasks/next?type=REVIEW_VERIFY&worker_id=review-verifier [32m200[0m 4.846 ms - 13[0m
[0mGET /api/refunds/tasks/next?type=WHATSAPP_BLAST&worker_id=whatsapp-campaign [32m200[0m 1.392 ms - 13[0m
[0mGET /api/refunds/tasks/next?type=REVIEW_VERIFY&worker_id=review-verifier [32m200[0m 1.332 ms - 13[0m
[0mGET /api/refunds/tasks/next?type=WHATSAPP_BLAST&worker_id=whatsapp-campaign [32m200[0m 1.956 ms - 13[0m
[0mGET /api/refunds/queue [32m200[0m 1.106 ms - 12[0m
[0mGET /api/refunds/tasks/next?type=REVIEW_VERIFY&worker_id=review-verifier [32m200[0m 0.939 ms - 13[0m
[0mGET /api/refunds/tasks/next?type=WHATSAPP_BLAST&worker_id=whatsapp-campaign [32m200[0m 1.519 ms - 13[0m
[0mGET /api/refunds/tasks/next?type=REVIEW_VERIFY&worker_id=review-verifier [32m200[0m 1.079 ms - 13[0m
[0mGET /api/refunds/tasks/next?type=WHATSAPP_BLAST&worker_id=whatsapp-campaign [32m200[0m 0.857 ms - 13[0m
[0mGET /api/refunds/tasks/next?type=REVIEW_VERIFY&worker_id=review-verifier [32m200[0m 1.246 ms - 13[0m
[0mGET /api/refunds/tasks/next?type=WHATSAPP_BLAST&worker_id=whatsapp-campaign [32m200[0m 0.656 ms - 13[0m
[0mGET /api/refunds/queue [32m200[0m 11.729 ms - 12[0m
[0mGET /api/refunds/tasks/next?type=REVIEW_VERIFY&worker_id=review-verifier [32m200[0m 39.040 ms - 13[0m
[0mGET /api/refunds/tasks/next?type=WHATSAPP_BLAST&worker_id=whatsapp-campaign [32m200[0m 4.066 ms - 13[0m
[0mGET /api/refunds/tasks/next?type=REVIEW_VERIFY&worker_id=review-verifier [32m200[0m 1.423 ms - 13[0m
[0mGET /api/refunds/tasks/next?type=WHATSAPP_BLAST&worker_id=whatsapp-campaign [32m200[0m 1.076 ms - 13[0m
[0mGET /api/refunds/tasks/next?type=REVIEW_VERIFY&worker_id=review-verifier [32m200[0m 3.865 ms - 13[0m
[0mGET /api/refunds/tasks/next?type=WHATSAPP_BLAST&worker_id=whatsapp-campaign [32m200[0m 1.177 ms - 13[0m
[0mGET /api/refunds/queue [32m200[0m 7.987 ms - 12[0m
[0mGET /api/refunds/tasks/next?type=REVIEW_VERIFY&worker_id=review-verifier [32m200[0m 1.114 ms - 13[0m
[0mGET /api/refunds/tasks/next?type=WHATSAPP_BLAST&worker_id=whatsapp-campaign [32m200[0m 1.639 ms - 13[0m
[0mGET /api/refunds/tasks/next?type=REVIEW_VERIFY&worker_id=review-verifier [32m200[0m 1.614 ms - 13[0m
[0mGET /api/refunds/tasks/next?type=WHATSAPP_BLAST&worker_id=whatsapp-campaign [32m200[0m 0.961 ms - 13[0m
[0mGET /api/refunds/tasks/next?type=REVIEW_VERIFY&worker_id=review-verifier [32m200[0m 1.615 ms - 13[0m
[0mGET /api/refunds/tasks/next?type=WHATSAPP_BLAST&worker_id=whatsapp-campaign [32m200[0m 1.026 ms - 13[0m
[0mGET /api/refunds/queue [32m200[0m 1.633 ms - 12[0m
[0mGET /api/refunds/tasks/next?type=REVIEW_VERIFY&worker_id=review-verifier [32m200[0m 1.069 ms - 13[0m
[0mGET /api/refunds/tasks/next?type=WHATSAPP_BLAST&worker_id=whatsapp-campaign [32m200[0m 1.303 ms - 13[0m
[0mGET /api/refunds/tasks/next?type=REVIEW_VERIFY&worker_id=review-verifier [32m200[0m 5.656 ms - 13[0m
[0mGET /api/refunds/tasks/next?type=WHATSAPP_BLAST&worker_id=whatsapp-campaign [32m200[0m 1.271 ms - 13[0m
[0mGET /api/refunds/tasks/next?type=REVIEW_VERIFY&worker_id=review-verifier [32m200[0m 1.398 ms - 13[0m
[0mGET /api/refunds/tasks/next?type=WHATSAPP_BLAST&worker_id=whatsapp-campaign [32m200[0m 0.847 ms - 13[0m
[0mGET /api/refunds/queue [32m200[0m 1.210 ms - 12[0m
[0mGET /api/refunds/tasks/next?type=REVIEW_VERIFY&worker_id=review-verifier [32m200[0m 0.940 ms - 13[0m
[0mGET /api/refunds/tasks/next?type=WHATSAPP_BLAST&worker_id=whatsapp-campaign [32m200[0m 0.843 ms - 13[0m
[0mGET /api/refunds/tasks/next?type=REVIEW_VERIFY&worker_id=review-verifier [32m200[0m 1.110 ms - 13[0m
[0mGET /api/refunds/tasks/next?type=WHATSAPP_BLAST&worker_id=whatsapp-campaign [32m200[0m 1.030 ms - 13[0m
[0mGET /api/refunds/tasks/next?type=REVIEW_VERIFY&worker_id=review-verifier [32m200[0m 1.130 ms - 13[0m
[0mGET /api/refunds/tasks/next?type=WHATSAPP_BLAST&worker_id=whatsapp-campaign [32m200[0m 0.738 ms - 13[0m
[0mGET /api/refunds/queue [32m200[0m 1.028 ms - 12[0m
[0mGET /api/refunds/tasks/next?type=REVIEW_VERIFY&worker_id=review-verifier [32m200[0m 0.775 ms - 13[0m
[0mGET /api/refunds/tasks/next?type=WHATSAPP_BLAST&worker_id=whatsapp-campaign [32m200[0m 0.700 ms - 13[0m
[0mGET /api/refunds/tasks/next?type=REVIEW_VERIFY&worker_id=review-verifier [32m200[0m 1.640 ms - 13[0m
[0mGET /api/refunds/tasks/next?type=WHATSAPP_BLAST&worker_id=whatsapp-campaign [32m200[0m 1.627 ms - 13[0m
[0mGET /api/products [33m401[0m 17.310 ms - 36[0m
[0mGET /api/orders [33m401[0m 0.598 ms - 36[0m
[0mGET /api/refunds/tasks/stats [33m401[0m 0.222 ms - 36[0m
[0mPOST /api/auth/refresh [33m400[0m 2.178 ms - 37[0m
[0mGET /api/analytics/dashboard [33m401[0m 0.930 ms - 36[0m
[0mPOST /api/auth/refresh [33m400[0m 0.144 ms - 37[0m
[0mPOST /api/auth/refresh [33m400[0m 0.152 ms - 37[0m
[0mGET /api/products?t=1780495893768 [33m401[0m 0.401 ms - 36[0m
[0mPOST /api/auth/login [32m200[0m 78.997 ms - 344[0m
[0mGET /api/products?t=1780495901784 [32m200[0m 18.450 ms - 308219[0m
[0mGET /api/users/brands [32m200[0m 6.683 ms - 867[0m
[0mGET /api/analytics/dashboard [32m200[0m 10.420 ms - 299[0m
[0mGET /api/refunds/tasks/stats [32m200[0m 5.136 ms - 60[0m
[0mGET /api/products [32m200[0m 7.935 ms - 308219[0m
[0mGET /api/orders [32m200[0m 54.735 ms - 320401[0m
[0mGET /api/refunds/tasks/next?type=REVIEW_VERIFY&worker_id=review-verifier [32m200[0m 9.770 ms - 13[0m
[0mGET /api/refunds/queue [32m200[0m 11.014 ms - 12[0m
[0mGET /api/refunds/tasks/next?type=REVIEW_VERIFY&worker_id=review-verifier [32m200[0m 6.648 ms - 13[0m
[0mGET /api/refunds/tasks/next?type=REVIEW_VERIFY&worker_id=review-verifier [32m200[0m 103.260 ms - 13[0m
[0mGET /api/refunds/tasks/next?type=WHATSAPP_BLAST&worker_id=whatsapp-campaign [32m200[0m 1.977 ms - 13[0m
[0mGET /api/refunds/queue [32m200[0m 9.613 ms - 12[0m
[0mGET /api/refunds/tasks/next?type=REVIEW_VERIFY&worker_id=review-verifier [32m200[0m 1.123 ms - 13[0m
[0mGET /api/refunds/tasks/next?type=WHATSAPP_BLAST&worker_id=whatsapp-campaign [32m200[0m 1.176 ms - 13[0m
[0mGET /api/refunds/tasks/next?type=REVIEW_VERIFY&worker_id=review-verifier [32m200[0m 3.094 ms - 13[0m
[0mGET /api/refunds/tasks/next?type=WHATSAPP_BLAST&worker_id=whatsapp-campaign [32m200[0m 2.153 ms - 13[0m
[0mGET /api/refunds/tasks/next?type=REVIEW_VERIFY&worker_id=review-verifier [32m200[0m 24.016 ms - 13[0m
[0mGET /api/refunds/tasks/next?type=WHATSAPP_BLAST&worker_id=whatsapp-campaign [32m200[0m 1.460 ms - 13[0m
[0mGET /api/refunds/queue [32m200[0m 4.421 ms - 12[0m
[0mGET /api/refunds/tasks/next?type=REVIEW_VERIFY&worker_id=review-verifier [32m200[0m 1.237 ms - 13[0m
[0mGET /api/refunds/tasks/next?type=WHATSAPP_BLAST&worker_id=whatsapp-campaign [32m200[0m 0.781 ms - 13[0m
[0mGET /api/refunds/tasks/next?type=REVIEW_VERIFY&worker_id=review-verifier [32m200[0m 1.897 ms - 13[0m
[0mGET /api/refunds/tasks/next?type=WHATSAPP_BLAST&worker_id=whatsapp-campaign [32m200[0m 2.038 ms - 13[0m
[0mGET /api/refunds/tasks/next?type=REVIEW_VERIFY&worker_id=review-verifier [32m200[0m 4.297 ms - 13[0m
[0mGET /api/refunds/tasks/next?type=WHATSAPP_BLAST&worker_id=whatsapp-campaign [32m200[0m 5.503 ms - 13[0m
[0mGET /api/refunds/queue [32m200[0m 2.103 ms - 12[0m
[0mGET /api/refunds/tasks/next?type=REVIEW_VERIFY&worker_id=review-verifier [32m200[0m 1.398 ms - 13[0m
[0mGET /api/refunds/tasks/next?type=WHATSAPP_BLAST&worker_id=whatsapp-campaign [32m200[0m 2.300 ms - 13[0m
[0mGET /api/refunds/tasks/next?type=REVIEW_VERIFY&worker_id=review-verifier [32m200[0m 2.001 ms - 13[0m
[0mGET /api/refunds/tasks/next?type=WHATSAPP_BLAST&worker_id=whatsapp-campaign [32m200[0m 0.948 ms - 13[0m
[0mGET /api/refunds/tasks/next?type=REVIEW_VERIFY&worker_id=review-verifier [32m200[0m 2.584 ms - 13[0m
[0mGET /api/refunds/tasks/next?type=WHATSAPP_BLAST&worker_id=whatsapp-campaign [32m200[0m 1.308 ms - 13[0m
[0mGET /api/refunds/queue [32m200[0m 2.425 ms - 12[0m
[0mGET /api/refunds/tasks/next?type=REVIEW_VERIFY&worker_id=review-verifier [32m200[0m 1.260 ms - 13[0m
[0mGET /api/refunds/tasks/next?type=WHATSAPP_BLAST&worker_id=whatsapp-campaign [32m200[0m 1.037 ms - 13[0m
[0mGET /api/refunds/tasks/next?type=REVIEW_VERIFY&worker_id=review-verifier [32m200[0m 2.312 ms - 13[0m
[0mGET /api/refunds/tasks/next?type=WHATSAPP_BLAST&worker_id=whatsapp-campaign [32m200[0m 1.192 ms - 13[0m
[0mGET /api/refunds/tasks/next?type=REVIEW_VERIFY&worker_id=review-verifier [32m200[0m 2.347 ms - 13[0m
[0mGET /api/refunds/tasks/next?type=WHATSAPP_BLAST&worker_id=whatsapp-campaign [32m200[0m 1.966 ms - 13[0m
[0mGET /api/refunds/queue [32m200[0m 1.476 ms - 12[0m
[0mGET /api/refunds/tasks/next?type=REVIEW_VERIFY&worker_id=review-verifier [32m200[0m 2.247 ms - 13[0m
[0mGET /api/refunds/tasks/next?type=WHATSAPP_BLAST&worker_id=whatsapp-campaign [32m200[0m 0.847 ms - 13[0m
[0mGET /api/refunds/tasks/next?type=REVIEW_VERIFY&worker_id=review-verifier [32m200[0m 1.931 ms - 13[0m
[0mGET /api/refunds/tasks/next?type=WHATSAPP_BLAST&worker_id=whatsapp-campaign [32m200[0m 1.207 ms - 13[0m
[0mGET /api/refunds/tasks/next?type=REVIEW_VERIFY&worker_id=review-verifier [32m200[0m 3.379 ms - 13[0m
[0mGET /api/refunds/tasks/next?type=WHATSAPP_BLAST&worker_id=whatsapp-campaign [32m200[0m 0.890 ms - 13[0m
[0mGET /api/refunds/queue [32m200[0m 1.802 ms - 12[0m
[0mGET /api/refunds/tasks/next?type=REVIEW_VERIFY&worker_id=review-verifier [32m200[0m 4.047 ms - 13[0m
[0mGET /api/refunds/tasks/next?type=WHATSAPP_BLAST&worker_id=whatsapp-campaign [32m200[0m 0.878 ms - 13[0m
[0mGET /api/refunds/tasks/next?type=REVIEW_VERIFY&worker_id=review-verifier [32m200[0m 1.284 ms - 13[0m
[0mGET /api/refunds/tasks/next?type=WHATSAPP_BLAST&worker_id=whatsapp-campaign [32m200[0m 0.948 ms - 13[0m
[0mGET /api/refunds/tasks/next?type=REVIEW_VERIFY&worker_id=review-verifier [32m200[0m 1.496 ms - 13[0m
[0mGET /api/refunds/tasks/next?type=WHATSAPP_BLAST&worker_id=whatsapp-campaign [32m200[0m 1.231 ms - 13[0m
[0mGET /api/refunds/queue [32m200[0m 1.398 ms - 12[0m
[0mGET /api/refunds/tasks/next?type=REVIEW_VERIFY&worker_id=review-verifier [32m200[0m 1.065 ms - 13[0m
[0mGET /api/refunds/tasks/next?type=WHATSAPP_BLAST&worker_id=whatsapp-campaign [32m200[0m 0.977 ms - 13[0m
[0mGET /api/refunds/tasks/next?type=REVIEW_VERIFY&worker_id=review-verifier [32m200[0m 2.294 ms - 13[0m
[0mGET /api/refunds/tasks/next?type=WHATSAPP_BLAST&worker_id=whatsapp-campaign [32m200[0m 1.290 ms - 13[0m
[0mGET /api/refunds/tasks/next?type=REVIEW_VERIFY&worker_id=review-verifier [32m200[0m 1.440 ms - 13[0m
[0mGET /api/refunds/tasks/next?type=WHATSAPP_BLAST&worker_id=whatsapp-campaign [32m200[0m 1.463 ms - 13[0m
[0mGET /api/refunds/queue [32m200[0m 1.835 ms - 12[0m
[0mGET /api/refunds/tasks/next?type=REVIEW_VERIFY&worker_id=review-verifier [32m200[0m 1.802 ms - 13[0m
[0mGET /api/refunds/tasks/next?type=WHATSAPP_BLAST&worker_id=whatsapp-campaign [32m200[0m 0.804 ms - 13[0m
[0mGET /api/refunds/tasks/next?type=REVIEW_VERIFY&worker_id=review-verifier [32m200[0m 5.048 ms - 13[0m
[0mGET /api/refunds/tasks/next?type=WHATSAPP_BLAST&worker_id=whatsapp-campaign [32m200[0m 1.144 ms - 13[0m
[0mGET /api/refunds/tasks/next?type=REVIEW_VERIFY&worker_id=review-verifier [32m200[0m 1.976 ms - 13[0m
[0mGET /api/refunds/tasks/next?type=WHATSAPP_BLAST&worker_id=whatsapp-campaign [32m200[0m 0.846 ms - 13[0m
[0mGET /api/refunds/queue [32m200[0m 1.166 ms - 12[0m
[0mGET /api/refunds/tasks/next?type=REVIEW_VERIFY&worker_id=review-verifier [32m200[0m 0.667 ms - 13[0m
[0mGET /api/refunds/tasks/next?type=WHATSAPP_BLAST&worker_id=whatsapp-campaign [32m200[0m 1.499 ms - 13[0m
[0mGET /api/refunds/tasks/next?type=REVIEW_VERIFY&worker_id=review-verifier [32m200[0m 2.230 ms - 13[0m
[0mGET /api/refunds/tasks/next?type=WHATSAPP_BLAST&worker_id=whatsapp-campaign [32m200[0m 1.625 ms - 13[0m
[0mGET /api/refunds/tasks/next?type=REVIEW_VERIFY&worker_id=review-verifier [32m200[0m 2.420 ms - 13[0m
[0mGET /api/refunds/tasks/next?type=WHATSAPP_BLAST&worker_id=whatsapp-campaign [32m200[0m 1.618 ms - 13[0m
[0mGET /api/refunds/queue [32m200[0m 2.329 ms - 12[0m
[0mGET /api/refunds/tasks/next?type=REVIEW_VERIFY&worker_id=review-verifier [32m200[0m 0.896 ms - 13[0m
[0mGET /api/refunds/tasks/next?type=WHATSAPP_BLAST&worker_id=whatsapp-campaign [32m200[0m 0.752 ms - 13[0m
[0mGET /api/refunds/tasks/next?type=REVIEW_VERIFY&worker_id=review-verifier [32m200[0m 11.271 ms - 13[0m
[0mGET /api/refunds/tasks/next?type=WHATSAPP_BLAST&worker_id=whatsapp-campaign [32m200[0m 0.759 ms - 13[0m
[0mGET /api/refunds/tasks/next?type=REVIEW_VERIFY&worker_id=review-verifier [32m200[0m 1.974 ms - 13[0m
[0mGET /api/refunds/tasks/next?type=WHATSAPP_BLAST&worker_id=whatsapp-campaign [32m200[0m 0.955 ms - 13[0m
[0mGET /api/refunds/queue [32m200[0m 1.893 ms - 12[0m
[0mGET /api/refunds/tasks/next?type=REVIEW_VERIFY&worker_id=review-verifier [32m200[0m 1.366 ms - 13[0m
[0mGET /api/refunds/tasks/next?type=WHATSAPP_BLAST&worker_id=whatsapp-campaign [32m200[0m 1.545 ms - 13[0m
[0mGET /api/refunds/tasks/next?type=REVIEW_VERIFY&worker_id=review-verifier [32m200[0m 1.972 ms - 13[0m
[0mGET /api/refunds/tasks/next?type=WHATSAPP_BLAST&worker_id=whatsapp-campaign [32m200[0m 0.992 ms - 13[0m
[0mGET /api/refunds/tasks/next?type=REVIEW_VERIFY&worker_id=review-verifier [32m200[0m 0.740 ms - 13[0m
[0mGET /api/refunds/tasks/next?type=WHATSAPP_BLAST&worker_id=whatsapp-campaign [32m200[0m 1.456 ms - 13[0m
[0mGET /api/refunds/queue [32m200[0m 1.099 ms - 12[0m
[0mGET /api/refunds/tasks/next?type=REVIEW_VERIFY&worker_id=review-verifier [32m200[0m 1.052 ms - 13[0m
[0mGET /api/refunds/tasks/next?type=WHATSAPP_BLAST&worker_id=whatsapp-campaign [32m200[0m 1.957 ms - 13[0m
[0mGET /api/refunds/tasks/next?type=REVIEW_VERIFY&worker_id=review-verifier [32m200[0m 3.035 ms - 13[0m
[0mGET /api/refunds/tasks/next?type=WHATSAPP_BLAST&worker_id=whatsapp-campaign [32m200[0m 1.323 ms - 13[0m
[0mGET /api/refunds/tasks/next?type=REVIEW_VERIFY&worker_id=review-verifier [32m200[0m 1.294 ms - 13[0m
[0mGET /api/refunds/tasks/next?type=WHATSAPP_BLAST&worker_id=whatsapp-campaign [32m200[0m 1.388 ms - 13[0m
[0mGET /api/refunds/queue [32m200[0m 1.632 ms - 12[0m
[0mGET /api/refunds/tasks/next?type=REVIEW_VERIFY&worker_id=review-verifier [32m200[0m 1.349 ms - 13[0m
[0mGET /api/refunds/tasks/next?type=WHATSAPP_BLAST&worker_id=whatsapp-campaign [32m200[0m 1.462 ms - 13[0m
[0mGET /api/refunds/tasks/next?type=REVIEW_VERIFY&worker_id=review-verifier [32m200[0m 2.021 ms - 13[0m
[0mGET /api/refunds/tasks/next?type=WHATSAPP_BLAST&worker_id=whatsapp-campaign [32m200[0m 1.240 ms - 13[0m
[0mGET /api/refunds/tasks/next?type=REVIEW_VERIFY&worker_id=review-verifier [32m200[0m 1.004 ms - 13[0m
[0mGET /api/refunds/tasks/next?type=WHATSAPP_BLAST&worker_id=whatsapp-campaign [32m200[0m 1.899 ms - 13[0m
[0mGET /api/refunds/queue [32m200[0m 1.314 ms - 12[0m
[0mGET /api/refunds/tasks/next?type=REVIEW_VERIFY&worker_id=review-verifier [32m200[0m 0.890 ms - 13[0m
[0mGET /api/refunds/tasks/next?type=WHATSAPP_BLAST&worker_id=whatsapp-campaign [32m200[0m 0.765 ms - 13[0m
[0mGET /api/refunds/tasks/next?type=REVIEW_VERIFY&worker_id=review-verifier [32m200[0m 1.506 ms - 13[0m
[0mGET /api/refunds/tasks/next?type=WHATSAPP_BLAST&worker_id=whatsapp-campaign [32m200[0m 1.154 ms - 13[0m
[0mGET /api/refunds/tasks/next?type=REVIEW_VERIFY&worker_id=review-verifier [32m200[0m 1.300 ms - 13[0m
[0mGET /api/refunds/tasks/next?type=WHATSAPP_BLAST&worker_id=whatsapp-campaign [32m200[0m 0.929 ms - 13[0m
[0mGET /api/refunds/queue [32m200[0m 1.353 ms - 12[0m
[0mGET /api/refunds/tasks/next?type=REVIEW_VERIFY&worker_id=review-verifier [32m200[0m 2.139 ms - 13[0m
[0mGET /api/refunds/tasks/next?type=WHATSAPP_BLAST&worker_id=whatsapp-campaign [32m200[0m 1.199 ms - 13[0m
[0mGET /api/refunds/tasks/next?type=REVIEW_VERIFY&worker_id=review-verifier [32m200[0m 1.536 ms - 13[0m
[0mGET /api/refunds/tasks/next?type=WHATSAPP_BLAST&worker_id=whatsapp-campaign [32m200[0m 2.263 ms - 13[0m
[0mGET /api/refunds/tasks/next?type=REVIEW_VERIFY&worker_id=review-verifier [32m200[0m 2.614 ms - 13[0m
[0mGET /api/refunds/tasks/next?type=WHATSAPP_BLAST&worker_id=whatsapp-campaign [32m200[0m 1.165 ms - 13[0m
[0mGET /api/refunds/queue [32m200[0m 1.227 ms - 12[0m
[0mGET /api/refunds/tasks/next?type=REVIEW_VERIFY&worker_id=review-verifier [32m200[0m 1.552 ms - 13[0m
[0mGET /api/refunds/tasks/next?type=WHATSAPP_BLAST&worker_id=whatsapp-campaign [32m200[0m 0.915 ms - 13[0m
[0mGET /api/refunds/tasks/next?type=REVIEW_VERIFY&worker_id=review-verifier [32m200[0m 2.822 ms - 13[0m
[0mGET /api/refunds/tasks/next?type=WHATSAPP_BLAST&worker_id=whatsapp-campaign [32m200[0m 1.537 ms - 13[0m
[0mGET /api/refunds/tasks/next?type=REVIEW_VERIFY&worker_id=review-verifier [32m200[0m 2.214 ms - 13[0m
[0mGET /api/refunds/tasks/next?type=WHATSAPP_BLAST&worker_id=whatsapp-campaign [32m200[0m 1.375 ms - 13[0m
[0mGET /api/refunds/queue [32m200[0m 4.631 ms - 12[0m
[0mGET /api/refunds/tasks/next?type=REVIEW_VERIFY&worker_id=review-verifier [32m200[0m 0.756 ms - 13[0m
[0mGET /api/refunds/tasks/next?type=WHATSAPP_BLAST&worker_id=whatsapp-campaign [32m200[0m 0.874 ms - 13[0m
[0mGET /api/refunds/tasks/next?type=REVIEW_VERIFY&worker_id=review-verifier [32m200[0m 2.704 ms - 13[0m
[0mGET /api/refunds/tasks/next?type=WHATSAPP_BLAST&worker_id=whatsapp-campaign [32m200[0m 0.865 ms - 13[0m
[0mGET /api/refunds/tasks/next?type=REVIEW_VERIFY&worker_id=review-verifier [32m200[0m 3.059 ms - 13[0m
[0mGET /api/refunds/tasks/next?type=WHATSAPP_BLAST&worker_id=whatsapp-campaign [32m200[0m 0.927 ms - 13[0m
[0mGET /api/refunds/queue [32m200[0m 1.495 ms - 12[0m
[0mGET /api/refunds/tasks/next?type=REVIEW_VERIFY&worker_id=review-verifier [32m200[0m 0.816 ms - 13[0m
[0mGET /api/refunds/tasks/next?type=WHATSAPP_BLAST&worker_id=whatsapp-campaign [32m200[0m 0.710 ms - 13[0m
[0mGET /api/refunds/tasks/next?type=REVIEW_VERIFY&worker_id=review-verifier [32m200[0m 3.762 ms - 13[0m
[0mGET /api/refunds/tasks/next?type=WHATSAPP_BLAST&worker_id=whatsapp-campaign [32m200[0m 1.511 ms - 13[0m
[0mGET /api/refunds/tasks/next?type=REVIEW_VERIFY&worker_id=review-verifier [32m200[0m 1.786 ms - 13[0m
[0mGET /api/refunds/tasks/next?type=WHATSAPP_BLAST&worker_id=whatsapp-campaign [32m200[0m 0.716 ms - 13[0m
[0mGET /api/refunds/queue [32m200[0m 1.264 ms - 12[0m
[0mGET /api/refunds/tasks/next?type=REVIEW_VERIFY&worker_id=review-verifier [32m200[0m 0.811 ms - 13[0m
[0mGET /api/refunds/tasks/next?type=WHATSAPP_BLAST&worker_id=whatsapp-campaign [32m200[0m 0.787 ms - 13[0m
[0mGET /api/refunds/tasks/next?type=REVIEW_VERIFY&worker_id=review-verifier [32m200[0m 2.799 ms - 13[0m
[0mGET /api/refunds/tasks/next?type=WHATSAPP_BLAST&worker_id=whatsapp-campaign [32m200[0m 1.059 ms - 13[0m
[0mGET /api/refunds/tasks/next?type=REVIEW_VERIFY&worker_id=review-verifier [32m200[0m 2.466 ms - 13[0m
[0mGET /api/refunds/tasks/next?type=WHATSAPP_BLAST&worker_id=whatsapp-campaign [32m200[0m 0.878 ms - 13[0m
[0mGET /api/refunds/queue [32m200[0m 1.740 ms - 12[0m
[0mGET /api/refunds/tasks/next?type=REVIEW_VERIFY&worker_id=review-verifier [32m200[0m 0.950 ms - 13[0m
[0mGET /api/refunds/tasks/next?type=WHATSAPP_BLAST&worker_id=whatsapp-campaign [32m200[0m 0.795 ms - 13[0m
[0mGET /api/refunds/tasks/next?type=REVIEW_VERIFY&worker_id=review-verifier [32m200[0m 0.927 ms - 13[0m
[0mGET /api/refunds/tasks/next?type=WHATSAPP_BLAST&worker_id=whatsapp-campaign [32m200[0m 1.890 ms - 13[0m
[0mGET /api/refunds/tasks/next?type=REVIEW_VERIFY&worker_id=review-verifier [32m200[0m 1.998 ms - 13[0m
[0mGET /api/refunds/tasks/next?type=WHATSAPP_BLAST&worker_id=whatsapp-campaign [32m200[0m 0.737 ms - 13[0m
[0mGET /api/refunds/queue [32m200[0m 1.430 ms - 12[0m
[0mGET /api/refunds/tasks/next?type=REVIEW_VERIFY&worker_id=review-verifier [32m200[0m 0.911 ms - 13[0m
[0mGET /api/refunds/tasks/next?type=WHATSAPP_BLAST&worker_id=whatsapp-campaign [32m200[0m 1.043 ms - 13[0m
[0mGET /api/refunds/tasks/next?type=REVIEW_VERIFY&worker_id=review-verifier [32m200[0m 1.290 ms - 13[0m
[0mGET /api/refunds/tasks/next?type=WHATSAPP_BLAST&worker_id=whatsapp-campaign [32m200[0m 0.780 ms - 13[0m
[0mGET /api/refunds/tasks/next?type=REVIEW_VERIFY&worker_id=review-verifier [32m200[0m 1.210 ms - 13[0m
[0mGET /api/refunds/tasks/next?type=WHATSAPP_BLAST&worker_id=whatsapp-campaign [32m200[0m 0.684 ms - 13[0m
[0mGET /api/refunds/queue [32m200[0m 1.509 ms - 12[0m
[0mGET /api/refunds/tasks/next?type=REVIEW_VERIFY&worker_id=review-verifier [32m200[0m 0.708 ms - 13[0m
[0mGET /api/refunds/tasks/next?type=WHATSAPP_BLAST&worker_id=whatsapp-campaign [32m200[0m 1.061 ms - 13[0m
[0mGET /api/refunds/tasks/next?type=REVIEW_VERIFY&worker_id=review-verifier [32m200[0m 1.761 ms - 13[0m
[0mGET /api/refunds/tasks/next?type=WHATSAPP_BLAST&worker_id=whatsapp-campaign [32m200[0m 0.931 ms - 13[0m
[0mGET /api/refunds/tasks/next?type=REVIEW_VERIFY&worker_id=review-verifier [32m200[0m 1.101 ms - 13[0m
[0mGET /api/refunds/tasks/next?type=WHATSAPP_BLAST&worker_id=whatsapp-campaign [32m200[0m 0.815 ms - 13[0m
[0mGET /api/refunds/queue [32m200[0m 1.325 ms - 12[0m
[0mGET /api/refunds/tasks/next?type=REVIEW_VERIFY&worker_id=review-verifier [32m200[0m 0.724 ms - 13[0m
[0mGET /api/refunds/tasks/next?type=WHATSAPP_BLAST&worker_id=whatsapp-campaign [32m200[0m 0.753 ms - 13[0m
[0mGET /api/refunds/tasks/next?type=REVIEW_VERIFY&worker_id=review-verifier [32m200[0m 1.236 ms - 13[0m
[0mGET /api/refunds/tasks/next?type=WHATSAPP_BLAST&worker_id=whatsapp-campaign [32m200[0m 0.915 ms - 13[0m
[0mGET /api/refunds/tasks/next?type=REVIEW_VERIFY&worker_id=review-verifier [32m200[0m 1.702 ms - 13[0m
[0mGET /api/refunds/tasks/next?type=WHATSAPP_BLAST&worker_id=whatsapp-campaign [32m200[0m 0.876 ms - 13[0m
[0mGET /api/refunds/queue [32m200[0m 1.272 ms - 12[0m
[0mGET /api/refunds/tasks/next?type=REVIEW_VERIFY&worker_id=review-verifier [32m200[0m 1.152 ms - 13[0m
[0mGET /api/refunds/tasks/next?type=WHATSAPP_BLAST&worker_id=whatsapp-campaign [32m200[0m 0.778 ms - 13[0m
[0mGET /api/refunds/tasks/next?type=REVIEW_VERIFY&worker_id=review-verifier [32m200[0m 1.185 ms - 13[0m
[0mGET /api/refunds/tasks/next?type=WHATSAPP_BLAST&worker_id=whatsapp-campaign [32m200[0m 0.713 ms - 13[0m
[0mGET /api/refunds/tasks/next?type=REVIEW_VERIFY&worker_id=review-verifier [32m200[0m 1.643 ms - 13[0m
[0mGET /api/refunds/tasks/next?type=WHATSAPP_BLAST&worker_id=whatsapp-campaign [32m200[0m 0.772 ms - 13[0m
[0mGET /api/refunds/queue [32m200[0m 1.312 ms - 12[0m
[0mGET /api/refunds/tasks/next?type=REVIEW_VERIFY&worker_id=review-verifier [32m200[0m 1.049 ms - 13[0m
[0mGET /api/refunds/tasks/next?type=WHATSAPP_BLAST&worker_id=whatsapp-campaign [32m200[0m 0.798 ms - 13[0m
[0mGET /api/refunds/tasks/next?type=REVIEW_VERIFY&worker_id=review-verifier [32m200[0m 1.230 ms - 13[0m
[0mGET /api/refunds/tasks/next?type=WHATSAPP_BLAST&worker_id=whatsapp-campaign [32m200[0m 2.689 ms - 13[0m
[0mGET /api/refunds/tasks/next?type=REVIEW_VERIFY&worker_id=review-verifier [32m200[0m 3.126 ms - 13[0m
[0mGET /api/refunds/tasks/next?type=WHATSAPP_BLAST&worker_id=whatsapp-campaign [32m200[0m 1.499 ms - 13[0m
[0mGET /api/refunds/queue [32m200[0m 2.277 ms - 12[0m
[0mGET /api/refunds/tasks/next?type=REVIEW_VERIFY&worker_id=review-verifier [32m200[0m 1.797 ms - 13[0m
[0mGET /api/refunds/tasks/next?type=WHATSAPP_BLAST&worker_id=whatsapp-campaign [32m200[0m 1.525 ms - 13[0m
[0mGET /api/refunds/tasks/next?type=REVIEW_VERIFY&worker_id=review-verifier [32m200[0m 0.920 ms - 13[0m
[0mGET /api/refunds/tasks/next?type=WHATSAPP_BLAST&worker_id=whatsapp-campaign [32m200[0m 1.592 ms - 13[0m
[0mGET /api/refunds/tasks/next?type=REVIEW_VERIFY&worker_id=review-verifier [32m200[0m 2.455 ms - 13[0m
[0mGET /api/refunds/tasks/next?type=WHATSAPP_BLAST&worker_id=whatsapp-campaign [32m200[0m 0.792 ms - 13[0m
[0mGET /api/refunds/queue [32m200[0m 1.744 ms - 12[0m
[0mGET /api/refunds/tasks/next?type=REVIEW_VERIFY&worker_id=review-verifier [32m200[0m 1.647 ms - 13[0m
[0mGET /api/refunds/tasks/next?type=WHATSAPP_BLAST&worker_id=whatsapp-campaign [32m200[0m 1.276 ms - 13[0m
[0mGET /api/refunds/tasks/next?type=REVIEW_VERIFY&worker_id=review-verifier [32m200[0m 1.774 ms - 13[0m
[0mGET /api/refunds/tasks/next?type=WHATSAPP_BLAST&worker_id=whatsapp-campaign [32m200[0m 1.486 ms - 13[0m
[0mGET /api/refunds/tasks/next?type=REVIEW_VERIFY&worker_id=review-verifier [32m200[0m 1.221 ms - 13[0m
[0mGET /api/refunds/tasks/next?type=WHATSAPP_BLAST&worker_id=whatsapp-campaign [32m200[0m 0.748 ms - 13[0m
[0mGET /api/refunds/queue [32m200[0m 1.570 ms - 12[0m
[0mGET /api/refunds/tasks/next?type=REVIEW_VERIFY&worker_id=review-verifier [32m200[0m 0.999 ms - 13[0m
[0mGET /api/refunds/tasks/next?type=WHATSAPP_BLAST&worker_id=whatsapp-campaign [32m200[0m 1.267 ms - 13[0m
[0mGET /api/refunds/tasks/next?type=REVIEW_VERIFY&worker_id=review-verifier [32m200[0m 0.827 ms - 13[0m
[0mGET /api/refunds/tasks/next?type=WHATSAPP_BLAST&worker_id=whatsapp-campaign [32m200[0m 0.724 ms - 13[0m
[0mGET /api/refunds/tasks/next?type=REVIEW_VERIFY&worker_id=review-verifier [32m200[0m 2.113 ms - 13[0m
[0mGET /api/refunds/tasks/next?type=WHATSAPP_BLAST&worker_id=whatsapp-campaign [32m200[0m 0.996 ms - 13[0m
[0mGET /api/refunds/queue [32m200[0m 1.095 ms - 12[0m
[0mGET /api/refunds/tasks/next?type=REVIEW_VERIFY&worker_id=review-verifier [32m200[0m 0.775 ms - 13[0m
[0mGET /api/refunds/tasks/next?type=WHATSAPP_BLAST&worker_id=whatsapp-campaign [32m200[0m 1.436 ms - 13[0m
[0mGET /api/refunds/tasks/next?type=REVIEW_VERIFY&worker_id=review-verifier [32m200[0m 1.131 ms - 13[0m
[0mGET /api/refunds/tasks/next?type=WHATSAPP_BLAST&worker_id=whatsapp-campaign [32m200[0m 0.777 ms - 13[0m
[0mGET /api/refunds/tasks/next?type=REVIEW_VERIFY&worker_id=review-verifier [32m200[0m 1.856 ms - 13[0m
[0mGET /api/refunds/tasks/next?type=WHATSAPP_BLAST&worker_id=whatsapp-campaign [32m200[0m 0.978 ms - 13[0m
[0mGET /api/refunds/queue [32m200[0m 1.022 ms - 12[0m
[0mGET /api/refunds/tasks/next?type=REVIEW_VERIFY&worker_id=review-verifier [32m200[0m 1.267 ms - 13[0m
[0mGET /api/refunds/tasks/next?type=WHATSAPP_BLAST&worker_id=whatsapp-campaign [32m200[0m 0.944 ms - 13[0m
[0mGET /api/refunds/tasks/next?type=REVIEW_VERIFY&worker_id=review-verifier [32m200[0m 0.873 ms - 13[0m
[0mGET /api/refunds/tasks/next?type=WHATSAPP_BLAST&worker_id=whatsapp-campaign [32m200[0m 0.761 ms - 13[0m
[0mGET /api/refunds/tasks/next?type=REVIEW_VERIFY&worker_id=review-verifier [32m200[0m 2.136 ms - 13[0m
[0mGET /api/refunds/tasks/next?type=WHATSAPP_BLAST&worker_id=whatsapp-campaign [32m200[0m 1.206 ms - 13[0m
[0mGET /api/refunds/queue [32m200[0m 0.732 ms - 12[0m
[0mGET /api/refunds/tasks/next?type=REVIEW_VERIFY&worker_id=review-verifier [32m200[0m 1.456 ms - 13[0m
[0mGET /api/refunds/tasks/next?type=WHATSAPP_BLAST&worker_id=whatsapp-campaign [32m200[0m 1.004 ms - 13[0m
[0mGET /api/refunds/tasks/next?type=REVIEW_VERIFY&worker_id=review-verifier [32m200[0m 1.285 ms - 13[0m
[0mGET /api/refunds/tasks/next?type=WHATSAPP_BLAST&worker_id=whatsapp-campaign [32m200[0m 1.085 ms - 13[0m
[0mGET /api/refunds/tasks/next?type=REVIEW_VERIFY&worker_id=review-verifier [32m200[0m 1.415 ms - 13[0m
[0mGET /api/refunds/tasks/next?type=WHATSAPP_BLAST&worker_id=whatsapp-campaign [32m200[0m 0.746 ms - 13[0m
[0mGET /api/refunds/queue [32m200[0m 1.921 ms - 12[0m
[0mGET /api/refunds/tasks/next?type=REVIEW_VERIFY&worker_id=review-verifier [32m200[0m 2.815 ms - 13[0m
[0mGET /api/refunds/tasks/next?type=WHATSAPP_BLAST&worker_id=whatsapp-campaign [32m200[0m 0.755 ms - 13[0m
[0mGET /api/refunds/tasks/next?type=REVIEW_VERIFY&worker_id=review-verifier [32m200[0m 0.802 ms - 13[0m
[0mGET /api/refunds/tasks/next?type=WHATSAPP_BLAST&worker_id=whatsapp-campaign [32m200[0m 0.638 ms - 13[0m
[0mGET /api/refunds/tasks/next?type=REVIEW_VERIFY&worker_id=review-verifier [32m200[0m 1.693 ms - 13[0m
[0mGET /api/refunds/tasks/next?type=WHATSAPP_BLAST&worker_id=whatsapp-campaign [32m200[0m 0.702 ms - 13[0m
[0mGET /api/refunds/queue [32m200[0m 1.098 ms - 12[0m
[0mGET /api/refunds/tasks/next?type=REVIEW_VERIFY&worker_id=review-verifier [32m200[0m 0.842 ms - 13[0m
[0mGET /api/refunds/tasks/next?type=WHATSAPP_BLAST&worker_id=whatsapp-campaign [32m200[0m 1.330 ms - 13[0m
[0mGET /api/refunds/tasks/next?type=REVIEW_VERIFY&worker_id=review-verifier [32m200[0m 1.887 ms - 13[0m
[0mGET /api/refunds/tasks/next?type=WHATSAPP_BLAST&worker_id=whatsapp-campaign [32m200[0m 1.204 ms - 13[0m
[0mGET /api/refunds/tasks/next?type=REVIEW_VERIFY&worker_id=review-verifier [32m200[0m 0.946 ms - 13[0m
[0mGET /api/refunds/tasks/next?type=WHATSAPP_BLAST&worker_id=whatsapp-campaign [32m200[0m 1.012 ms - 13[0m
[0mGET /api/refunds/queue [32m200[0m 1.623 ms - 12[0m
[0mGET /api/refunds/tasks/next?type=REVIEW_VERIFY&worker_id=review-verifier [32m200[0m 0.823 ms - 13[0m
[0mGET /api/refunds/tasks/next?type=WHATSAPP_BLAST&worker_id=whatsapp-campaign [32m200[0m 1.359 ms - 13[0m
[0mGET /api/refunds/tasks/next?type=REVIEW_VERIFY&worker_id=review-verifier [32m200[0m 1.016 ms - 13[0m
[0mGET /api/refunds/tasks/next?type=WHATSAPP_BLAST&worker_id=whatsapp-campaign [32m200[0m 0.998 ms - 13[0m
[0mGET /api/refunds/tasks/next?type=REVIEW_VERIFY&worker_id=review-verifier [32m200[0m 2.646 ms - 13[0m
[0mGET /api/refunds/tasks/next?type=WHATSAPP_BLAST&worker_id=whatsapp-campaign [32m200[0m 0.768 ms - 13[0m
[0mGET /api/refunds/queue [32m200[0m 1.448 ms - 12[0m
[0mGET /api/refunds/tasks/next?type=REVIEW_VERIFY&worker_id=review-verifier [32m200[0m 0.993 ms - 13[0m
[0mGET /api/refunds/tasks/next?type=WHATSAPP_BLAST&worker_id=whatsapp-campaign [32m200[0m 0.728 ms - 13[0m
[0mGET /api/refunds/tasks/next?type=REVIEW_VERIFY&worker_id=review-verifier [32m200[0m 1.069 ms - 13[0m
[0mGET /api/refunds/tasks/next?type=WHATSAPP_BLAST&worker_id=whatsapp-campaign [32m200[0m 0.739 ms - 13[0m
[0mGET /api/refunds/tasks/next?type=REVIEW_VERIFY&worker_id=review-verifier [32m200[0m 0.941 ms - 13[0m
[0mGET /api/refunds/tasks/next?type=WHATSAPP_BLAST&worker_id=whatsapp-campaign [32m200[0m 0.673 ms - 13[0m
[0mGET /api/refunds/queue [32m200[0m 1.387 ms - 12[0m
[0mGET /api/refunds/tasks/next?type=REVIEW_VERIFY&worker_id=review-verifier [32m200[0m 0.682 ms - 13[0m
[0mGET /api/refunds/tasks/next?type=WHATSAPP_BLAST&worker_id=whatsapp-campaign [32m200[0m 1.068 ms - 13[0m
[0mGET /api/refunds/tasks/next?type=REVIEW_VERIFY&worker_id=review-verifier [32m200[0m 0.919 ms - 13[0m
[0mGET /api/refunds/tasks/next?type=WHATSAPP_BLAST&worker_id=whatsapp-campaign [32m200[0m 1.106 ms - 13[0m
[0mGET /api/refunds/tasks/next?type=REVIEW_VERIFY&worker_id=review-verifier [32m200[0m 2.520 ms - 13[0m
[0mGET /api/refunds/tasks/next?type=WHATSAPP_BLAST&worker_id=whatsapp-campaign [32m200[0m 0.803 ms - 13[0m
[0mGET /api/refunds/queue [32m200[0m 0.908 ms - 12[0m
[0mGET /api/refunds/tasks/next?type=REVIEW_VERIFY&worker_id=review-verifier [32m200[0m 0.776 ms - 13[0m
[0mGET /api/refunds/tasks/next?type=WHATSAPP_BLAST&worker_id=whatsapp-campaign [32m200[0m 0.775 ms - 13[0m
[0mGET /api/refunds/tasks/next?type=REVIEW_VERIFY&worker_id=review-verifier [32m200[0m 2.415 ms - 13[0m
[0mGET /api/refunds/tasks/next?type=WHATSAPP_BLAST&worker_id=whatsapp-campaign [32m200[0m 0.702 ms - 13[0m
[0mGET /api/refunds/tasks/next?type=REVIEW_VERIFY&worker_id=review-verifier [32m200[0m 3.160 ms - 13[0m
[0mGET /api/refunds/tasks/next?type=WHATSAPP_BLAST&worker_id=whatsapp-campaign [32m200[0m 0.946 ms - 13[0m
[0mGET /api/refunds/queue [32m200[0m 1.399 ms - 12[0m
[0mGET /api/refunds/tasks/next?type=REVIEW_VERIFY&worker_id=review-verifier [32m200[0m 0.909 ms - 13[0m
[0mGET /api/refunds/tasks/next?type=WHATSAPP_BLAST&worker_id=whatsapp-campaign [32m200[0m 0.684 ms - 13[0m
[0mGET /api/refunds/tasks/next?type=REVIEW_VERIFY&worker_id=review-verifier [32m200[0m 0.791 ms - 13[0m
[0mGET /api/refunds/tasks/next?type=WHATSAPP_BLAST&worker_id=whatsapp-campaign [32m200[0m 1.181 ms - 13[0m
[0mGET /api/refunds/tasks/next?type=REVIEW_VERIFY&worker_id=review-verifier [32m200[0m 0.708 ms - 13[0m
[0mGET /api/refunds/tasks/next?type=WHATSAPP_BLAST&worker_id=whatsapp-campaign [32m200[0m 0.728 ms - 13[0m
[0mGET /api/refunds/queue [32m200[0m 1.165 ms - 12[0m
[0mGET /api/refunds/tasks/next?type=REVIEW_VERIFY&worker_id=review-verifier [32m200[0m 0.861 ms - 13[0m
[0mGET /api/refunds/tasks/next?type=WHATSAPP_BLAST&worker_id=whatsapp-campaign [32m200[0m 0.904 ms - 13[0m
[0mGET /api/refunds/tasks/next?type=REVIEW_VERIFY&worker_id=review-verifier [32m200[0m 1.708 ms - 13[0m
[0mGET /api/refunds/tasks/next?type=WHATSAPP_BLAST&worker_id=whatsapp-campaign [32m200[0m 1.460 ms - 13[0m
[0mGET /api/refunds/tasks/next?type=REVIEW_VERIFY&worker_id=review-verifier [32m200[0m 1.686 ms - 13[0m
[0mGET /api/refunds/tasks/next?type=WHATSAPP_BLAST&worker_id=whatsapp-campaign [32m200[0m 1.384 ms - 13[0m
[0mGET /api/refunds/queue [32m200[0m 1.428 ms - 12[0m
[0mGET /api/refunds/tasks/next?type=REVIEW_VERIFY&worker_id=review-verifier [32m200[0m 0.833 ms - 13[0m
[0mGET /api/refunds/tasks/next?type=WHATSAPP_BLAST&worker_id=whatsapp-campaign [32m200[0m 0.826 ms - 13[0m
[0mGET /api/refunds/tasks/next?type=REVIEW_VERIFY&worker_id=review-verifier [32m200[0m 0.869 ms - 13[0m
[0mGET /api/refunds/tasks/next?type=WHATSAPP_BLAST&worker_id=whatsapp-campaign [32m200[0m 0.808 ms - 13[0m
[0mGET /api/refunds/tasks/next?type=REVIEW_VERIFY&worker_id=review-verifier [32m200[0m 2.831 ms - 13[0m
[0mGET /api/refunds/tasks/next?type=WHATSAPP_BLAST&worker_id=whatsapp-campaign [32m200[0m 1.043 ms - 13[0m
[0mGET /api/refunds/queue [32m200[0m 1.343 ms - 12[0m
[0mGET /api/refunds/tasks/next?type=REVIEW_VERIFY&worker_id=review-verifier [32m200[0m 0.850 ms - 13[0m
[0mGET /api/refunds/tasks/next?type=WHATSAPP_BLAST&worker_id=whatsapp-campaign [32m200[0m 0.898 ms - 13[0m
[0mGET /api/refunds/tasks/next?type=REVIEW_VERIFY&worker_id=review-verifier [32m200[0m 1.757 ms - 13[0m
[0mGET /api/refunds/tasks/next?type=WHATSAPP_BLAST&worker_id=whatsapp-campaign [32m200[0m 1.616 ms - 13[0m
[0mGET /api/refunds/tasks/next?type=REVIEW_VERIFY&worker_id=review-verifier [32m200[0m 1.679 ms - 13[0m
[0mGET /api/refunds/tasks/next?type=WHATSAPP_BLAST&worker_id=whatsapp-campaign [32m200[0m 0.748 ms - 13[0m
[0mGET /api/refunds/queue [32m200[0m 1.324 ms - 12[0m
[0mGET /api/refunds/tasks/next?type=REVIEW_VERIFY&worker_id=review-verifier [32m200[0m 0.762 ms - 13[0m
[0mGET /api/refunds/tasks/next?type=WHATSAPP_BLAST&worker_id=whatsapp-campaign [32m200[0m 0.912 ms - 13[0m
[0mGET /api/refunds/tasks/next?type=REVIEW_VERIFY&worker_id=review-verifier [32m200[0m 1.327 ms - 13[0m
[0mGET /api/refunds/tasks/next?type=WHATSAPP_BLAST&worker_id=whatsapp-campaign [32m200[0m 0.942 ms - 13[0m
[0mGET /api/refunds/tasks/next?type=REVIEW_VERIFY&worker_id=review-verifier [32m200[0m 2.323 ms - 13[0m
[0mGET /api/refunds/tasks/next?type=WHATSAPP_BLAST&worker_id=whatsapp-campaign [32m200[0m 0.699 ms - 13[0m
[0mGET /api/refunds/queue [32m200[0m 1.976 ms - 12[0m
[0mGET /api/refunds/tasks/next?type=REVIEW_VERIFY&worker_id=review-verifier [32m200[0m 0.985 ms - 13[0m
[0mGET /api/refunds/tasks/next?type=WHATSAPP_BLAST&worker_id=whatsapp-campaign [32m200[0m 1.053 ms - 13[0m
[0mGET /api/refunds/tasks/next?type=REVIEW_VERIFY&worker_id=review-verifier [32m200[0m 2.776 ms - 13[0m
[0mGET /api/refunds/tasks/next?type=WHATSAPP_BLAST&worker_id=whatsapp-campaign [32m200[0m 0.759 ms - 13[0m
[0mGET /api/refunds/tasks/next?type=REVIEW_VERIFY&worker_id=review-verifier [32m200[0m 1.033 ms - 13[0m
[0mGET /api/refunds/tasks/next?type=WHATSAPP_BLAST&worker_id=whatsapp-campaign [32m200[0m 1.234 ms - 13[0m
[0mGET /api/refunds/queue [32m200[0m 1.566 ms - 12[0m
[0mGET /api/refunds/tasks/next?type=REVIEW_VERIFY&worker_id=review-verifier [32m200[0m 1.033 ms - 13[0m
[0mGET /api/refunds/tasks/next?type=WHATSAPP_BLAST&worker_id=whatsapp-campaign [32m200[0m 0.750 ms - 13[0m
[0mGET /api/refunds/tasks/next?type=REVIEW_VERIFY&worker_id=review-verifier [32m200[0m 0.763 ms - 13[0m
[0mGET /api/refunds/tasks/next?type=WHATSAPP_BLAST&worker_id=whatsapp-campaign [32m200[0m 0.971 ms - 13[0m
[0mGET /api/refunds/tasks/next?type=REVIEW_VERIFY&worker_id=review-verifier [32m200[0m 1.826 ms - 13[0m
[0mGET /api/refunds/tasks/next?type=WHATSAPP_BLAST&worker_id=whatsapp-campaign [32m200[0m 0.789 ms - 13[0m
[0mGET /api/refunds/queue [32m200[0m 1.508 ms - 12[0m
[0mGET /api/refunds/tasks/next?type=REVIEW_VERIFY&worker_id=review-verifier [32m200[0m 0.848 ms - 13[0m
[0mGET /api/refunds/tasks/next?type=WHATSAPP_BLAST&worker_id=whatsapp-campaign [32m200[0m 0.744 ms - 13[0m
[0mGET /api/refunds/tasks/next?type=REVIEW_VERIFY&worker_id=review-verifier [32m200[0m 1.131 ms - 13[0m
[0mGET /api/refunds/tasks/next?type=WHATSAPP_BLAST&worker_id=whatsapp-campaign [32m200[0m 0.729 ms - 13[0m
[0mGET /api/refunds/tasks/next?type=REVIEW_VERIFY&worker_id=review-verifier [32m200[0m 1.614 ms - 13[0m
[0mGET /api/refunds/tasks/next?type=WHATSAPP_BLAST&worker_id=whatsapp-campaign [32m200[0m 0.691 ms - 13[0m
[0mGET /api/refunds/queue [32m200[0m 1.363 ms - 12[0m
[0mGET /api/refunds/tasks/next?type=REVIEW_VERIFY&worker_id=review-verifier [32m200[0m 0.725 ms - 13[0m
[0mGET /api/refunds/tasks/next?type=WHATSAPP_BLAST&worker_id=whatsapp-campaign [32m200[0m 0.775 ms - 13[0m
[0mGET /api/refunds/tasks/next?type=REVIEW_VERIFY&worker_id=review-verifier [32m200[0m 1.780 ms - 13[0m
[0mGET /api/refunds/tasks/next?type=WHATSAPP_BLAST&worker_id=whatsapp-campaign [32m200[0m 0.771 ms - 13[0m
[0mGET /api/refunds/tasks/next?type=REVIEW_VERIFY&worker_id=review-verifier [32m200[0m 1.729 ms - 13[0m
[0mGET /api/refunds/tasks/next?type=WHATSAPP_BLAST&worker_id=whatsapp-campaign [32m200[0m 0.822 ms - 13[0m
[0mGET /api/refunds/queue [32m200[0m 1.171 ms - 12[0m
[0mGET /api/refunds/tasks/next?type=REVIEW_VERIFY&worker_id=review-verifier [32m200[0m 0.957 ms - 13[0m
[0mGET /api/refunds/tasks/next?type=WHATSAPP_BLAST&worker_id=whatsapp-campaign [32m200[0m 0.818 ms - 13[0m
[0mGET /api/refunds/tasks/next?type=REVIEW_VERIFY&worker_id=review-verifier [32m200[0m 1.585 ms - 13[0m
[0mGET /api/refunds/tasks/next?type=WHATSAPP_BLAST&worker_id=whatsapp-campaign [32m200[0m 0.685 ms - 13[0m
[0mGET /api/refunds/tasks/next?type=REVIEW_VERIFY&worker_id=review-verifier [32m200[0m 1.748 ms - 13[0m
[0mGET /api/refunds/tasks/next?type=WHATSAPP_BLAST&worker_id=whatsapp-campaign [32m200[0m 0.845 ms - 13[0m
[0mGET /api/refunds/queue [32m200[0m 1.856 ms - 12[0m
[0mGET /api/refunds/tasks/next?type=REVIEW_VERIFY&worker_id=review-verifier [32m200[0m 0.981 ms - 13[0m
[0mGET /api/refunds/tasks/next?type=WHATSAPP_BLAST&worker_id=whatsapp-campaign [32m200[0m 0.973 ms - 13[0m
[0mGET /api/refunds/tasks/next?type=REVIEW_VERIFY&worker_id=review-verifier [32m200[0m 0.683 ms - 13[0m
[0mGET /api/refunds/tasks/next?type=WHATSAPP_BLAST&worker_id=whatsapp-campaign [32m200[0m 1.220 ms - 13[0m
[0mGET /api/refunds/tasks/next?type=REVIEW_VERIFY&worker_id=review-verifier [32m200[0m 1.523 ms - 13[0m
[0mGET /api/refunds/tasks/next?type=WHATSAPP_BLAST&worker_id=whatsapp-campaign [32m200[0m 0.716 ms - 13[0m
[0mGET /api/refunds/queue [32m200[0m 2.891 ms - 12[0m
[0mGET /api/refunds/tasks/next?type=REVIEW_VERIFY&worker_id=review-verifier [32m200[0m 1.718 ms - 13[0m
[0mGET /api/refunds/tasks/next?type=WHATSAPP_BLAST&worker_id=whatsapp-campaign [32m200[0m 1.776 ms - 13[0m
[0mGET /api/refunds/tasks/next?type=REVIEW_VERIFY&worker_id=review-verifier [32m200[0m 1.036 ms - 13[0m
[0mGET /api/refunds/tasks/next?type=WHATSAPP_BLAST&worker_id=whatsapp-campaign [32m200[0m 1.419 ms - 13[0m
[0mGET /api/refunds/tasks/next?type=REVIEW_VERIFY&worker_id=review-verifier [32m200[0m 1.135 ms - 13[0m
[0mGET /api/refunds/tasks/next?type=WHATSAPP_BLAST&worker_id=whatsapp-campaign [32m200[0m 0.788 ms - 13[0m
[0mGET /api/refunds/queue [32m200[0m 1.582 ms - 12[0m
[0mGET /api/refunds/tasks/next?type=REVIEW_VERIFY&worker_id=review-verifier [32m200[0m 1.370 ms - 13[0m
[0mGET /api/refunds/tasks/next?type=WHATSAPP_BLAST&worker_id=whatsapp-campaign [32m200[0m 0.706 ms - 13[0m
[0mGET /api/refunds/tasks/next?type=REVIEW_VERIFY&worker_id=review-verifier [32m200[0m 0.900 ms - 13[0m
[0mGET /api/refunds/tasks/next?type=WHATSAPP_BLAST&worker_id=whatsapp-campaign [32m200[0m 0.883 ms - 13[0m
[0mGET /api/refunds/tasks/next?type=REVIEW_VERIFY&worker_id=review-verifier [32m200[0m 1.230 ms - 13[0m
[0mGET /api/refunds/tasks/next?type=WHATSAPP_BLAST&worker_id=whatsapp-campaign [32m200[0m 1.314 ms - 13[0m
[0mGET /api/refunds/queue [32m200[0m 1.394 ms - 12[0m
[0mGET /api/refunds/tasks/next?type=REVIEW_VERIFY&worker_id=review-verifier [32m200[0m 0.901 ms - 13[0m
[0mGET /api/refunds/tasks/next?type=WHATSAPP_BLAST&worker_id=whatsapp-campaign [32m200[0m 0.916 ms - 13[0m
[0mGET /api/refunds/tasks/next?type=REVIEW_VERIFY&worker_id=review-verifier [32m200[0m 1.863 ms - 13[0m
[0mGET /api/refunds/tasks/next?type=WHATSAPP_BLAST&worker_id=whatsapp-campaign [32m200[0m 0.951 ms - 13[0m
[0mGET /api/refunds/tasks/next?type=REVIEW_VERIFY&worker_id=review-verifier [32m200[0m 1.671 ms - 13[0m
[0mGET /api/refunds/tasks/next?type=WHATSAPP_BLAST&worker_id=whatsapp-campaign [32m200[0m 0.767 ms - 13[0m
[0mGET /api/refunds/queue [32m200[0m 1.525 ms - 12[0m
[0mGET /api/refunds/tasks/next?type=REVIEW_VERIFY&worker_id=review-verifier [32m200[0m 0.968 ms - 13[0m
[0mGET /api/refunds/tasks/next?type=WHATSAPP_BLAST&worker_id=whatsapp-campaign [32m200[0m 0.851 ms - 13[0m
[0mGET /api/refunds/tasks/next?type=REVIEW_VERIFY&worker_id=review-verifier [32m200[0m 0.702 ms - 13[0m
[0mGET /api/refunds/tasks/next?type=WHATSAPP_BLAST&worker_id=whatsapp-campaign [32m200[0m 1.059 ms - 13[0m
[0mGET /api/refunds/tasks/next?type=REVIEW_VERIFY&worker_id=review-verifier [32m200[0m 2.335 ms - 13[0m
[0mGET /api/refunds/tasks/next?type=WHATSAPP_BLAST&worker_id=whatsapp-campaign [32m200[0m 1.410 ms - 13[0m
[0mGET /api/refunds/queue [32m200[0m 1.314 ms - 12[0m
[0mGET /api/refunds/tasks/next?type=REVIEW_VERIFY&worker_id=review-verifier [32m200[0m 0.942 ms - 13[0m
[0mGET /api/refunds/tasks/next?type=WHATSAPP_BLAST&worker_id=whatsapp-campaign [32m200[0m 1.339 ms - 13[0m
[0mGET /api/refunds/tasks/next?type=REVIEW_VERIFY&worker_id=review-verifier [32m200[0m 0.884 ms - 13[0m
[0mGET /api/refunds/tasks/next?type=WHATSAPP_BLAST&worker_id=whatsapp-campaign [32m200[0m 0.763 ms - 13[0m
[0mGET /api/refunds/tasks/next?type=REVIEW_VERIFY&worker_id=review-verifier [32m200[0m 3.124 ms - 13[0m
[0mGET /api/refunds/tasks/next?type=WHATSAPP_BLAST&worker_id=whatsapp-campaign [32m200[0m 0.779 ms - 13[0m
[0mGET /api/refunds/queue [32m200[0m 1.241 ms - 12[0m
[0mGET /api/refunds/tasks/next?type=REVIEW_VERIFY&worker_id=review-verifier [32m200[0m 0.844 ms - 13[0m
[0mGET /api/refunds/tasks/next?type=WHATSAPP_BLAST&worker_id=whatsapp-campaign [32m200[0m 0.712 ms - 13[0m
[0mGET /api/refunds/tasks/next?type=REVIEW_VERIFY&worker_id=review-verifier [32m200[0m 0.706 ms - 13[0m
[0mGET /api/refunds/tasks/next?type=WHATSAPP_BLAST&worker_id=whatsapp-campaign [32m200[0m 0.864 ms - 13[0m
[0mGET /api/refunds/tasks/next?type=REVIEW_VERIFY&worker_id=review-verifier [32m200[0m 2.047 ms - 13[0m
[0mGET /api/refunds/tasks/next?type=WHATSAPP_BLAST&worker_id=whatsapp-campaign [32m200[0m 0.795 ms - 13[0m
[0mGET /api/refunds/queue [32m200[0m 1.417 ms - 12[0m
[0mGET /api/refunds/tasks/next?type=REVIEW_VERIFY&worker_id=review-verifier [32m200[0m 0.969 ms - 13[0m
[0mGET /api/refunds/tasks/next?type=WHATSAPP_BLAST&worker_id=whatsapp-campaign [32m200[0m 1.095 ms - 13[0m
[0mGET /api/refunds/tasks/next?type=REVIEW_VERIFY&worker_id=review-verifier [32m200[0m 2.259 ms - 13[0m
[0mGET /api/refunds/tasks/next?type=WHATSAPP_BLAST&worker_id=whatsapp-campaign [32m200[0m 0.922 ms - 13[0m
[0mGET /api/refunds/tasks/next?type=REVIEW_VERIFY&worker_id=review-verifier [32m200[0m 2.005 ms - 13[0m
[0mGET /api/refunds/tasks/next?type=WHATSAPP_BLAST&worker_id=whatsapp-campaign [32m200[0m 1.151 ms - 13[0m
[0mGET /api/refunds/queue [32m200[0m 2.705 ms - 12[0m
[0mGET /api/refunds/tasks/next?type=REVIEW_VERIFY&worker_id=review-verifier [32m200[0m 1.227 ms - 13[0m
[0mGET /api/refunds/tasks/next?type=WHATSAPP_BLAST&worker_id=whatsapp-campaign [32m200[0m 0.795 ms - 13[0m
[0mGET /api/refunds/tasks/next?type=REVIEW_VERIFY&worker_id=review-verifier [32m200[0m 1.789 ms - 13[0m
[0mGET /api/refunds/tasks/next?type=WHATSAPP_BLAST&worker_id=whatsapp-campaign [32m200[0m 1.242 ms - 13[0m
[0mGET /api/refunds/tasks/next?type=REVIEW_VERIFY&worker_id=review-verifier [32m200[0m 1.133 ms - 13[0m
[0mGET /api/refunds/tasks/next?type=WHATSAPP_BLAST&worker_id=whatsapp-campaign [32m200[0m 0.743 ms - 13[0m
[0mGET /api/refunds/queue [32m200[0m 1.650 ms - 12[0m
[0mGET /api/refunds/tasks/next?type=REVIEW_VERIFY&worker_id=review-verifier [32m200[0m 1.684 ms - 13[0m
[0mGET /api/refunds/tasks/next?type=WHATSAPP_BLAST&worker_id=whatsapp-campaign [32m200[0m 0.810 ms - 13[0m
[0mGET /api/refunds/tasks/next?type=REVIEW_VERIFY&worker_id=review-verifier [32m200[0m 1.309 ms - 13[0m
[0mGET /api/refunds/tasks/next?type=WHATSAPP_BLAST&worker_id=whatsapp-campaign [32m200[0m 1.476 ms - 13[0m
[0mGET /api/refunds/tasks/next?type=REVIEW_VERIFY&worker_id=review-verifier [32m200[0m 1.167 ms - 13[0m
[0mGET /api/refunds/tasks/next?type=WHATSAPP_BLAST&worker_id=whatsapp-campaign [32m200[0m 1.950 ms - 13[0m
[0mGET /api/refunds/queue [32m200[0m 1.109 ms - 12[0m
[0mGET /api/refunds/tasks/next?type=REVIEW_VERIFY&worker_id=review-verifier [32m200[0m 1.515 ms - 13[0m
[0mGET /api/refunds/tasks/next?type=WHATSAPP_BLAST&worker_id=whatsapp-campaign [32m200[0m 0.900 ms - 13[0m
[0mGET /api/refunds/tasks/next?type=REVIEW_VERIFY&worker_id=review-verifier [32m200[0m 1.694 ms - 13[0m
[0mGET /api/refunds/tasks/next?type=WHATSAPP_BLAST&worker_id=whatsapp-campaign [32m200[0m 1.053 ms - 13[0m
[0mGET /api/refunds/tasks/next?type=REVIEW_VERIFY&worker_id=review-verifier [32m200[0m 1.498 ms - 13[0m
[0mGET /api/refunds/tasks/next?type=WHATSAPP_BLAST&worker_id=whatsapp-campaign [32m200[0m 0.757 ms - 13[0m
[0mGET /api/refunds/queue [32m200[0m 1.220 ms - 12[0m
[0mGET /api/refunds/tasks/next?type=REVIEW_VERIFY&worker_id=review-verifier [32m200[0m 0.850 ms - 13[0m
[0mGET /api/refunds/tasks/next?type=WHATSAPP_BLAST&worker_id=whatsapp-campaign [32m200[0m 1.147 ms - 13[0m
[0mGET /api/refunds/tasks/next?type=REVIEW_VERIFY&worker_id=review-verifier [32m200[0m 1.239 ms - 13[0m
[0mGET /api/refunds/tasks/next?type=WHATSAPP_BLAST&worker_id=whatsapp-campaign [32m200[0m 0.854 ms - 13[0m
[0mGET /api/refunds/tasks/next?type=REVIEW_VERIFY&worker_id=review-verifier [32m200[0m 1.198 ms - 13[0m
[0mGET /api/refunds/tasks/next?type=WHATSAPP_BLAST&worker_id=whatsapp-campaign [32m200[0m 1.053 ms - 13[0m
[0mGET /api/refunds/queue [32m200[0m 1.880 ms - 12[0m
[0mGET /api/refunds/tasks/next?type=REVIEW_VERIFY&worker_id=review-verifier [32m200[0m 1.126 ms - 13[0m
[0mGET /api/refunds/tasks/next?type=WHATSAPP_BLAST&worker_id=whatsapp-campaign [32m200[0m 1.184 ms - 13[0m
[0mGET /api/refunds/tasks/next?type=REVIEW_VERIFY&worker_id=review-verifier [32m200[0m 0.961 ms - 13[0m
[0mGET /api/refunds/tasks/next?type=WHATSAPP_BLAST&worker_id=whatsapp-campaign [32m200[0m 0.795 ms - 13[0m
[0mGET /api/refunds/tasks/next?type=REVIEW_VERIFY&worker_id=review-verifier [32m200[0m 2.214 ms - 13[0m
[0mGET /api/refunds/tasks/next?type=WHATSAPP_BLAST&worker_id=whatsapp-campaign [32m200[0m 0.933 ms - 13[0m
[0mGET /api/refunds/queue [32m200[0m 1.512 ms - 12[0m
[0mGET /api/refunds/tasks/next?type=REVIEW_VERIFY&worker_id=review-verifier [32m200[0m 0.927 ms - 13[0m
[0mGET /api/refunds/tasks/next?type=WHATSAPP_BLAST&worker_id=whatsapp-campaign [32m200[0m 0.892 ms - 13[0m
[0mGET /api/refunds/tasks/next?type=REVIEW_VERIFY&worker_id=review-verifier [32m200[0m 1.167 ms - 13[0m
[0mGET /api/refunds/tasks/next?type=WHATSAPP_BLAST&worker_id=whatsapp-campaign [32m200[0m 1.636 ms - 13[0m
[0mGET /api/refunds/tasks/next?type=REVIEW_VERIFY&worker_id=review-verifier [32m200[0m 1.447 ms - 13[0m
[0mGET /api/refunds/tasks/next?type=WHATSAPP_BLAST&worker_id=whatsapp-campaign [32m200[0m 0.901 ms - 13[0m
[0mGET /api/refunds/queue [32m200[0m 1.299 ms - 12[0m
[0mGET /api/refunds/tasks/next?type=REVIEW_VERIFY&worker_id=review-verifier [32m200[0m 0.814 ms - 13[0m
[0mGET /api/refunds/tasks/next?type=WHATSAPP_BLAST&worker_id=whatsapp-campaign [32m200[0m 0.799 ms - 13[0m
[0mGET /api/refunds/tasks/next?type=REVIEW_VERIFY&worker_id=review-verifier [32m200[0m 1.038 ms - 13[0m
[0mGET /api/refunds/tasks/next?type=WHATSAPP_BLAST&worker_id=whatsapp-campaign [32m200[0m 0.746 ms - 13[0m
[0mGET /api/refunds/tasks/next?type=REVIEW_VERIFY&worker_id=review-verifier [32m200[0m 2.336 ms - 13[0m
[0mGET /api/refunds/tasks/next?type=WHATSAPP_BLAST&worker_id=whatsapp-campaign [32m200[0m 0.743 ms - 13[0m
[0mGET /api/refunds/queue [32m200[0m 1.247 ms - 12[0m
[0mGET /api/refunds/tasks/next?type=REVIEW_VERIFY&worker_id=review-verifier [32m200[0m 2.149 ms - 13[0m
[0mGET /api/refunds/tasks/next?type=WHATSAPP_BLAST&worker_id=whatsapp-campaign [32m200[0m 0.683 ms - 13[0m
[0mGET /api/refunds/tasks/next?type=REVIEW_VERIFY&worker_id=review-verifier [32m200[0m 1.961 ms - 13[0m
[0mGET /api/refunds/tasks/next?type=WHATSAPP_BLAST&worker_id=whatsapp-campaign [32m200[0m 0.762 ms - 13[0m
[0mGET /api/refunds/tasks/next?type=REVIEW_VERIFY&worker_id=review-verifier [32m200[0m 2.027 ms - 13[0m
[0mGET /api/refunds/tasks/next?type=WHATSAPP_BLAST&worker_id=whatsapp-campaign [32m200[0m 0.988 ms - 13[0m
[0mGET /api/refunds/queue [32m200[0m 1.397 ms - 12[0m
[0mGET /api/refunds/tasks/next?type=REVIEW_VERIFY&worker_id=review-verifier [32m200[0m 0.702 ms - 13[0m
[0mGET /api/refunds/tasks/next?type=WHATSAPP_BLAST&worker_id=whatsapp-campaign [32m200[0m 1.087 ms - 13[0m
[0mGET /api/refunds/tasks/next?type=REVIEW_VERIFY&worker_id=review-verifier [32m200[0m 1.260 ms - 13[0m
[0mGET /api/refunds/tasks/next?type=WHATSAPP_BLAST&worker_id=whatsapp-campaign [32m200[0m 0.745 ms - 13[0m
[0mGET /api/refunds/tasks/next?type=REVIEW_VERIFY&worker_id=review-verifier [32m200[0m 1.854 ms - 13[0m
[0mGET /api/refunds/tasks/next?type=WHATSAPP_BLAST&worker_id=whatsapp-campaign [32m200[0m 0.693 ms - 13[0m
[0mGET /api/refunds/queue [32m200[0m 1.320 ms - 12[0m
[0mGET /api/refunds/tasks/next?type=REVIEW_VERIFY&worker_id=review-verifier [32m200[0m 0.694 ms - 13[0m
[0mGET /api/refunds/tasks/next?type=WHATSAPP_BLAST&worker_id=whatsapp-campaign [32m200[0m 0.772 ms - 13[0m
[0mGET /api/refunds/tasks/next?type=REVIEW_VERIFY&worker_id=review-verifier [32m200[0m 2.453 ms - 13[0m
[0mGET /api/refunds/tasks/next?type=WHATSAPP_BLAST&worker_id=whatsapp-campaign [32m200[0m 0.892 ms - 13[0m
[0mGET /api/refunds/tasks/next?type=REVIEW_VERIFY&worker_id=review-verifier [32m200[0m 1.818 ms - 13[0m
[0mGET /api/refunds/tasks/next?type=WHATSAPP_BLAST&worker_id=whatsapp-campaign [32m200[0m 0.783 ms - 13[0m
[0mGET /api/refunds/queue [32m200[0m 1.601 ms - 12[0m
[0mGET /api/refunds/tasks/next?type=REVIEW_VERIFY&worker_id=review-verifier [32m200[0m 1.335 ms - 13[0m
[0mGET /api/refunds/tasks/next?type=WHATSAPP_BLAST&worker_id=whatsapp-campaign [32m200[0m 1.106 ms - 13[0m
[0mGET /api/refunds/tasks/next?type=REVIEW_VERIFY&worker_id=review-verifier [32m200[0m 0.748 ms - 13[0m
[0mGET /api/refunds/tasks/next?type=WHATSAPP_BLAST&worker_id=whatsapp-campaign [32m200[0m 0.789 ms - 13[0m
[0mGET /api/refunds/tasks/next?type=REVIEW_VERIFY&worker_id=review-verifier [32m200[0m 1.729 ms - 13[0m
[0mGET /api/refunds/tasks/next?type=WHATSAPP_BLAST&worker_id=whatsapp-campaign [32m200[0m 1.107 ms - 13[0m
[0mGET /api/refunds/queue [32m200[0m 0.838 ms - 12[0m
[0mGET /api/refunds/tasks/next?type=REVIEW_VERIFY&worker_id=review-verifier [32m200[0m 0.800 ms - 13[0m
[0mGET /api/refunds/tasks/next?type=WHATSAPP_BLAST&worker_id=whatsapp-campaign [32m200[0m 1.105 ms - 13[0m
[0mGET /api/refunds/tasks/next?type=REVIEW_VERIFY&worker_id=review-verifier [32m200[0m 1.592 ms - 13[0m
[0mGET /api/refunds/tasks/next?type=WHATSAPP_BLAST&worker_id=whatsapp-campaign [32m200[0m 0.733 ms - 13[0m
[0mGET /api/refunds/tasks/next?type=REVIEW_VERIFY&worker_id=review-verifier [32m200[0m 1.733 ms - 13[0m
[0mGET /api/refunds/tasks/next?type=WHATSAPP_BLAST&worker_id=whatsapp-campaign [32m200[0m 0.957 ms - 13[0m
[0mGET /api/refunds/queue [32m200[0m 1.237 ms - 12[0m
[0mGET /api/refunds/tasks/next?type=REVIEW_VERIFY&worker_id=review-verifier [32m200[0m 0.844 ms - 13[0m
[0mGET /api/refunds/tasks/next?type=WHATSAPP_BLAST&worker_id=whatsapp-campaign [32m200[0m 0.773 ms - 13[0m
[0mGET /api/refunds/tasks/next?type=REVIEW_VERIFY&worker_id=review-verifier [32m200[0m 0.837 ms - 13[0m
[0mGET /api/refunds/tasks/next?type=WHATSAPP_BLAST&worker_id=whatsapp-campaign [32m200[0m 0.933 ms - 13[0m
[0mGET /api/refunds/tasks/next?type=REVIEW_VERIFY&worker_id=review-verifier [32m200[0m 1.495 ms - 13[0m
[0mGET /api/refunds/tasks/next?type=WHATSAPP_BLAST&worker_id=whatsapp-campaign [32m200[0m 0.703 ms - 13[0m
[0mGET /api/refunds/queue [32m200[0m 1.120 ms - 12[0m
[0mGET /api/refunds/tasks/next?type=REVIEW_VERIFY&worker_id=review-verifier [32m200[0m 0.904 ms - 13[0m
[0mGET /api/refunds/tasks/next?type=WHATSAPP_BLAST&worker_id=whatsapp-campaign [32m200[0m 1.184 ms - 13[0m
[0mGET /api/refunds/tasks/next?type=REVIEW_VERIFY&worker_id=review-verifier [32m200[0m 1.427 ms - 13[0m
[0mGET /api/refunds/tasks/next?type=WHATSAPP_BLAST&worker_id=whatsapp-campaign [32m200[0m 0.700 ms - 13[0m
[0mGET /api/refunds/tasks/next?type=REVIEW_VERIFY&worker_id=review-verifier [32m200[0m 0.926 ms - 13[0m
[0mGET /api/refunds/tasks/next?type=WHATSAPP_BLAST&worker_id=whatsapp-campaign [32m200[0m 0.663 ms - 13[0m
[0mGET /api/refunds/queue [32m200[0m 1.121 ms - 12[0m
[0mGET /api/refunds/tasks/next?type=REVIEW_VERIFY&worker_id=review-verifier [32m200[0m 1.087 ms - 13[0m
[0mGET /api/refunds/tasks/next?type=WHATSAPP_BLAST&worker_id=whatsapp-campaign [32m200[0m 0.813 ms - 13[0m
[0mGET /api/refunds/tasks/next?type=REVIEW_VERIFY&worker_id=review-verifier [32m200[0m 0.783 ms - 13[0m
[0mGET /api/refunds/tasks/next?type=WHATSAPP_BLAST&worker_id=whatsapp-campaign [32m200[0m 1.113 ms - 13[0m
[0mGET /api/refunds/tasks/next?type=REVIEW_VERIFY&worker_id=review-verifier [32m200[0m 1.504 ms - 13[0m
[0mGET /api/refunds/tasks/next?type=WHATSAPP_BLAST&worker_id=whatsapp-campaign [32m200[0m 0.748 ms - 13[0m
[0mGET /api/refunds/queue [32m200[0m 1.234 ms - 12[0m
[0mGET /api/refunds/tasks/next?type=REVIEW_VERIFY&worker_id=review-verifier [32m200[0m 0.779 ms - 13[0m
[0mGET /api/refunds/tasks/next?type=WHATSAPP_BLAST&worker_id=whatsapp-campaign [32m200[0m 0.882 ms - 13[0m
[0mGET /api/refunds/tasks/next?type=REVIEW_VERIFY&worker_id=review-verifier [32m200[0m 0.819 ms - 13[0m
[0mGET /api/refunds/tasks/next?type=WHATSAPP_BLAST&worker_id=whatsapp-campaign [32m200[0m 0.954 ms - 13[0m
[0mGET /api/refunds/tasks/next?type=REVIEW_VERIFY&worker_id=review-verifier [32m200[0m 1.132 ms - 13[0m
[0mGET /api/refunds/tasks/next?type=WHATSAPP_BLAST&worker_id=whatsapp-campaign [32m200[0m 0.715 ms - 13[0m
[0mGET /api/refunds/queue [32m200[0m 1.235 ms - 12[0m
[0mGET /api/refunds/tasks/next?type=REVIEW_VERIFY&worker_id=review-verifier [32m200[0m 0.740 ms - 13[0m
[0mGET /api/refunds/tasks/next?type=WHATSAPP_BLAST&worker_id=whatsapp-campaign [32m200[0m 0.621 ms - 13[0m
[0mGET /api/refunds/tasks/next?type=REVIEW_VERIFY&worker_id=review-verifier [32m200[0m 0.867 ms - 13[0m
[0mGET /api/refunds/tasks/next?type=WHATSAPP_BLAST&worker_id=whatsapp-campaign [32m200[0m 1.076 ms - 13[0m
[0mGET /api/refunds/tasks/next?type=REVIEW_VERIFY&worker_id=review-verifier [32m200[0m 1.001 ms - 13[0m
[0mGET /api/refunds/tasks/next?type=WHATSAPP_BLAST&worker_id=whatsapp-campaign [32m200[0m 1.229 ms - 13[0m
[0mGET /api/refunds/queue [32m200[0m 1.041 ms - 12[0m
[0mGET /api/refunds/tasks/next?type=REVIEW_VERIFY&worker_id=review-verifier [32m200[0m 0.772 ms - 13[0m
[0mGET /api/refunds/tasks/next?type=WHATSAPP_BLAST&worker_id=whatsapp-campaign [32m200[0m 1.058 ms - 13[0m
[0mGET /api/refunds/tasks/next?type=REVIEW_VERIFY&worker_id=review-verifier [32m200[0m 1.584 ms - 13[0m
[0mGET /api/refunds/tasks/next?type=WHATSAPP_BLAST&worker_id=whatsapp-campaign [32m200[0m 0.750 ms - 13[0m
[0mGET /api/refunds/tasks/next?type=REVIEW_VERIFY&worker_id=review-verifier [32m200[0m 1.134 ms - 13[0m
[0mGET /api/refunds/tasks/next?type=WHATSAPP_BLAST&worker_id=whatsapp-campaign [32m200[0m 1.102 ms - 13[0m
[0mGET /api/refunds/queue [32m200[0m 1.437 ms - 12[0m
[0mGET /api/refunds/tasks/next?type=REVIEW_VERIFY&worker_id=review-verifier [32m200[0m 0.842 ms - 13[0m
[0mGET /api/refunds/tasks/next?type=WHATSAPP_BLAST&worker_id=whatsapp-campaign [32m200[0m 3.409 ms - 13[0m
[0mGET /api/refunds/tasks/next?type=REVIEW_VERIFY&worker_id=review-verifier [32m200[0m 0.859 ms - 13[0m
[0mGET /api/refunds/tasks/next?type=WHATSAPP_BLAST&worker_id=whatsapp-campaign [32m200[0m 0.726 ms - 13[0m
[0mGET /api/refunds/tasks/next?type=REVIEW_VERIFY&worker_id=review-verifier [32m200[0m 1.888 ms - 13[0m
[0mGET /api/refunds/tasks/next?type=WHATSAPP_BLAST&worker_id=whatsapp-campaign [32m200[0m 0.781 ms - 13[0m
[0mGET /api/refunds/queue [32m200[0m 1.198 ms - 12[0m
[0mGET /api/refunds/tasks/next?type=REVIEW_VERIFY&worker_id=review-verifier [32m200[0m 0.718 ms - 13[0m
[0mGET /api/refunds/tasks/next?type=WHATSAPP_BLAST&worker_id=whatsapp-campaign [32m200[0m 0.814 ms - 13[0m
[0mGET /api/refunds/tasks/next?type=REVIEW_VERIFY&worker_id=review-verifier [32m200[0m 0.849 ms - 13[0m
[0mGET /api/refunds/tasks/next?type=WHATSAPP_BLAST&worker_id=whatsapp-campaign [32m200[0m 0.642 ms - 13[0m
[0mGET /api/refunds/tasks/next?type=REVIEW_VERIFY&worker_id=review-verifier [32m200[0m 1.007 ms - 13[0m
[0mGET /api/refunds/tasks/next?type=WHATSAPP_BLAST&worker_id=whatsapp-campaign [32m200[0m 0.670 ms - 13[0m
[0mGET /api/refunds/queue [32m200[0m 1.057 ms - 12[0m
[0mGET /api/refunds/tasks/next?type=REVIEW_VERIFY&worker_id=review-verifier [32m200[0m 0.807 ms - 13[0m
[0mGET /api/refunds/tasks/next?type=WHATSAPP_BLAST&worker_id=whatsapp-campaign [32m200[0m 0.800 ms - 13[0m
[0mGET /api/refunds/tasks/next?type=REVIEW_VERIFY&worker_id=review-verifier [32m200[0m 0.744 ms - 13[0m
[0mGET /api/refunds/tasks/next?type=WHATSAPP_BLAST&worker_id=whatsapp-campaign [32m200[0m 0.926 ms - 13[0m
[0mGET /api/refunds/tasks/next?type=REVIEW_VERIFY&worker_id=review-verifier [32m200[0m 1.422 ms - 13[0m
[0mGET /api/refunds/tasks/next?type=WHATSAPP_BLAST&worker_id=whatsapp-campaign [32m200[0m 0.702 ms - 13[0m
[0mGET /api/refunds/queue [32m200[0m 1.969 ms - 12[0m
[0mGET /api/refunds/tasks/next?type=REVIEW_VERIFY&worker_id=review-verifier [32m200[0m 0.809 ms - 13[0m
[0mGET /api/refunds/tasks/next?type=WHATSAPP_BLAST&worker_id=whatsapp-campaign [32m200[0m 1.468 ms - 13[0m
[0mGET /api/refunds/tasks/next?type=REVIEW_VERIFY&worker_id=review-verifier [32m200[0m 2.217 ms - 13[0m
[0mGET /api/refunds/tasks/next?type=WHATSAPP_BLAST&worker_id=whatsapp-campaign [32m200[0m 0.746 ms - 13[0m
[0mGET /api/refunds/tasks/next?type=REVIEW_VERIFY&worker_id=review-verifier [32m200[0m 1.018 ms - 13[0m
[0mGET /api/refunds/tasks/next?type=WHATSAPP_BLAST&worker_id=whatsapp-campaign [32m200[0m 0.916 ms - 13[0m
[0mGET /api/refunds/queue [32m200[0m 8.612 ms - 12[0m
[0mGET /api/refunds/tasks/next?type=REVIEW_VERIFY&worker_id=review-verifier [32m200[0m 0.867 ms - 13[0m
[0mGET /api/refunds/tasks/next?type=WHATSAPP_BLAST&worker_id=whatsapp-campaign [32m200[0m 0.868 ms - 13[0m
[0mGET /api/refunds/tasks/next?type=REVIEW_VERIFY&worker_id=review-verifier [32m200[0m 0.721 ms - 13[0m
[0mGET /api/refunds/tasks/next?type=WHATSAPP_BLAST&worker_id=whatsapp-campaign [32m200[0m 0.675 ms - 13[0m
[0mGET /api/refunds/tasks/next?type=REVIEW_VERIFY&worker_id=review-verifier [32m200[0m 1.087 ms - 13[0m
[0mGET /api/refunds/tasks/next?type=WHATSAPP_BLAST&worker_id=whatsapp-campaign [32m200[0m 1.541 ms - 13[0m
[0mGET /api/refunds/queue [32m200[0m 1.211 ms - 12[0m
[0mGET /api/refunds/tasks/next?type=REVIEW_VERIFY&worker_id=review-verifier [32m200[0m 0.714 ms - 13[0m
[0mGET /api/refunds/tasks/next?type=WHATSAPP_BLAST&worker_id=whatsapp-campaign [32m200[0m 0.850 ms - 13[0m
[0mGET /api/refunds/tasks/next?type=REVIEW_VERIFY&worker_id=review-verifier [32m200[0m 0.752 ms - 13[0m
[0mGET /api/refunds/tasks/next?type=WHATSAPP_BLAST&worker_id=whatsapp-campaign [32m200[0m 0.807 ms - 13[0m
[0mGET /api/refunds/tasks/next?type=REVIEW_VERIFY&worker_id=review-verifier [32m200[0m 1.518 ms - 13[0m
[0mGET /api/refunds/tasks/next?type=WHATSAPP_BLAST&worker_id=whatsapp-campaign [32m200[0m 0.960 ms - 13[0m
[0mGET /api/refunds/queue [32m200[0m 1.125 ms - 12[0m
[0mGET /api/refunds/tasks/next?type=REVIEW_VERIFY&worker_id=review-verifier [32m200[0m 0.839 ms - 13[0m
[0mGET /api/refunds/tasks/next?type=WHATSAPP_BLAST&worker_id=whatsapp-campaign [32m200[0m 0.725 ms - 13[0m
[0mGET /api/refunds/tasks/next?type=REVIEW_VERIFY&worker_id=review-verifier [32m200[0m 0.781 ms - 13[0m
[0mGET /api/refunds/tasks/next?type=WHATSAPP_BLAST&worker_id=whatsapp-campaign [32m200[0m 0.809 ms - 13[0m
[0mGET /api/refunds/tasks/next?type=REVIEW_VERIFY&worker_id=review-verifier [32m200[0m 2.367 ms - 13[0m
[0mGET /api/refunds/tasks/next?type=WHATSAPP_BLAST&worker_id=whatsapp-campaign [32m200[0m 0.786 ms - 13[0m
[0mGET /api/refunds/queue [32m200[0m 1.449 ms - 12[0m
[0mGET /api/refunds/tasks/next?type=REVIEW_VERIFY&worker_id=review-verifier [32m200[0m 1.245 ms - 13[0m
[0mGET /api/refunds/tasks/next?type=WHATSAPP_BLAST&worker_id=whatsapp-campaign [32m200[0m 0.779 ms - 13[0m
[0mGET /api/refunds/tasks/next?type=REVIEW_VERIFY&worker_id=review-verifier [32m200[0m 1.080 ms - 13[0m
[0mGET /api/refunds/tasks/next?type=WHATSAPP_BLAST&worker_id=whatsapp-campaign [32m200[0m 0.699 ms - 13[0m
[0mGET /api/refunds/tasks/next?type=REVIEW_VERIFY&worker_id=review-verifier [32m200[0m 1.376 ms - 13[0m
[0mGET /api/refunds/tasks/next?type=WHATSAPP_BLAST&worker_id=whatsapp-campaign [32m200[0m 1.022 ms - 13[0m
[0mGET /api/refunds/queue [32m200[0m 1.478 ms - 12[0m
[0mGET /api/refunds/tasks/next?type=REVIEW_VERIFY&worker_id=review-verifier [32m200[0m 1.435 ms - 13[0m
[0mGET /api/refunds/tasks/next?type=WHATSAPP_BLAST&worker_id=whatsapp-campaign [32m200[0m 1.169 ms - 13[0m
[0mGET /api/refunds/tasks/next?type=REVIEW_VERIFY&worker_id=review-verifier [32m200[0m 0.760 ms - 13[0m
[0mGET /api/refunds/tasks/next?type=WHATSAPP_BLAST&worker_id=whatsapp-campaign [32m200[0m 0.698 ms - 13[0m
[0mGET /api/refunds/tasks/next?type=REVIEW_VERIFY&worker_id=review-verifier [32m200[0m 1.489 ms - 13[0m
[0mGET /api/refunds/tasks/next?type=WHATSAPP_BLAST&worker_id=whatsapp-campaign [32m200[0m 1.015 ms - 13[0m
[0mGET /api/refunds/queue [32m200[0m 1.108 ms - 12[0m
[0mGET /api/refunds/tasks/next?type=REVIEW_VERIFY&worker_id=review-verifier [32m200[0m 0.857 ms - 13[0m
[0mGET /api/refunds/tasks/next?type=WHATSAPP_BLAST&worker_id=whatsapp-campaign [32m200[0m 0.774 ms - 13[0m
[0mGET /api/refunds/tasks/next?type=REVIEW_VERIFY&worker_id=review-verifier [32m200[0m 1.811 ms - 13[0m
[0mGET /api/refunds/tasks/next?type=WHATSAPP_BLAST&worker_id=whatsapp-campaign [32m200[0m 0.835 ms - 13[0m
[0mGET /api/refunds/tasks/next?type=REVIEW_VERIFY&worker_id=review-verifier [32m200[0m 1.718 ms - 13[0m
[0mGET /api/refunds/tasks/next?type=WHATSAPP_BLAST&worker_id=whatsapp-campaign [32m200[0m 0.782 ms - 13[0m
[0mGET /api/refunds/queue [32m200[0m 1.702 ms - 12[0m
[0mGET /api/refunds/tasks/next?type=REVIEW_VERIFY&worker_id=review-verifier [32m200[0m 1.042 ms - 13[0m
[0mGET /api/refunds/tasks/next?type=WHATSAPP_BLAST&worker_id=whatsapp-campaign [32m200[0m 0.820 ms - 13[0m
[0mGET /api/refunds/tasks/next?type=REVIEW_VERIFY&worker_id=review-verifier [32m200[0m 0.862 ms - 13[0m
[0mGET /api/refunds/tasks/next?type=WHATSAPP_BLAST&worker_id=whatsapp-campaign [32m200[0m 0.768 ms - 13[0m
[0mGET /api/refunds/tasks/next?type=REVIEW_VERIFY&worker_id=review-verifier [32m200[0m 0.975 ms - 13[0m
[0mGET /api/refunds/tasks/next?type=WHATSAPP_BLAST&worker_id=whatsapp-campaign [32m200[0m 0.832 ms - 13[0m
[0mGET /api/refunds/queue [32m200[0m 2.859 ms - 12[0m
[0mGET /api/refunds/tasks/next?type=REVIEW_VERIFY&worker_id=review-verifier [32m200[0m 1.648 ms - 13[0m
[0mGET /api/refunds/tasks/next?type=WHATSAPP_BLAST&worker_id=whatsapp-campaign [32m200[0m 0.698 ms - 13[0m
[0mGET /api/refunds/tasks/next?type=REVIEW_VERIFY&worker_id=review-verifier [32m200[0m 1.720 ms - 13[0m
[0mGET /api/refunds/tasks/next?type=WHATSAPP_BLAST&worker_id=whatsapp-campaign [32m200[0m 0.672 ms - 13[0m
[0mGET /api/refunds/tasks/next?type=REVIEW_VERIFY&worker_id=review-verifier [32m200[0m 1.104 ms - 13[0m
[0mGET /api/refunds/tasks/next?type=WHATSAPP_BLAST&worker_id=whatsapp-campaign [32m200[0m 1.570 ms - 13[0m
[0mGET /api/refunds/queue [32m200[0m 1.484 ms - 12[0m
[0mGET /api/refunds/tasks/next?type=REVIEW_VERIFY&worker_id=review-verifier [32m200[0m 0.979 ms - 13[0m
[0mGET /api/refunds/tasks/next?type=WHATSAPP_BLAST&worker_id=whatsapp-campaign [32m200[0m 0.949 ms - 13[0m
[0mGET /api/refunds/tasks/next?type=REVIEW_VERIFY&worker_id=review-verifier [32m200[0m 0.859 ms - 13[0m
[0mGET /api/refunds/tasks/next?type=WHATSAPP_BLAST&worker_id=whatsapp-campaign [32m200[0m 0.756 ms - 13[0m
[0mGET /api/refunds/tasks/next?type=REVIEW_VERIFY&worker_id=review-verifier [32m200[0m 1.053 ms - 13[0m
[0mGET /api/refunds/tasks/next?type=WHATSAPP_BLAST&worker_id=whatsapp-campaign [32m200[0m 0.683 ms - 13[0m
[0mGET /api/refunds/queue [32m200[0m 0.885 ms - 12[0m
[0mGET /api/refunds/tasks/next?type=REVIEW_VERIFY&worker_id=review-verifier [32m200[0m 1.135 ms - 13[0m
[0mGET /api/refunds/tasks/next?type=WHATSAPP_BLAST&worker_id=whatsapp-campaign [32m200[0m 0.903 ms - 13[0m
[0mGET /api/refunds/tasks/next?type=REVIEW_VERIFY&worker_id=review-verifier [32m200[0m 2.102 ms - 13[0m
[0mGET /api/refunds/tasks/next?type=WHATSAPP_BLAST&worker_id=whatsapp-campaign [32m200[0m 0.763 ms - 13[0m
[0mGET /api/refunds/tasks/next?type=REVIEW_VERIFY&worker_id=review-verifier [32m200[0m 1.142 ms - 13[0m
[0mGET /api/refunds/tasks/next?type=WHATSAPP_BLAST&worker_id=whatsapp-campaign [32m200[0m 0.783 ms - 13[0m
[0mGET /api/refunds/queue [32m200[0m 2.017 ms - 12[0m
[0mGET /api/refunds/tasks/next?type=REVIEW_VERIFY&worker_id=review-verifier [32m200[0m 0.780 ms - 13[0m
[0mGET /api/refunds/tasks/next?type=WHATSAPP_BLAST&worker_id=whatsapp-campaign [32m200[0m 0.939 ms - 13[0m
[0mGET /api/refunds/tasks/next?type=REVIEW_VERIFY&worker_id=review-verifier [32m200[0m 0.813 ms - 13[0m
[0mGET /api/refunds/tasks/next?type=WHATSAPP_BLAST&worker_id=whatsapp-campaign [32m200[0m 1.542 ms - 13[0m
[0mGET /api/refunds/tasks/next?type=REVIEW_VERIFY&worker_id=review-verifier [32m200[0m 0.790 ms - 13[0m
[0mGET /api/refunds/tasks/next?type=WHATSAPP_BLAST&worker_id=whatsapp-campaign [32m200[0m 0.753 ms - 13[0m
[0mGET /api/refunds/queue [32m200[0m 1.490 ms - 12[0m
[0mGET /api/refunds/tasks/next?type=REVIEW_VERIFY&worker_id=review-verifier [32m200[0m 1.513 ms - 13[0m
[0mGET /api/refunds/tasks/next?type=WHATSAPP_BLAST&worker_id=whatsapp-campaign [32m200[0m 0.684 ms - 13[0m
[0mGET /api/refunds/tasks/next?type=REVIEW_VERIFY&worker_id=review-verifier [32m200[0m 1.694 ms - 13[0m
[0mGET /api/refunds/tasks/next?type=WHATSAPP_BLAST&worker_id=whatsapp-campaign [32m200[0m 0.954 ms - 13[0m
[0mGET /api/refunds/tasks/next?type=REVIEW_VERIFY&worker_id=review-verifier [32m200[0m 1.239 ms - 13[0m
[0mGET /api/refunds/tasks/next?type=WHATSAPP_BLAST&worker_id=whatsapp-campaign [32m200[0m 0.739 ms - 13[0m
[0mGET /api/refunds/queue [32m200[0m 1.334 ms - 12[0m
[0mGET /api/refunds/tasks/next?type=REVIEW_VERIFY&worker_id=review-verifier [32m200[0m 0.696 ms - 13[0m
[0mGET /api/refunds/tasks/next?type=WHATSAPP_BLAST&worker_id=whatsapp-campaign [32m200[0m 2.849 ms - 13[0m
[0mGET /api/refunds/tasks/next?type=REVIEW_VERIFY&worker_id=review-verifier [32m200[0m 0.723 ms - 13[0m
[0mGET /api/refunds/tasks/next?type=WHATSAPP_BLAST&worker_id=whatsapp-campaign [32m200[0m 1.132 ms - 13[0m
[0mGET /api/refunds/tasks/next?type=REVIEW_VERIFY&worker_id=review-verifier [32m200[0m 1.972 ms - 13[0m
[0mGET /api/refunds/tasks/next?type=WHATSAPP_BLAST&worker_id=whatsapp-campaign [32m200[0m 0.679 ms - 13[0m
[0mGET /api/refunds/queue [32m200[0m 1.371 ms - 12[0m
[0mGET /api/refunds/tasks/next?type=REVIEW_VERIFY&worker_id=review-verifier [32m200[0m 0.673 ms - 13[0m
[0mGET /api/refunds/tasks/next?type=WHATSAPP_BLAST&worker_id=whatsapp-campaign [32m200[0m 1.133 ms - 13[0m
[0mGET /api/refunds/tasks/next?type=REVIEW_VERIFY&worker_id=review-verifier [32m200[0m 1.278 ms - 13[0m
[0mGET /api/refunds/tasks/next?type=WHATSAPP_BLAST&worker_id=whatsapp-campaign [32m200[0m 0.922 ms - 13[0m
[0mGET /api/refunds/tasks/next?type=REVIEW_VERIFY&worker_id=review-verifier [32m200[0m 0.812 ms - 13[0m
[0mGET /api/refunds/tasks/next?type=WHATSAPP_BLAST&worker_id=whatsapp-campaign [32m200[0m 0.959 ms - 13[0m
[0mGET /api/refunds/queue [32m200[0m 1.472 ms - 12[0m
[0mGET /api/refunds/tasks/next?type=REVIEW_VERIFY&worker_id=review-verifier [32m200[0m 1.593 ms - 13[0m
[0mGET /api/refunds/tasks/next?type=WHATSAPP_BLAST&worker_id=whatsapp-campaign [32m200[0m 0.993 ms - 13[0m
[0mGET /api/refunds/tasks/next?type=REVIEW_VERIFY&worker_id=review-verifier [32m200[0m 0.852 ms - 13[0m
[0mGET /api/refunds/tasks/next?type=WHATSAPP_BLAST&worker_id=whatsapp-campaign [32m200[0m 0.864 ms - 13[0m
[0mGET /api/refunds/tasks/next?type=REVIEW_VERIFY&worker_id=review-verifier [32m200[0m 2.018 ms - 13[0m
[0mGET /api/refunds/tasks/next?type=WHATSAPP_BLAST&worker_id=whatsapp-campaign [32m200[0m 1.357 ms - 13[0m
[0mGET /api/refunds/queue [32m200[0m 1.377 ms - 12[0m
[0mGET /api/refunds/tasks/next?type=REVIEW_VERIFY&worker_id=review-verifier [32m200[0m 0.829 ms - 13[0m
[0mGET /api/refunds/tasks/next?type=WHATSAPP_BLAST&worker_id=whatsapp-campaign [32m200[0m 0.778 ms - 13[0m
[0mGET /api/refunds/tasks/next?type=REVIEW_VERIFY&worker_id=review-verifier [32m200[0m 1.756 ms - 13[0m
[0mGET /api/refunds/tasks/next?type=WHATSAPP_BLAST&worker_id=whatsapp-campaign [32m200[0m 0.835 ms - 13[0m
[0mGET /api/refunds/tasks/next?type=REVIEW_VERIFY&worker_id=review-verifier [32m200[0m 2.119 ms - 13[0m
[0mGET /api/refunds/tasks/next?type=WHATSAPP_BLAST&worker_id=whatsapp-campaign [32m200[0m 0.678 ms - 13[0m
[0mGET /api/refunds/queue [32m200[0m 1.936 ms - 12[0m
[0mGET /api/refunds/tasks/next?type=REVIEW_VERIFY&worker_id=review-verifier [32m200[0m 0.930 ms - 13[0m
[0mGET /api/refunds/tasks/next?type=WHATSAPP_BLAST&worker_id=whatsapp-campaign [32m200[0m 0.655 ms - 13[0m
[0mGET /api/refunds/tasks/next?type=REVIEW_VERIFY&worker_id=review-verifier [32m200[0m 0.669 ms - 13[0m
[0mGET /api/refunds/tasks/next?type=WHATSAPP_BLAST&worker_id=whatsapp-campaign [32m200[0m 0.621 ms - 13[0m
[0mGET /api/refunds/tasks/next?type=REVIEW_VERIFY&worker_id=review-verifier [32m200[0m 1.145 ms - 13[0m
[0mGET /api/refunds/tasks/next?type=WHATSAPP_BLAST&worker_id=whatsapp-campaign [32m200[0m 0.761 ms - 13[0m
[0mGET /api/refunds/queue [32m200[0m 1.027 ms - 12[0m
[0mGET /api/refunds/tasks/next?type=REVIEW_VERIFY&worker_id=review-verifier [32m200[0m 0.804 ms - 13[0m
[0mGET /api/refunds/tasks/next?type=WHATSAPP_BLAST&worker_id=whatsapp-campaign [32m200[0m 0.865 ms - 13[0m
[0mGET /api/refunds/tasks/next?type=REVIEW_VERIFY&worker_id=review-verifier [32m200[0m 1.862 ms - 13[0m
[0mGET /api/refunds/tasks/next?type=WHATSAPP_BLAST&worker_id=whatsapp-campaign [32m200[0m 0.798 ms - 13[0m
[0mGET /api/refunds/tasks/next?type=REVIEW_VERIFY&worker_id=review-verifier [32m200[0m 1.932 ms - 13[0m
[0mGET /api/refunds/tasks/next?type=WHATSAPP_BLAST&worker_id=whatsapp-campaign [32m200[0m 1.231 ms - 13[0m
[0mGET /api/refunds/queue [32m200[0m 1.830 ms - 12[0m
[0mGET /api/refunds/tasks/next?type=REVIEW_VERIFY&worker_id=review-verifier [32m200[0m 1.548 ms - 13[0m
[0mGET /api/refunds/tasks/next?type=WHATSAPP_BLAST&worker_id=whatsapp-campaign [32m200[0m 3.713 ms - 13[0m
[0mGET /api/refunds/tasks/next?type=REVIEW_VERIFY&worker_id=review-verifier [32m200[0m 0.715 ms - 13[0m
[0mGET /api/refunds/tasks/next?type=WHATSAPP_BLAST&worker_id=whatsapp-campaign [32m200[0m 1.753 ms - 13[0m
[0mGET /api/refunds/tasks/next?type=REVIEW_VERIFY&worker_id=review-verifier [32m200[0m 2.304 ms - 13[0m
[0mGET /api/refunds/tasks/next?type=WHATSAPP_BLAST&worker_id=whatsapp-campaign [32m200[0m 0.838 ms - 13[0m
[0mGET /api/refunds/queue [32m200[0m 1.902 ms - 12[0m
[0mGET /api/refunds/tasks/next?type=REVIEW_VERIFY&worker_id=review-verifier [32m200[0m 0.827 ms - 13[0m
[0mGET /api/refunds/tasks/next?type=WHATSAPP_BLAST&worker_id=whatsapp-campaign [32m200[0m 0.860 ms - 13[0m
[0mGET /api/refunds/tasks/next?type=REVIEW_VERIFY&worker_id=review-verifier [32m200[0m 1.756 ms - 13[0m
[0mGET /api/refunds/tasks/next?type=WHATSAPP_BLAST&worker_id=whatsapp-campaign [32m200[0m 0.662 ms - 13[0m
[0mGET /api/refunds/tasks/next?type=REVIEW_VERIFY&worker_id=review-verifier [32m200[0m 2.162 ms - 13[0m
[0mGET /api/refunds/tasks/next?type=WHATSAPP_BLAST&worker_id=whatsapp-campaign [32m200[0m 1.145 ms - 13[0m
[0mGET /api/refunds/queue [32m200[0m 1.035 ms - 12[0m
[0mGET /api/refunds/tasks/next?type=REVIEW_VERIFY&worker_id=review-verifier [32m200[0m 0.840 ms - 13[0m
[0mGET /api/refunds/tasks/next?type=WHATSAPP_BLAST&worker_id=whatsapp-campaign [32m200[0m 1.119 ms - 13[0m
[0mGET /api/refunds/tasks/next?type=REVIEW_VERIFY&worker_id=review-verifier [32m200[0m 0.655 ms - 13[0m
[0mGET /api/refunds/tasks/next?type=WHATSAPP_BLAST&worker_id=whatsapp-campaign [32m200[0m 0.826 ms - 13[0m
[0mGET /api/refunds/tasks/next?type=REVIEW_VERIFY&worker_id=review-verifier [32m200[0m 1.744 ms - 13[0m
[0mGET /api/refunds/tasks/next?type=WHATSAPP_BLAST&worker_id=whatsapp-campaign [32m200[0m 0.701 ms - 13[0m
[0mGET /api/refunds/queue [32m200[0m 1.335 ms - 12[0m
[0mGET /api/refunds/tasks/next?type=REVIEW_VERIFY&worker_id=review-verifier [32m200[0m 0.920 ms - 13[0m
[0mGET /api/refunds/tasks/next?type=WHATSAPP_BLAST&worker_id=whatsapp-campaign [32m200[0m 1.355 ms - 13[0m
[0mGET /api/refunds/tasks/next?type=REVIEW_VERIFY&worker_id=review-verifier [32m200[0m 1.493 ms - 13[0m
[0mGET /api/refunds/tasks/next?type=WHATSAPP_BLAST&worker_id=whatsapp-campaign [32m200[0m 0.701 ms - 13[0m
[0mGET /api/refunds/tasks/next?type=REVIEW_VERIFY&worker_id=review-verifier [32m200[0m 1.168 ms - 13[0m
[0mGET /api/refunds/tasks/next?type=WHATSAPP_BLAST&worker_id=whatsapp-campaign [32m200[0m 0.855 ms - 13[0m
[0mGET /api/refunds/queue [32m200[0m 1.122 ms - 12[0m
[0mGET /api/refunds/tasks/next?type=REVIEW_VERIFY&worker_id=review-verifier [32m200[0m 0.947 ms - 13[0m
[0mGET /api/refunds/tasks/next?type=WHATSAPP_BLAST&worker_id=whatsapp-campaign [32m200[0m 1.161 ms - 13[0m
[0mGET /api/refunds/tasks/next?type=REVIEW_VERIFY&worker_id=review-verifier [32m200[0m 0.928 ms - 13[0m
[0mGET /api/refunds/tasks/next?type=WHATSAPP_BLAST&worker_id=whatsapp-campaign [32m200[0m 0.690 ms - 13[0m
[0mGET /api/refunds/tasks/next?type=REVIEW_VERIFY&worker_id=review-verifier [32m200[0m 1.357 ms - 13[0m
[0mGET /api/refunds/tasks/next?type=WHATSAPP_BLAST&worker_id=whatsapp-campaign [32m200[0m 0.737 ms - 13[0m
[0mGET /api/refunds/queue [32m200[0m 1.036 ms - 12[0m
[0mGET /api/refunds/tasks/next?type=REVIEW_VERIFY&worker_id=review-verifier [32m200[0m 2.004 ms - 13[0m
[0mGET /api/refunds/tasks/next?type=WHATSAPP_BLAST&worker_id=whatsapp-campaign [32m200[0m 0.906 ms - 13[0m
[0mGET /api/refunds/tasks/next?type=REVIEW_VERIFY&worker_id=review-verifier [32m200[0m 1.134 ms - 13[0m
[0mGET /api/refunds/tasks/next?type=WHATSAPP_BLAST&worker_id=whatsapp-campaign [32m200[0m 0.780 ms - 13[0m
[0mGET /api/refunds/tasks/next?type=REVIEW_VERIFY&worker_id=review-verifier [32m200[0m 2.701 ms - 13[0m
[0mGET /api/refunds/tasks/next?type=WHATSAPP_BLAST&worker_id=whatsapp-campaign [32m200[0m 0.898 ms - 13[0m
[0mGET /api/refunds/queue [32m200[0m 1.371 ms - 12[0m
[0mGET /api/refunds/tasks/next?type=REVIEW_VERIFY&worker_id=review-verifier [32m200[0m 0.791 ms - 13[0m
[0mGET /api/refunds/tasks/next?type=WHATSAPP_BLAST&worker_id=whatsapp-campaign [32m200[0m 0.964 ms - 13[0m
[0mGET /api/refunds/tasks/next?type=REVIEW_VERIFY&worker_id=review-verifier [32m200[0m 0.717 ms - 13[0m
[0mGET /api/refunds/tasks/next?type=WHATSAPP_BLAST&worker_id=whatsapp-campaign [32m200[0m 0.743 ms - 13[0m
[0mGET /api/refunds/tasks/next?type=REVIEW_VERIFY&worker_id=review-verifier [32m200[0m 1.429 ms - 13[0m
[0mGET /api/refunds/tasks/next?type=WHATSAPP_BLAST&worker_id=whatsapp-campaign [32m200[0m 0.678 ms - 13[0m
[0mGET /api/refunds/queue [32m200[0m 1.273 ms - 12[0m
[0mGET /api/refunds/tasks/next?type=REVIEW_VERIFY&worker_id=review-verifier [32m200[0m 1.085 ms - 13[0m
[0mGET /api/refunds/tasks/next?type=WHATSAPP_BLAST&worker_id=whatsapp-campaign [32m200[0m 0.754 ms - 13[0m
[0mGET /api/refunds/tasks/next?type=REVIEW_VERIFY&worker_id=review-verifier [32m200[0m 2.042 ms - 13[0m
[0mGET /api/refunds/tasks/next?type=WHATSAPP_BLAST&worker_id=whatsapp-campaign [32m200[0m 0.787 ms - 13[0m
[0mGET /api/refunds/tasks/next?type=REVIEW_VERIFY&worker_id=review-verifier [32m200[0m 2.499 ms - 13[0m
[0mGET /api/refunds/tasks/next?type=WHATSAPP_BLAST&worker_id=whatsapp-campaign [32m200[0m 1.364 ms - 13[0m
[0mGET /api/refunds/queue [32m200[0m 0.948 ms - 12[0m
[0mGET /api/refunds/tasks/next?type=REVIEW_VERIFY&worker_id=review-verifier [32m200[0m 0.918 ms - 13[0m
[0mGET /api/refunds/tasks/next?type=WHATSAPP_BLAST&worker_id=whatsapp-campaign [32m200[0m 1.645 ms - 13[0m
[0mGET /api/refunds/tasks/next?type=REVIEW_VERIFY&worker_id=review-verifier [32m200[0m 1.090 ms - 13[0m
[0mGET /api/refunds/tasks/next?type=WHATSAPP_BLAST&worker_id=whatsapp-campaign [32m200[0m 1.576 ms - 13[0m
[0mGET /api/refunds/tasks/next?type=REVIEW_VERIFY&worker_id=review-verifier [32m200[0m 1.679 ms - 13[0m
[0mGET /api/refunds/tasks/next?type=WHATSAPP_BLAST&worker_id=whatsapp-campaign [32m200[0m 0.722 ms - 13[0m
[0mGET /api/refunds/queue [32m200[0m 1.552 ms - 12[0m
[0mGET /api/refunds/tasks/next?type=REVIEW_VERIFY&worker_id=review-verifier [32m200[0m 0.680 ms - 13[0m
[0mGET /api/refunds/tasks/next?type=WHATSAPP_BLAST&worker_id=whatsapp-campaign [32m200[0m 0.728 ms - 13[0m
[0mGET /api/refunds/tasks/next?type=REVIEW_VERIFY&worker_id=review-verifier [32m200[0m 2.466 ms - 13[0m
[0mGET /api/refunds/tasks/next?type=WHATSAPP_BLAST&worker_id=whatsapp-campaign [32m200[0m 2.560 ms - 13[0m
[0mGET /api/refunds/tasks/next?type=REVIEW_VERIFY&worker_id=review-verifier [32m200[0m 1.719 ms - 13[0m
[0mGET /api/refunds/tasks/next?type=WHATSAPP_BLAST&worker_id=whatsapp-campaign [32m200[0m 0.709 ms - 13[0m
[0mGET /api/refunds/queue [32m200[0m 1.287 ms - 12[0m
[0mGET /api/refunds/tasks/next?type=REVIEW_VERIFY&worker_id=review-verifier [32m200[0m 1.133 ms - 13[0m
[0mGET /api/refunds/tasks/next?type=WHATSAPP_BLAST&worker_id=whatsapp-campaign [32m200[0m 0.764 ms - 13[0m
[0mGET /api/refunds/tasks/next?type=REVIEW_VERIFY&worker_id=review-verifier [32m200[0m 0.757 ms - 13[0m
[0mGET /api/refunds/tasks/next?type=WHATSAPP_BLAST&worker_id=whatsapp-campaign [32m200[0m 1.169 ms - 13[0m
[0mGET /api/refunds/tasks/next?type=REVIEW_VERIFY&worker_id=review-verifier [32m200[0m 1.097 ms - 13[0m
[0mGET /api/refunds/tasks/next?type=WHATSAPP_BLAST&worker_id=whatsapp-campaign [32m200[0m 1.291 ms - 13[0m
[0mGET /api/refunds/queue [32m200[0m 1.440 ms - 12[0m
[0mGET /api/refunds/tasks/next?type=REVIEW_VERIFY&worker_id=review-verifier [32m200[0m 0.717 ms - 13[0m
[0mGET /api/refunds/tasks/next?type=WHATSAPP_BLAST&worker_id=whatsapp-campaign [32m200[0m 0.679 ms - 13[0m
[0mGET /api/refunds/tasks/next?type=REVIEW_VERIFY&worker_id=review-verifier [32m200[0m 1.782 ms - 13[0m
[0mGET /api/refunds/tasks/next?type=WHATSAPP_BLAST&worker_id=whatsapp-campaign [32m200[0m 0.841 ms - 13[0m
[0mGET /api/refunds/tasks/next?type=REVIEW_VERIFY&worker_id=review-verifier [32m200[0m 2.477 ms - 13[0m
[0mGET /api/refunds/tasks/next?type=WHATSAPP_BLAST&worker_id=whatsapp-campaign [32m200[0m 1.654 ms - 13[0m
[0mGET /api/refunds/queue [32m200[0m 1.374 ms - 12[0m
[0mGET /api/refunds/tasks/next?type=REVIEW_VERIFY&worker_id=review-verifier [32m200[0m 1.024 ms - 13[0m
[0mGET /api/refunds/tasks/next?type=WHATSAPP_BLAST&worker_id=whatsapp-campaign [32m200[0m 0.643 ms - 13[0m
[0mGET /api/refunds/tasks/next?type=REVIEW_VERIFY&worker_id=review-verifier [32m200[0m 0.915 ms - 13[0m
[0mGET /api/refunds/tasks/next?type=WHATSAPP_BLAST&worker_id=whatsapp-campaign [32m200[0m 1.034 ms - 13[0m
[0mGET /api/refunds/tasks/next?type=REVIEW_VERIFY&worker_id=review-verifier [32m200[0m 1.069 ms - 13[0m
[0mGET /api/refunds/tasks/next?type=WHATSAPP_BLAST&worker_id=whatsapp-campaign [32m200[0m 1.252 ms - 13[0m
[0mGET /api/refunds/queue [32m200[0m 1.096 ms - 12[0m
[0mGET /api/refunds/tasks/next?type=REVIEW_VERIFY&worker_id=review-verifier [32m200[0m 1.122 ms - 13[0m
[0mGET /api/refunds/tasks/next?type=WHATSAPP_BLAST&worker_id=whatsapp-campaign [32m200[0m 0.677 ms - 13[0m
[0mGET /api/refunds/tasks/next?type=REVIEW_VERIFY&worker_id=review-verifier [32m200[0m 1.220 ms - 13[0m
[0mGET /api/refunds/tasks/next?type=WHATSAPP_BLAST&worker_id=whatsapp-campaign [32m200[0m 0.733 ms - 13[0m
[0mGET /api/refunds/tasks/next?type=REVIEW_VERIFY&worker_id=review-verifier [32m200[0m 1.075 ms - 13[0m
[0mGET /api/refunds/tasks/next?type=WHATSAPP_BLAST&worker_id=whatsapp-campaign [32m200[0m 0.633 ms - 13[0m
[0mGET /api/refunds/queue [32m200[0m 1.383 ms - 12[0m
[0mGET /api/refunds/tasks/next?type=REVIEW_VERIFY&worker_id=review-verifier [32m200[0m 0.764 ms - 13[0m
[0mGET /api/refunds/tasks/next?type=WHATSAPP_BLAST&worker_id=whatsapp-campaign [32m200[0m 0.777 ms - 13[0m
[0mGET /api/refunds/tasks/next?type=REVIEW_VERIFY&worker_id=review-verifier [32m200[0m 0.694 ms - 13[0m
[0mGET /api/refunds/tasks/next?type=WHATSAPP_BLAST&worker_id=whatsapp-campaign [32m200[0m 0.699 ms - 13[0m
[0mGET /api/refunds/tasks/next?type=REVIEW_VERIFY&worker_id=review-verifier [32m200[0m 1.539 ms - 13[0m
[0mGET /api/refunds/tasks/next?type=WHATSAPP_BLAST&worker_id=whatsapp-campaign [32m200[0m 0.653 ms - 13[0m
[0mGET /api/refunds/queue [32m200[0m 1.140 ms - 12[0m
[0mGET /api/refunds/tasks/next?type=REVIEW_VERIFY&worker_id=review-verifier [32m200[0m 0.818 ms - 13[0m
[0mGET /api/refunds/tasks/next?type=WHATSAPP_BLAST&worker_id=whatsapp-campaign [32m200[0m 0.822 ms - 13[0m
[0mGET /api/refunds/tasks/next?type=REVIEW_VERIFY&worker_id=review-verifier [32m200[0m 1.169 ms - 13[0m
[0mGET /api/refunds/tasks/next?type=WHATSAPP_BLAST&worker_id=whatsapp-campaign [32m200[0m 0.849 ms - 13[0m
[0mGET /api/refunds/tasks/next?type=REVIEW_VERIFY&worker_id=review-verifier [32m200[0m 1.738 ms - 13[0m
[0mGET /api/refunds/tasks/next?type=WHATSAPP_BLAST&worker_id=whatsapp-campaign [32m200[0m 1.264 ms - 13[0m
[0mGET /api/refunds/queue [32m200[0m 1.118 ms - 12[0m
[0mGET /api/refunds/tasks/next?type=REVIEW_VERIFY&worker_id=review-verifier [32m200[0m 1.334 ms - 13[0m
[0mGET /api/refunds/tasks/next?type=WHATSAPP_BLAST&worker_id=whatsapp-campaign [32m200[0m 0.800 ms - 13[0m
[0mGET /api/refunds/tasks/next?type=REVIEW_VERIFY&worker_id=review-verifier [32m200[0m 0.949 ms - 13[0m
[0mGET /api/refunds/tasks/next?type=WHATSAPP_BLAST&worker_id=whatsapp-campaign [32m200[0m 0.845 ms - 13[0m
[0mGET /api/refunds/tasks/next?type=REVIEW_VERIFY&worker_id=review-verifier [32m200[0m 1.749 ms - 13[0m
[0mGET /api/refunds/tasks/next?type=WHATSAPP_BLAST&worker_id=whatsapp-campaign [32m200[0m 1.028 ms - 13[0m
[0mGET /api/refunds/queue [32m200[0m 2.437 ms - 12[0m
[0mGET /api/refunds/tasks/next?type=REVIEW_VERIFY&worker_id=review-verifier [32m200[0m 0.890 ms - 13[0m
[0mGET /api/refunds/tasks/next?type=WHATSAPP_BLAST&worker_id=whatsapp-campaign [32m200[0m 0.837 ms - 13[0m
[0mGET /api/refunds/tasks/next?type=REVIEW_VERIFY&worker_id=review-verifier [32m200[0m 0.732 ms - 13[0m
[0mGET /api/refunds/tasks/next?type=WHATSAPP_BLAST&worker_id=whatsapp-campaign [32m200[0m 1.087 ms - 13[0m
[0mGET /api/refunds/tasks/next?type=REVIEW_VERIFY&worker_id=review-verifier [32m200[0m 1.497 ms - 13[0m
[0mGET /api/refunds/tasks/next?type=WHATSAPP_BLAST&worker_id=whatsapp-campaign [32m200[0m 0.903 ms - 13[0m
[0mGET /api/refunds/queue [32m200[0m 1.109 ms - 12[0m
[0mGET /api/refunds/tasks/next?type=REVIEW_VERIFY&worker_id=review-verifier [32m200[0m 1.251 ms - 13[0m
[0mGET /api/refunds/tasks/next?type=WHATSAPP_BLAST&worker_id=whatsapp-campaign [32m200[0m 0.727 ms - 13[0m
[0mGET /api/refunds/tasks/next?type=REVIEW_VERIFY&worker_id=review-verifier [32m200[0m 0.766 ms - 13[0m
[0mGET /api/refunds/tasks/next?type=WHATSAPP_BLAST&worker_id=whatsapp-campaign [32m200[0m 0.663 ms - 13[0m
[0mGET /api/refunds/tasks/next?type=REVIEW_VERIFY&worker_id=review-verifier [32m200[0m 1.198 ms - 13[0m
[0mGET /api/refunds/tasks/next?type=WHATSAPP_BLAST&worker_id=whatsapp-campaign [32m200[0m 1.348 ms - 13[0m
[0mGET /api/refunds/queue [32m200[0m 0.865 ms - 12[0m
[0mGET /api/refunds/tasks/next?type=REVIEW_VERIFY&worker_id=review-verifier [32m200[0m 0.742 ms - 13[0m
[0mGET /api/refunds/tasks/next?type=WHATSAPP_BLAST&worker_id=whatsapp-campaign [32m200[0m 0.725 ms - 13[0m
[0mGET /api/refunds/tasks/next?type=REVIEW_VERIFY&worker_id=review-verifier [32m200[0m 1.176 ms - 13[0m
[0mGET /api/refunds/tasks/next?type=WHATSAPP_BLAST&worker_id=whatsapp-campaign [32m200[0m 1.286 ms - 13[0m
[0mGET /api/refunds/tasks/next?type=REVIEW_VERIFY&worker_id=review-verifier [32m200[0m 1.032 ms - 13[0m
[0mGET /api/refunds/tasks/next?type=WHATSAPP_BLAST&worker_id=whatsapp-campaign [32m200[0m 0.865 ms - 13[0m
[0mGET /api/refunds/queue [32m200[0m 1.226 ms - 12[0m
[0mGET /api/refunds/tasks/next?type=REVIEW_VERIFY&worker_id=review-verifier [32m200[0m 0.949 ms - 13[0m
[0mGET /api/refunds/tasks/next?type=WHATSAPP_BLAST&worker_id=whatsapp-campaign [32m200[0m 0.772 ms - 13[0m
[0mGET /api/refunds/tasks/next?type=REVIEW_VERIFY&worker_id=review-verifier [32m200[0m 1.932 ms - 13[0m
[0mGET /api/refunds/tasks/next?type=WHATSAPP_BLAST&worker_id=whatsapp-campaign [32m200[0m 0.698 ms - 13[0m
[0mGET /api/refunds/tasks/next?type=REVIEW_VERIFY&worker_id=review-verifier [32m200[0m 1.131 ms - 13[0m
[0mGET /api/refunds/tasks/next?type=WHATSAPP_BLAST&worker_id=whatsapp-campaign [32m200[0m 1.237 ms - 13[0m
[0mGET /api/refunds/queue [32m200[0m 1.486 ms - 12[0m
[0mGET /api/refunds/tasks/next?type=REVIEW_VERIFY&worker_id=review-verifier [32m200[0m 1.248 ms - 13[0m
[0mGET /api/refunds/tasks/next?type=WHATSAPP_BLAST&worker_id=whatsapp-campaign [32m200[0m 0.733 ms - 13[0m
[0mGET /api/refunds/tasks/next?type=REVIEW_VERIFY&worker_id=review-verifier [32m200[0m 1.796 ms - 13[0m
[0mGET /api/refunds/tasks/next?type=WHATSAPP_BLAST&worker_id=whatsapp-campaign [32m200[0m 0.760 ms - 13[0m
[0mGET /api/refunds/tasks/next?type=REVIEW_VERIFY&worker_id=review-verifier [32m200[0m 2.100 ms - 13[0m
[0mGET /api/refunds/tasks/next?type=WHATSAPP_BLAST&worker_id=whatsapp-campaign [32m200[0m 0.757 ms - 13[0m
[0mGET /api/refunds/queue [32m200[0m 1.607 ms - 12[0m
[0mGET /api/refunds/tasks/next?type=REVIEW_VERIFY&worker_id=review-verifier [32m200[0m 2.508 ms - 13[0m
[0mGET /api/refunds/tasks/next?type=WHATSAPP_BLAST&worker_id=whatsapp-campaign [32m200[0m 0.734 ms - 13[0m
[0mGET /api/refunds/tasks/next?type=REVIEW_VERIFY&worker_id=review-verifier [32m200[0m 0.790 ms - 13[0m
[0mGET /api/refunds/tasks/next?type=WHATSAPP_BLAST&worker_id=whatsapp-campaign [32m200[0m 0.764 ms - 13[0m
[0mGET /api/refunds/tasks/next?type=REVIEW_VERIFY&worker_id=review-verifier [32m200[0m 0.893 ms - 13[0m
[0mGET /api/refunds/tasks/next?type=WHATSAPP_BLAST&worker_id=whatsapp-campaign [32m200[0m 0.839 ms - 13[0m
[0mGET /api/refunds/queue [32m200[0m 1.437 ms - 12[0m
[0mGET /api/refunds/tasks/next?type=REVIEW_VERIFY&worker_id=review-verifier [32m200[0m 0.658 ms - 13[0m
[0mGET /api/refunds/tasks/next?type=WHATSAPP_BLAST&worker_id=whatsapp-campaign [32m200[0m 1.589 ms - 13[0m
[0mGET /api/refunds/tasks/next?type=REVIEW_VERIFY&worker_id=review-verifier [32m200[0m 2.652 ms - 13[0m
[0mGET /api/refunds/tasks/next?type=WHATSAPP_BLAST&worker_id=whatsapp-campaign [32m200[0m 0.880 ms - 13[0m
[0mGET /api/refunds/tasks/next?type=REVIEW_VERIFY&worker_id=review-verifier [32m200[0m 1.215 ms - 13[0m
[0mGET /api/refunds/tasks/next?type=WHATSAPP_BLAST&worker_id=whatsapp-campaign [32m200[0m 2.388 ms - 13[0m
[0mGET /api/refunds/queue [32m200[0m 1.544 ms - 12[0m
[0mGET /api/refunds/tasks/next?type=REVIEW_VERIFY&worker_id=review-verifier [32m200[0m 0.881 ms - 13[0m
[0mGET /api/refunds/tasks/next?type=WHATSAPP_BLAST&worker_id=whatsapp-campaign [32m200[0m 0.757 ms - 13[0m
[0mGET /api/refunds/tasks/next?type=REVIEW_VERIFY&worker_id=review-verifier [32m200[0m 2.115 ms - 13[0m
[0mGET /api/refunds/tasks/next?type=WHATSAPP_BLAST&worker_id=whatsapp-campaign [32m200[0m 0.915 ms - 13[0m
[0mGET /api/refunds/tasks/next?type=REVIEW_VERIFY&worker_id=review-verifier [32m200[0m 1.875 ms - 13[0m
[0mGET /api/refunds/tasks/next?type=WHATSAPP_BLAST&worker_id=whatsapp-campaign [32m200[0m 0.803 ms - 13[0m
[0mGET /api/refunds/queue [32m200[0m 1.789 ms - 12[0m
[0mGET /api/refunds/tasks/next?type=REVIEW_VERIFY&worker_id=review-verifier [32m200[0m 0.867 ms - 13[0m
[0mGET /api/refunds/tasks/next?type=WHATSAPP_BLAST&worker_id=whatsapp-campaign [32m200[0m 0.854 ms - 13[0m
[0mGET /api/refunds/tasks/next?type=REVIEW_VERIFY&worker_id=review-verifier [32m200[0m 2.331 ms - 13[0m
[0mGET /api/refunds/tasks/next?type=WHATSAPP_BLAST&worker_id=whatsapp-campaign [32m200[0m 0.727 ms - 13[0m
[0mGET /api/refunds/tasks/next?type=REVIEW_VERIFY&worker_id=review-verifier [32m200[0m 1.182 ms - 13[0m
[0mGET /api/refunds/tasks/next?type=WHATSAPP_BLAST&worker_id=whatsapp-campaign [32m200[0m 0.896 ms - 13[0m
[0mGET /api/refunds/queue [32m200[0m 1.146 ms - 12[0m
[0mGET /api/refunds/tasks/next?type=REVIEW_VERIFY&worker_id=review-verifier [32m200[0m 0.710 ms - 13[0m
[0mGET /api/refunds/tasks/next?type=WHATSAPP_BLAST&worker_id=whatsapp-campaign [32m200[0m 0.918 ms - 13[0m
[0mGET /api/refunds/tasks/next?type=REVIEW_VERIFY&worker_id=review-verifier [32m200[0m 0.740 ms - 13[0m
[0mGET /api/refunds/tasks/next?type=WHATSAPP_BLAST&worker_id=whatsapp-campaign [32m200[0m 0.778 ms - 13[0m
[0mGET /api/refunds/tasks/next?type=REVIEW_VERIFY&worker_id=review-verifier [32m200[0m 1.734 ms - 13[0m
[0mGET /api/refunds/tasks/next?type=WHATSAPP_BLAST&worker_id=whatsapp-campaign [32m200[0m 0.763 ms - 13[0m
[0mGET /api/refunds/queue [32m200[0m 2.310 ms - 12[0m
[0mGET /api/refunds/tasks/next?type=REVIEW_VERIFY&worker_id=review-verifier [32m200[0m 0.871 ms - 13[0m
[0mGET /api/refunds/tasks/next?type=WHATSAPP_BLAST&worker_id=whatsapp-campaign [32m200[0m 0.733 ms - 13[0m
[0mGET /api/refunds/tasks/next?type=REVIEW_VERIFY&worker_id=review-verifier [32m200[0m 1.835 ms - 13[0m
[0mGET /api/refunds/tasks/next?type=WHATSAPP_BLAST&worker_id=whatsapp-campaign [32m200[0m 0.802 ms - 13[0m
[0mGET /api/refunds/tasks/next?type=REVIEW_VERIFY&worker_id=review-verifier [32m200[0m 1.790 ms - 13[0m
[0mGET /api/refunds/tasks/next?type=WHATSAPP_BLAST&worker_id=whatsapp-campaign [32m200[0m 0.815 ms - 13[0m
[0mGET /api/refunds/queue [32m200[0m 0.888 ms - 12[0m
[0mGET /api/refunds/tasks/next?type=REVIEW_VERIFY&worker_id=review-verifier [32m200[0m 0.850 ms - 13[0m
[0mGET /api/refunds/tasks/next?type=WHATSAPP_BLAST&worker_id=whatsapp-campaign [32m200[0m 0.768 ms - 13[0m
[0mGET /api/refunds/tasks/next?type=REVIEW_VERIFY&worker_id=review-verifier [32m200[0m 0.762 ms - 13[0m
[0mGET /api/refunds/tasks/next?type=WHATSAPP_BLAST&worker_id=whatsapp-campaign [32m200[0m 0.916 ms - 13[0m
[0mGET /api/refunds/tasks/next?type=REVIEW_VERIFY&worker_id=review-verifier [32m200[0m 3.823 ms - 13[0m
[0mGET /api/refunds/tasks/next?type=WHATSAPP_BLAST&worker_id=whatsapp-campaign [32m200[0m 1.071 ms - 13[0m
[0mGET /api/refunds/queue [32m200[0m 1.333 ms - 12[0m
[0mGET /api/refunds/tasks/next?type=REVIEW_VERIFY&worker_id=review-verifier [32m200[0m 0.955 ms - 13[0m
[0mGET /api/refunds/tasks/next?type=WHATSAPP_BLAST&worker_id=whatsapp-campaign [32m200[0m 0.964 ms - 13[0m
[0mGET /api/refunds/tasks/next?type=REVIEW_VERIFY&worker_id=review-verifier [32m200[0m 1.658 ms - 13[0m
[0mGET /api/refunds/tasks/next?type=WHATSAPP_BLAST&worker_id=whatsapp-campaign [32m200[0m 0.773 ms - 13[0m
[0mGET /api/refunds/tasks/next?type=REVIEW_VERIFY&worker_id=review-verifier [32m200[0m 3.967 ms - 13[0m
[0mGET /api/refunds/tasks/next?type=WHATSAPP_BLAST&worker_id=whatsapp-campaign [32m200[0m 1.122 ms - 13[0m
[0mGET /api/refunds/queue [32m200[0m 1.359 ms - 12[0m
[0mGET /api/refunds/tasks/next?type=REVIEW_VERIFY&worker_id=review-verifier [32m200[0m 0.804 ms - 13[0m
[0mGET /api/refunds/tasks/next?type=WHATSAPP_BLAST&worker_id=whatsapp-campaign [32m200[0m 1.160 ms - 13[0m
[0mGET /api/refunds/tasks/next?type=REVIEW_VERIFY&worker_id=review-verifier [32m200[0m 2.161 ms - 13[0m
[0mGET /api/refunds/tasks/next?type=WHATSAPP_BLAST&worker_id=whatsapp-campaign [32m200[0m 0.730 ms - 13[0m
[0mGET /api/refunds/tasks/next?type=REVIEW_VERIFY&worker_id=review-verifier [32m200[0m 1.641 ms - 13[0m
[0mGET /api/refunds/tasks/next?type=WHATSAPP_BLAST&worker_id=whatsapp-campaign [32m200[0m 0.664 ms - 13[0m
[0mGET /api/refunds/queue [32m200[0m 0.742 ms - 12[0m
[0mGET /api/refunds/tasks/next?type=REVIEW_VERIFY&worker_id=review-verifier [32m200[0m 0.695 ms - 13[0m
[0mGET /api/refunds/tasks/next?type=WHATSAPP_BLAST&worker_id=whatsapp-campaign [32m200[0m 2.406 ms - 13[0m
[0mGET /api/refunds/tasks/next?type=REVIEW_VERIFY&worker_id=review-verifier [32m200[0m 1.763 ms - 13[0m
[0mGET /api/refunds/tasks/next?type=WHATSAPP_BLAST&worker_id=whatsapp-campaign [32m200[0m 0.688 ms - 13[0m
[0mGET /api/refunds/tasks/next?type=REVIEW_VERIFY&worker_id=review-verifier [32m200[0m 1.431 ms - 13[0m
[0mGET /api/refunds/tasks/next?type=WHATSAPP_BLAST&worker_id=whatsapp-campaign [32m200[0m 0.840 ms - 13[0m
[0mGET /api/refunds/queue [32m200[0m 1.360 ms - 12[0m
[0mGET /api/refunds/tasks/next?type=REVIEW_VERIFY&worker_id=review-verifier [32m200[0m 0.769 ms - 13[0m
[0mGET /api/refunds/tasks/next?type=WHATSAPP_BLAST&worker_id=whatsapp-campaign [32m200[0m 0.730 ms - 13[0m
[0mGET /api/refunds/tasks/next?type=REVIEW_VERIFY&worker_id=review-verifier [32m200[0m 0.641 ms - 13[0m
[0mGET /api/refunds/tasks/next?type=WHATSAPP_BLAST&worker_id=whatsapp-campaign [32m200[0m 0.731 ms - 13[0m
[0mGET /api/refunds/tasks/next?type=REVIEW_VERIFY&worker_id=review-verifier [32m200[0m 0.983 ms - 13[0m
[0mGET /api/refunds/tasks/next?type=WHATSAPP_BLAST&worker_id=whatsapp-campaign [32m200[0m 0.818 ms - 13[0m
[0mGET /api/refunds/queue [32m200[0m 1.860 ms - 12[0m
[0mGET /api/refunds/tasks/next?type=REVIEW_VERIFY&worker_id=review-verifier [32m200[0m 1.022 ms - 13[0m
[0mGET /api/refunds/tasks/next?type=WHATSAPP_BLAST&worker_id=whatsapp-campaign [32m200[0m 0.802 ms - 13[0m
[0mGET /api/refunds/tasks/next?type=REVIEW_VERIFY&worker_id=review-verifier [32m200[0m 2.068 ms - 13[0m
[0mGET /api/refunds/tasks/next?type=WHATSAPP_BLAST&worker_id=whatsapp-campaign [32m200[0m 0.668 ms - 13[0m
[0mGET /api/refunds/tasks/next?type=REVIEW_VERIFY&worker_id=review-verifier [32m200[0m 1.771 ms - 13[0m
[0mGET /api/refunds/tasks/next?type=WHATSAPP_BLAST&worker_id=whatsapp-campaign [32m200[0m 0.837 ms - 13[0m
[0mGET /api/refunds/queue [32m200[0m 1.101 ms - 12[0m
[0mGET /api/refunds/tasks/next?type=REVIEW_VERIFY&worker_id=review-verifier [32m200[0m 3.004 ms - 13[0m
[0mGET /api/refunds/tasks/next?type=WHATSAPP_BLAST&worker_id=whatsapp-campaign [32m200[0m 0.745 ms - 13[0m
[0mGET /api/refunds/tasks/next?type=REVIEW_VERIFY&worker_id=review-verifier [32m200[0m 0.864 ms - 13[0m
[0mGET /api/refunds/tasks/next?type=WHATSAPP_BLAST&worker_id=whatsapp-campaign [32m200[0m 0.679 ms - 13[0m
[0mGET /api/refunds/tasks/next?type=REVIEW_VERIFY&worker_id=review-verifier [32m200[0m 1.414 ms - 13[0m
[0mGET /api/refunds/tasks/next?type=WHATSAPP_BLAST&worker_id=whatsapp-campaign [32m200[0m 0.878 ms - 13[0m
[0mGET /api/refunds/queue [32m200[0m 2.423 ms - 12[0m
[0mGET /api/refunds/tasks/next?type=REVIEW_VERIFY&worker_id=review-verifier [32m200[0m 0.635 ms - 13[0m
[0mGET /api/refunds/tasks/next?type=WHATSAPP_BLAST&worker_id=whatsapp-campaign [32m200[0m 0.896 ms - 13[0m
[0mGET /api/refunds/tasks/next?type=REVIEW_VERIFY&worker_id=review-verifier [32m200[0m 1.066 ms - 13[0m
[0mGET /api/refunds/tasks/next?type=WHATSAPP_BLAST&worker_id=whatsapp-campaign [32m200[0m 0.906 ms - 13[0m
[0mGET /api/refunds/tasks/next?type=REVIEW_VERIFY&worker_id=review-verifier [32m200[0m 1.168 ms - 13[0m
[0mGET /api/refunds/tasks/next?type=WHATSAPP_BLAST&worker_id=whatsapp-campaign [32m200[0m 0.824 ms - 13[0m
[0mGET /api/refunds/queue [32m200[0m 3.583 ms - 12[0m
[0mGET /api/refunds/tasks/next?type=REVIEW_VERIFY&worker_id=review-verifier [32m200[0m 0.927 ms - 13[0m
[0mGET /api/refunds/tasks/next?type=WHATSAPP_BLAST&worker_id=whatsapp-campaign [32m200[0m 1.693 ms - 13[0m
[0mGET /api/refunds/tasks/next?type=REVIEW_VERIFY&worker_id=review-verifier [32m200[0m 0.788 ms - 13[0m
[0mGET /api/refunds/tasks/next?type=WHATSAPP_BLAST&worker_id=whatsapp-campaign [32m200[0m 0.884 ms - 13[0m
[0mGET /api/refunds/tasks/next?type=REVIEW_VERIFY&worker_id=review-verifier [32m200[0m 1.656 ms - 13[0m
[0mGET /api/refunds/tasks/next?type=WHATSAPP_BLAST&worker_id=whatsapp-campaign [32m200[0m 0.996 ms - 13[0m
[0mGET /api/refunds/queue [32m200[0m 1.284 ms - 12[0m
[0mGET /api/refunds/tasks/next?type=REVIEW_VERIFY&worker_id=review-verifier [32m200[0m 0.986 ms - 13[0m
[0mGET /api/refunds/tasks/next?type=WHATSAPP_BLAST&worker_id=whatsapp-campaign [32m200[0m 0.925 ms - 13[0m
[0mGET /api/refunds/tasks/next?type=REVIEW_VERIFY&worker_id=review-verifier [32m200[0m 2.475 ms - 13[0m
[0mGET /api/refunds/tasks/next?type=WHATSAPP_BLAST&worker_id=whatsapp-campaign [32m200[0m 0.814 ms - 13[0m
[0mGET /api/refunds/tasks/next?type=REVIEW_VERIFY&worker_id=review-verifier [32m200[0m 2.551 ms - 13[0m
[0mGET /api/refunds/tasks/next?type=WHATSAPP_BLAST&worker_id=whatsapp-campaign [32m200[0m 0.907 ms - 13[0m
[0mGET /api/refunds/queue [32m200[0m 1.066 ms - 12[0m
[0mGET /api/refunds/tasks/next?type=REVIEW_VERIFY&worker_id=review-verifier [32m200[0m 0.732 ms - 13[0m
[0mGET /api/refunds/tasks/next?type=WHATSAPP_BLAST&worker_id=whatsapp-campaign [32m200[0m 0.788 ms - 13[0m
[0mGET /api/refunds/tasks/next?type=REVIEW_VERIFY&worker_id=review-verifier [32m200[0m 0.753 ms - 13[0m
[0mGET /api/refunds/tasks/next?type=WHATSAPP_BLAST&worker_id=whatsapp-campaign [32m200[0m 0.793 ms - 13[0m
[0mGET /api/refunds/tasks/next?type=REVIEW_VERIFY&worker_id=review-verifier [32m200[0m 1.777 ms - 13[0m
[0mGET /api/refunds/tasks/next?type=WHATSAPP_BLAST&worker_id=whatsapp-campaign [32m200[0m 0.969 ms - 13[0m
[0mGET /api/refunds/queue [32m200[0m 1.082 ms - 12[0m
[0mGET /api/refunds/tasks/next?type=REVIEW_VERIFY&worker_id=review-verifier [32m200[0m 0.836 ms - 13[0m
[0mGET /api/refunds/tasks/next?type=WHATSAPP_BLAST&worker_id=whatsapp-campaign [32m200[0m 0.688 ms - 13[0m
[0mGET /api/refunds/tasks/next?type=REVIEW_VERIFY&worker_id=review-verifier [32m200[0m 2.079 ms - 13[0m
[0mGET /api/refunds/tasks/next?type=WHATSAPP_BLAST&worker_id=whatsapp-campaign [32m200[0m 0.735 ms - 13[0m
[0mGET /api/refunds/tasks/next?type=REVIEW_VERIFY&worker_id=review-verifier [32m200[0m 1.671 ms - 13[0m
[0mGET /api/refunds/tasks/next?type=WHATSAPP_BLAST&worker_id=whatsapp-campaign [32m200[0m 0.775 ms - 13[0m
[0mGET /api/refunds/queue [32m200[0m 2.514 ms - 12[0m
[0mGET /api/refunds/tasks/next?type=REVIEW_VERIFY&worker_id=review-verifier [32m200[0m 0.746 ms - 13[0m
[0mGET /api/refunds/tasks/next?type=WHATSAPP_BLAST&worker_id=whatsapp-campaign [32m200[0m 0.899 ms - 13[0m
[0mGET /api/refunds/tasks/next?type=REVIEW_VERIFY&worker_id=review-verifier [32m200[0m 0.846 ms - 13[0m
[0mGET /api/refunds/tasks/next?type=WHATSAPP_BLAST&worker_id=whatsapp-campaign [32m200[0m 0.901 ms - 13[0m
[0mGET /api/refunds/tasks/next?type=REVIEW_VERIFY&worker_id=review-verifier [32m200[0m 2.152 ms - 13[0m
[0mGET /api/refunds/tasks/next?type=WHATSAPP_BLAST&worker_id=whatsapp-campaign [32m200[0m 0.873 ms - 13[0m
[0mGET /api/refunds/queue [32m200[0m 1.718 ms - 12[0m
[0mGET /api/refunds/tasks/next?type=REVIEW_VERIFY&worker_id=review-verifier [32m200[0m 0.912 ms - 13[0m
[0mGET /api/refunds/tasks/next?type=WHATSAPP_BLAST&worker_id=whatsapp-campaign [32m200[0m 0.898 ms - 13[0m
[0mGET /api/refunds/tasks/next?type=REVIEW_VERIFY&worker_id=review-verifier [32m200[0m 2.062 ms - 13[0m
[0mGET /api/refunds/tasks/next?type=WHATSAPP_BLAST&worker_id=whatsapp-campaign [32m200[0m 0.996 ms - 13[0m
[0mGET /api/refunds/tasks/next?type=REVIEW_VERIFY&worker_id=review-verifier [32m200[0m 2.006 ms - 13[0m
[0mGET /api/refunds/tasks/next?type=WHATSAPP_BLAST&worker_id=whatsapp-campaign [32m200[0m 0.832 ms - 13[0m
[0mGET /api/refunds/queue [32m200[0m 1.268 ms - 12[0m
[0mGET /api/refunds/tasks/next?type=REVIEW_VERIFY&worker_id=review-verifier [32m200[0m 0.765 ms - 13[0m
[0mGET /api/refunds/tasks/next?type=WHATSAPP_BLAST&worker_id=whatsapp-campaign [32m200[0m 0.765 ms - 13[0m
[0mGET /api/refunds/tasks/next?type=REVIEW_VERIFY&worker_id=review-verifier [32m200[0m 1.573 ms - 13[0m
[0mGET /api/refunds/tasks/next?type=WHATSAPP_BLAST&worker_id=whatsapp-campaign [32m200[0m 0.690 ms - 13[0m
[0mGET /api/refunds/tasks/next?type=REVIEW_VERIFY&worker_id=review-verifier [32m200[0m 1.761 ms - 13[0m
[0mGET /api/refunds/tasks/next?type=WHATSAPP_BLAST&worker_id=whatsapp-campaign [32m200[0m 1.624 ms - 13[0m
[0mGET /api/refunds/queue [32m200[0m 1.216 ms - 12[0m
[0mGET /api/refunds/tasks/next?type=REVIEW_VERIFY&worker_id=review-verifier [32m200[0m 1.214 ms - 13[0m
[0mGET /api/refunds/tasks/next?type=WHATSAPP_BLAST&worker_id=whatsapp-campaign [32m200[0m 0.690 ms - 13[0m
[0mGET /api/refunds/tasks/next?type=REVIEW_VERIFY&worker_id=review-verifier [32m200[0m 4.097 ms - 13[0m
[0mGET /api/refunds/tasks/next?type=WHATSAPP_BLAST&worker_id=whatsapp-campaign [32m200[0m 0.703 ms - 13[0m
[0mGET /api/refunds/tasks/next?type=REVIEW_VERIFY&worker_id=review-verifier [32m200[0m 0.770 ms - 13[0m
[0mGET /api/refunds/tasks/next?type=WHATSAPP_BLAST&worker_id=whatsapp-campaign [32m200[0m 0.763 ms - 13[0m
[0mGET /api/refunds/queue [32m200[0m 3.033 ms - 12[0m
[0mGET /api/refunds/tasks/next?type=REVIEW_VERIFY&worker_id=review-verifier [32m200[0m 0.895 ms - 13[0m
[0mGET /api/refunds/tasks/next?type=WHATSAPP_BLAST&worker_id=whatsapp-campaign [32m200[0m 0.698 ms - 13[0m
[0mGET /api/refunds/tasks/next?type=REVIEW_VERIFY&worker_id=review-verifier [32m200[0m 1.494 ms - 13[0m
[0mGET /api/refunds/tasks/next?type=WHATSAPP_BLAST&worker_id=whatsapp-campaign [32m200[0m 0.970 ms - 13[0m
[0mGET /api/refunds/tasks/next?type=REVIEW_VERIFY&worker_id=review-verifier [32m200[0m 1.227 ms - 13[0m
[0mGET /api/refunds/tasks/next?type=WHATSAPP_BLAST&worker_id=whatsapp-campaign [32m200[0m 0.768 ms - 13[0m
[0mGET /api/refunds/queue [32m200[0m 1.143 ms - 12[0m
[0mGET /api/refunds/tasks/next?type=REVIEW_VERIFY&worker_id=review-verifier [32m200[0m 0.801 ms - 13[0m
[0mGET /api/refunds/tasks/next?type=WHATSAPP_BLAST&worker_id=whatsapp-campaign [32m200[0m 0.747 ms - 13[0m
[0mGET /api/refunds/tasks/next?type=REVIEW_VERIFY&worker_id=review-verifier [32m200[0m 2.317 ms - 13[0m
[0mGET /api/refunds/tasks/next?type=WHATSAPP_BLAST&worker_id=whatsapp-campaign [32m200[0m 0.849 ms - 13[0m
[0mGET /api/refunds/tasks/next?type=REVIEW_VERIFY&worker_id=review-verifier [32m200[0m 1.211 ms - 13[0m
[0mGET /api/refunds/tasks/next?type=WHATSAPP_BLAST&worker_id=whatsapp-campaign [32m200[0m 0.755 ms - 13[0m
[0mGET /api/refunds/queue [32m200[0m 1.623 ms - 12[0m
[0mGET /api/refunds/tasks/next?type=REVIEW_VERIFY&worker_id=review-verifier [32m200[0m 1.545 ms - 13[0m
[0mGET /api/refunds/tasks/next?type=WHATSAPP_BLAST&worker_id=whatsapp-campaign [32m200[0m 0.822 ms - 13[0m
[0mGET /api/refunds/tasks/next?type=REVIEW_VERIFY&worker_id=review-verifier [32m200[0m 1.009 ms - 13[0m
[0mGET /api/refunds/tasks/next?type=WHATSAPP_BLAST&worker_id=whatsapp-campaign [32m200[0m 0.785 ms - 13[0m
[0mGET /api/refunds/tasks/next?type=REVIEW_VERIFY&worker_id=review-verifier [32m200[0m 1.279 ms - 13[0m
[0mGET /api/refunds/tasks/next?type=WHATSAPP_BLAST&worker_id=whatsapp-campaign [32m200[0m 0.740 ms - 13[0m
[0mGET /api/refunds/queue [32m200[0m 1.436 ms - 12[0m
[0mGET /api/refunds/tasks/next?type=REVIEW_VERIFY&worker_id=review-verifier [32m200[0m 0.785 ms - 13[0m
[0mGET /api/refunds/tasks/next?type=WHATSAPP_BLAST&worker_id=whatsapp-campaign [32m200[0m 0.805 ms - 13[0m
[0mGET /api/refunds/tasks/next?type=REVIEW_VERIFY&worker_id=review-verifier [32m200[0m 2.086 ms - 13[0m
[0mGET /api/refunds/tasks/next?type=WHATSAPP_BLAST&worker_id=whatsapp-campaign [32m200[0m 1.085 ms - 13[0m
[0mGET /api/refunds/tasks/next?type=REVIEW_VERIFY&worker_id=review-verifier [32m200[0m 2.073 ms - 13[0m
[0mGET /api/refunds/tasks/next?type=WHATSAPP_BLAST&worker_id=whatsapp-campaign [32m200[0m 1.511 ms - 13[0m
[0mGET /api/refunds/queue [32m200[0m 1.732 ms - 12[0m
[0mGET /api/refunds/tasks/next?type=REVIEW_VERIFY&worker_id=review-verifier [32m200[0m 0.697 ms - 13[0m
[0mGET /api/refunds/tasks/next?type=WHATSAPP_BLAST&worker_id=whatsapp-campaign [32m200[0m 1.077 ms - 13[0m
[0mGET /api/refunds/tasks/next?type=REVIEW_VERIFY&worker_id=review-verifier [32m200[0m 0.841 ms - 13[0m
[0mGET /api/refunds/tasks/next?type=WHATSAPP_BLAST&worker_id=whatsapp-campaign [32m200[0m 1.320 ms - 13[0m
[0mGET /api/refunds/tasks/next?type=REVIEW_VERIFY&worker_id=review-verifier [32m200[0m 1.896 ms - 13[0m
[0mGET /api/refunds/tasks/next?type=WHATSAPP_BLAST&worker_id=whatsapp-campaign [32m200[0m 0.699 ms - 13[0m
[0mGET /api/refunds/queue [32m200[0m 1.285 ms - 12[0m
[0mGET /api/refunds/tasks/next?type=REVIEW_VERIFY&worker_id=review-verifier [32m200[0m 0.699 ms - 13[0m
[0mGET /api/refunds/tasks/next?type=WHATSAPP_BLAST&worker_id=whatsapp-campaign [32m200[0m 0.890 ms - 13[0m
[0mGET /api/refunds/tasks/next?type=REVIEW_VERIFY&worker_id=review-verifier [32m200[0m 1.060 ms - 13[0m
[0mGET /api/refunds/tasks/next?type=WHATSAPP_BLAST&worker_id=whatsapp-campaign [32m200[0m 0.671 ms - 13[0m
[0mGET /api/refunds/tasks/next?type=REVIEW_VERIFY&worker_id=review-verifier [32m200[0m 1.564 ms - 13[0m
[0mGET /api/refunds/tasks/next?type=WHATSAPP_BLAST&worker_id=whatsapp-campaign [32m200[0m 0.835 ms - 13[0m
[0mGET /api/refunds/queue [32m200[0m 0.993 ms - 12[0m
[0mGET /api/refunds/tasks/next?type=REVIEW_VERIFY&worker_id=review-verifier [32m200[0m 0.943 ms - 13[0m
[0mGET /api/refunds/tasks/next?type=WHATSAPP_BLAST&worker_id=whatsapp-campaign [32m200[0m 2.331 ms - 13[0m
[0mGET /api/refunds/tasks/next?type=REVIEW_VERIFY&worker_id=review-verifier [32m200[0m 1.314 ms - 13[0m
[0mGET /api/refunds/tasks/next?type=WHATSAPP_BLAST&worker_id=whatsapp-campaign [32m200[0m 0.968 ms - 13[0m
[0mGET /api/refunds/tasks/next?type=REVIEW_VERIFY&worker_id=review-verifier [32m200[0m 1.708 ms - 13[0m
[0mGET /api/refunds/tasks/next?type=WHATSAPP_BLAST&worker_id=whatsapp-campaign [32m200[0m 1.043 ms - 13[0m
[0mGET /api/refunds/queue [32m200[0m 1.371 ms - 12[0m
[0mGET /api/refunds/tasks/next?type=REVIEW_VERIFY&worker_id=review-verifier [32m200[0m 0.727 ms - 13[0m
[0mGET /api/refunds/tasks/next?type=WHATSAPP_BLAST&worker_id=whatsapp-campaign [32m200[0m 0.703 ms - 13[0m
[0mGET /api/refunds/tasks/next?type=REVIEW_VERIFY&worker_id=review-verifier [32m200[0m 2.411 ms - 13[0m
[0mGET /api/refunds/tasks/next?type=WHATSAPP_BLAST&worker_id=whatsapp-campaign [32m200[0m 0.999 ms - 13[0m
[0mGET /api/refunds/tasks/next?type=REVIEW_VERIFY&worker_id=review-verifier [32m200[0m 1.621 ms - 13[0m
[0mGET /api/refunds/tasks/next?type=WHATSAPP_BLAST&worker_id=whatsapp-campaign [32m200[0m 0.676 ms - 13[0m
[0mGET /api/refunds/queue [32m200[0m 0.967 ms - 12[0m
[0mGET /api/refunds/tasks/next?type=REVIEW_VERIFY&worker_id=review-verifier [32m200[0m 1.648 ms - 13[0m
[0mGET /api/refunds/tasks/next?type=WHATSAPP_BLAST&worker_id=whatsapp-campaign [32m200[0m 0.872 ms - 13[0m
[0mGET /api/refunds/tasks/next?type=REVIEW_VERIFY&worker_id=review-verifier [32m200[0m 0.799 ms - 13[0m
[0mGET /api/refunds/tasks/next?type=WHATSAPP_BLAST&worker_id=whatsapp-campaign [32m200[0m 0.773 ms - 13[0m
[0mGET /api/refunds/tasks/next?type=REVIEW_VERIFY&worker_id=review-verifier [32m200[0m 2.184 ms - 13[0m
[0mGET /api/refunds/tasks/next?type=WHATSAPP_BLAST&worker_id=whatsapp-campaign [32m200[0m 1.482 ms - 13[0m
[0mGET /api/refunds/queue [32m200[0m 1.529 ms - 12[0m
[0mGET /api/refunds/tasks/next?type=REVIEW_VERIFY&worker_id=review-verifier [32m200[0m 0.860 ms - 13[0m
[0mGET /api/refunds/tasks/next?type=WHATSAPP_BLAST&worker_id=whatsapp-campaign [32m200[0m 0.648 ms - 13[0m
[0mGET /api/refunds/tasks/next?type=REVIEW_VERIFY&worker_id=review-verifier [32m200[0m 2.337 ms - 13[0m
[0mGET /api/refunds/tasks/next?type=WHATSAPP_BLAST&worker_id=whatsapp-campaign [32m200[0m 0.668 ms - 13[0m
[0mGET /api/refunds/tasks/next?type=REVIEW_VERIFY&worker_id=review-verifier [32m200[0m 1.914 ms - 13[0m
[0mGET /api/refunds/tasks/next?type=WHATSAPP_BLAST&worker_id=whatsapp-campaign [32m200[0m 0.728 ms - 13[0m
[0mGET /api/refunds/queue [32m200[0m 2.500 ms - 12[0m
[0mGET /api/refunds/tasks/next?type=REVIEW_VERIFY&worker_id=review-verifier [32m200[0m 0.947 ms - 13[0m
[0mGET /api/refunds/tasks/next?type=WHATSAPP_BLAST&worker_id=whatsapp-campaign [32m200[0m 0.898 ms - 13[0m
[0mGET /api/refunds/tasks/next?type=REVIEW_VERIFY&worker_id=review-verifier [32m200[0m 0.784 ms - 13[0m
[0mGET /api/refunds/tasks/next?type=WHATSAPP_BLAST&worker_id=whatsapp-campaign [32m200[0m 0.670 ms - 13[0m
[0mGET /api/refunds/tasks/next?type=REVIEW_VERIFY&worker_id=review-verifier [32m200[0m 1.257 ms - 13[0m
[0mGET /api/refunds/tasks/next?type=WHATSAPP_BLAST&worker_id=whatsapp-campaign [32m200[0m 1.122 ms - 13[0m
[0mGET /api/refunds/queue [32m200[0m 1.880 ms - 12[0m
[0mGET /api/refunds/tasks/next?type=REVIEW_VERIFY&worker_id=review-verifier [32m200[0m 1.033 ms - 13[0m
[0mGET /api/refunds/tasks/next?type=WHATSAPP_BLAST&worker_id=whatsapp-campaign [32m200[0m 2.755 ms - 13[0m
[0mGET /api/refunds/tasks/next?type=REVIEW_VERIFY&worker_id=review-verifier [32m200[0m 1.196 ms - 13[0m
[0mGET /api/refunds/tasks/next?type=WHATSAPP_BLAST&worker_id=whatsapp-campaign [32m200[0m 0.748 ms - 13[0m
[0mGET /api/refunds/tasks/next?type=REVIEW_VERIFY&worker_id=review-verifier [32m200[0m 1.346 ms - 13[0m
[0mGET /api/refunds/tasks/next?type=WHATSAPP_BLAST&worker_id=whatsapp-campaign [32m200[0m 0.882 ms - 13[0m
[0mGET /api/refunds/queue [32m200[0m 1.072 ms - 12[0m
[0mGET /api/refunds/tasks/next?type=REVIEW_VERIFY&worker_id=review-verifier [32m200[0m 1.200 ms - 13[0m
[0mGET /api/refunds/tasks/next?type=WHATSAPP_BLAST&worker_id=whatsapp-campaign [32m200[0m 1.109 ms - 13[0m
[0mGET /api/refunds/tasks/next?type=REVIEW_VERIFY&worker_id=review-verifier [32m200[0m 0.737 ms - 13[0m
[0mGET /api/refunds/tasks/next?type=WHATSAPP_BLAST&worker_id=whatsapp-campaign [32m200[0m 0.709 ms - 13[0m
[0mGET /api/refunds/tasks/next?type=REVIEW_VERIFY&worker_id=review-verifier [32m200[0m 3.502 ms - 13[0m
[0mGET /api/refunds/tasks/next?type=WHATSAPP_BLAST&worker_id=whatsapp-campaign [32m200[0m 0.956 ms - 13[0m
[0mGET /api/refunds/queue [32m200[0m 1.507 ms - 12[0m
[0mGET /api/refunds/tasks/next?type=REVIEW_VERIFY&worker_id=review-verifier [32m200[0m 1.881 ms - 13[0m
[0mGET /api/refunds/tasks/next?type=WHATSAPP_BLAST&worker_id=whatsapp-campaign [32m200[0m 1.049 ms - 13[0m
[0mGET /api/refunds/tasks/next?type=REVIEW_VERIFY&worker_id=review-verifier [32m200[0m 1.341 ms - 13[0m
[0mGET /api/refunds/tasks/next?type=WHATSAPP_BLAST&worker_id=whatsapp-campaign [32m200[0m 0.712 ms - 13[0m
[0mGET /api/refunds/tasks/next?type=REVIEW_VERIFY&worker_id=review-verifier [32m200[0m 0.998 ms - 13[0m
[0mGET /api/refunds/tasks/next?type=WHATSAPP_BLAST&worker_id=whatsapp-campaign [32m200[0m 0.652 ms - 13[0m
[0mGET /api/refunds/queue [32m200[0m 1.194 ms - 12[0m
[0mGET /api/refunds/tasks/next?type=REVIEW_VERIFY&worker_id=review-verifier [32m200[0m 0.913 ms - 13[0m
[0mGET /api/refunds/tasks/next?type=WHATSAPP_BLAST&worker_id=whatsapp-campaign [32m200[0m 1.027 ms - 13[0m
[0mGET /api/refunds/tasks/next?type=REVIEW_VERIFY&worker_id=review-verifier [32m200[0m 1.069 ms - 13[0m
[0mGET /api/refunds/tasks/next?type=WHATSAPP_BLAST&worker_id=whatsapp-campaign [32m200[0m 0.772 ms - 13[0m
[0mGET /api/refunds/tasks/next?type=REVIEW_VERIFY&worker_id=review-verifier [32m200[0m 1.924 ms - 13[0m
[0mGET /api/refunds/tasks/next?type=WHATSAPP_BLAST&worker_id=whatsapp-campaign [32m200[0m 0.816 ms - 13[0m
[0mGET /api/refunds/queue [32m200[0m 0.843 ms - 12[0m
[0mGET /api/refunds/tasks/next?type=REVIEW_VERIFY&worker_id=review-verifier [32m200[0m 1.740 ms - 13[0m
[0mGET /api/refunds/tasks/next?type=WHATSAPP_BLAST&worker_id=whatsapp-campaign [32m200[0m 1.296 ms - 13[0m
[0mGET /api/refunds/tasks/next?type=REVIEW_VERIFY&worker_id=review-verifier [32m200[0m 0.984 ms - 13[0m
[0mGET /api/refunds/tasks/next?type=WHATSAPP_BLAST&worker_id=whatsapp-campaign [32m200[0m 1.182 ms - 13[0m
[0mGET /api/refunds/tasks/next?type=REVIEW_VERIFY&worker_id=review-verifier [32m200[0m 2.574 ms - 13[0m
[0mGET /api/refunds/tasks/next?type=WHATSAPP_BLAST&worker_id=whatsapp-campaign [32m200[0m 0.810 ms - 13[0m
[0mGET /api/refunds/queue [32m200[0m 2.105 ms - 12[0m
[0mGET /api/refunds/tasks/next?type=REVIEW_VERIFY&worker_id=review-verifier [32m200[0m 0.744 ms - 13[0m
[0mGET /api/refunds/tasks/next?type=WHATSAPP_BLAST&worker_id=whatsapp-campaign [32m200[0m 0.942 ms - 13[0m
[0mGET /api/refunds/tasks/next?type=REVIEW_VERIFY&worker_id=review-verifier [32m200[0m 0.933 ms - 13[0m
[0mGET /api/refunds/tasks/next?type=WHATSAPP_BLAST&worker_id=whatsapp-campaign [32m200[0m 0.741 ms - 13[0m
[0mGET /api/refunds/tasks/next?type=REVIEW_VERIFY&worker_id=review-verifier [32m200[0m 2.342 ms - 13[0m
[0mGET /api/refunds/tasks/next?type=WHATSAPP_BLAST&worker_id=whatsapp-campaign [32m200[0m 1.691 ms - 13[0m
[0mGET /api/refunds/queue [32m200[0m 1.735 ms - 12[0m
[0mGET /api/refunds/tasks/next?type=REVIEW_VERIFY&worker_id=review-verifier [32m200[0m 0.966 ms - 13[0m
[0mGET /api/refunds/tasks/next?type=WHATSAPP_BLAST&worker_id=whatsapp-campaign [32m200[0m 0.752 ms - 13[0m
[0mGET /api/refunds/tasks/next?type=REVIEW_VERIFY&worker_id=review-verifier [32m200[0m 1.881 ms - 13[0m
[0mGET /api/refunds/tasks/next?type=WHATSAPP_BLAST&worker_id=whatsapp-campaign [32m200[0m 0.788 ms - 13[0m
[0mGET /api/refunds/tasks/next?type=REVIEW_VERIFY&worker_id=review-verifier [32m200[0m 26.016 ms - 13[0m
[0mGET /api/refunds/tasks/next?type=WHATSAPP_BLAST&worker_id=whatsapp-campaign [32m200[0m 0.690 ms - 13[0m
[0mGET /api/refunds/queue [32m200[0m 1.417 ms - 12[0m
[0mGET /api/refunds/tasks/next?type=REVIEW_VERIFY&worker_id=review-verifier [32m200[0m 0.763 ms - 13[0m
[0mGET /api/refunds/tasks/next?type=WHATSAPP_BLAST&worker_id=whatsapp-campaign [32m200[0m 0.767 ms - 13[0m
[0mGET /api/refunds/tasks/next?type=REVIEW_VERIFY&worker_id=review-verifier [32m200[0m 3.702 ms - 13[0m
[0mGET /api/refunds/tasks/next?type=WHATSAPP_BLAST&worker_id=whatsapp-campaign [32m200[0m 0.722 ms - 13[0m
[0mGET /api/refunds/tasks/next?type=REVIEW_VERIFY&worker_id=review-verifier [32m200[0m 1.327 ms - 13[0m
[0mGET /api/refunds/tasks/next?type=WHATSAPP_BLAST&worker_id=whatsapp-campaign [32m200[0m 1.243 ms - 13[0m
[0mGET /api/refunds/queue [32m200[0m 2.227 ms - 12[0m
[0mGET /api/refunds/tasks/next?type=REVIEW_VERIFY&worker_id=review-verifier [32m200[0m 0.893 ms - 13[0m
[0mGET /api/refunds/tasks/next?type=WHATSAPP_BLAST&worker_id=whatsapp-campaign [32m200[0m 0.752 ms - 13[0m
[0mGET /api/refunds/tasks/next?type=REVIEW_VERIFY&worker_id=review-verifier [32m200[0m 1.389 ms - 13[0m
[0mGET /api/refunds/tasks/next?type=WHATSAPP_BLAST&worker_id=whatsapp-campaign [32m200[0m 1.151 ms - 13[0m
[0mGET /api/refunds/tasks/next?type=REVIEW_VERIFY&worker_id=review-verifier [32m200[0m 1.655 ms - 13[0m
[0mGET /api/refunds/tasks/next?type=WHATSAPP_BLAST&worker_id=whatsapp-campaign [32m200[0m 0.692 ms - 13[0m
[0mGET /api/refunds/queue [32m200[0m 1.168 ms - 12[0m
[0mGET /api/refunds/tasks/next?type=REVIEW_VERIFY&worker_id=review-verifier [32m200[0m 0.728 ms - 13[0m
[0mGET /api/refunds/tasks/next?type=WHATSAPP_BLAST&worker_id=whatsapp-campaign [32m200[0m 2.046 ms - 13[0m
[0mGET /api/refunds/tasks/next?type=REVIEW_VERIFY&worker_id=review-verifier [32m200[0m 0.886 ms - 13[0m
[0mGET /api/refunds/tasks/next?type=WHATSAPP_BLAST&worker_id=whatsapp-campaign [32m200[0m 1.025 ms - 13[0m
[0mGET /api/refunds/tasks/next?type=REVIEW_VERIFY&worker_id=review-verifier [32m200[0m 1.998 ms - 13[0m
[0mGET /api/refunds/tasks/next?type=WHATSAPP_BLAST&worker_id=whatsapp-campaign [32m200[0m 0.777 ms - 13[0m
[0mGET /api/refunds/queue [32m200[0m 1.378 ms - 12[0m
[0mGET /api/refunds/tasks/next?type=REVIEW_VERIFY&worker_id=review-verifier [32m200[0m 0.821 ms - 13[0m
[0mGET /api/refunds/tasks/next?type=WHATSAPP_BLAST&worker_id=whatsapp-campaign [32m200[0m 4.011 ms - 13[0m
[0mGET /api/refunds/tasks/next?type=REVIEW_VERIFY&worker_id=review-verifier [32m200[0m 1.560 ms - 13[0m
[0mGET /api/refunds/tasks/next?type=WHATSAPP_BLAST&worker_id=whatsapp-campaign [32m200[0m 2.093 ms - 13[0m
[0mGET /api/refunds/tasks/next?type=REVIEW_VERIFY&worker_id=review-verifier [32m200[0m 1.781 ms - 13[0m
[0mGET /api/refunds/tasks/next?type=WHATSAPP_BLAST&worker_id=whatsapp-campaign [32m200[0m 0.749 ms - 13[0m
[0mGET /api/refunds/queue [32m200[0m 1.512 ms - 12[0m
[0mGET /api/refunds/tasks/next?type=REVIEW_VERIFY&worker_id=review-verifier [32m200[0m 0.870 ms - 13[0m
[0mGET /api/refunds/tasks/next?type=WHATSAPP_BLAST&worker_id=whatsapp-campaign [32m200[0m 0.956 ms - 13[0m
[0mGET /api/refunds/tasks/next?type=REVIEW_VERIFY&worker_id=review-verifier [32m200[0m 0.879 ms - 13[0m
[0mGET /api/refunds/tasks/next?type=WHATSAPP_BLAST&worker_id=whatsapp-campaign [32m200[0m 0.710 ms - 13[0m
[0mGET /api/refunds/tasks/next?type=REVIEW_VERIFY&worker_id=review-verifier [32m200[0m 2.730 ms - 13[0m
[0mGET /api/refunds/tasks/next?type=WHATSAPP_BLAST&worker_id=whatsapp-campaign [32m200[0m 1.476 ms - 13[0m
[0mGET /api/refunds/queue [32m200[0m 1.250 ms - 12[0m
[0mGET /api/refunds/tasks/next?type=REVIEW_VERIFY&worker_id=review-verifier [32m200[0m 0.896 ms - 13[0m
[0mGET /api/refunds/tasks/next?type=WHATSAPP_BLAST&worker_id=whatsapp-campaign [32m200[0m 0.684 ms - 13[0m
[0mGET /api/refunds/tasks/next?type=REVIEW_VERIFY&worker_id=review-verifier [32m200[0m 1.872 ms - 13[0m
[0mGET /api/refunds/tasks/next?type=WHATSAPP_BLAST&worker_id=whatsapp-campaign [32m200[0m 0.879 ms - 13[0m
[0mGET /api/refunds/tasks/next?type=REVIEW_VERIFY&worker_id=review-verifier [32m200[0m 0.660 ms - 13[0m
[0mGET /api/refunds/tasks/next?type=WHATSAPP_BLAST&worker_id=whatsapp-campaign [32m200[0m 2.116 ms - 13[0m
[0mGET /api/refunds/queue [32m200[0m 0.848 ms - 12[0m
[0mGET /api/refunds/tasks/next?type=REVIEW_VERIFY&worker_id=review-verifier [32m200[0m 2.287 ms - 13[0m
[0mGET /api/refunds/tasks/next?type=WHATSAPP_BLAST&worker_id=whatsapp-campaign [32m200[0m 0.707 ms - 13[0m
[0mGET /api/refunds/tasks/next?type=REVIEW_VERIFY&worker_id=review-verifier [32m200[0m 0.900 ms - 13[0m
[0mGET /api/refunds/tasks/next?type=WHATSAPP_BLAST&worker_id=whatsapp-campaign [32m200[0m 0.785 ms - 13[0m
[0mGET /api/refunds/tasks/next?type=REVIEW_VERIFY&worker_id=review-verifier [32m200[0m 1.077 ms - 13[0m
[0mGET /api/refunds/tasks/next?type=WHATSAPP_BLAST&worker_id=whatsapp-campaign [32m200[0m 0.952 ms - 13[0m
[0mGET /api/refunds/queue [32m200[0m 1.318 ms - 12[0m
[0mGET /api/refunds/tasks/next?type=REVIEW_VERIFY&worker_id=review-verifier [32m200[0m 1.448 ms - 13[0m
[0mGET /api/refunds/tasks/next?type=WHATSAPP_BLAST&worker_id=whatsapp-campaign [32m200[0m 1.439 ms - 13[0m
[0mGET /api/refunds/tasks/next?type=REVIEW_VERIFY&worker_id=review-verifier [32m200[0m 4.510 ms - 13[0m
[0mGET /api/refunds/tasks/next?type=WHATSAPP_BLAST&worker_id=whatsapp-campaign [32m200[0m 1.009 ms - 13[0m
[0mGET /api/refunds/tasks/next?type=REVIEW_VERIFY&worker_id=review-verifier [32m200[0m 4.334 ms - 13[0m
[0mGET /api/refunds/tasks/next?type=WHATSAPP_BLAST&worker_id=whatsapp-campaign [32m200[0m 4.495 ms - 13[0m
[0mGET /api/refunds/queue [32m200[0m 1.475 ms - 12[0m
[0mGET /api/refunds/tasks/next?type=REVIEW_VERIFY&worker_id=review-verifier [32m200[0m 0.975 ms - 13[0m
[0mGET /api/refunds/tasks/next?type=WHATSAPP_BLAST&worker_id=whatsapp-campaign [32m200[0m 0.722 ms - 13[0m
[0mGET /api/refunds/tasks/next?type=REVIEW_VERIFY&worker_id=review-verifier [32m200[0m 0.794 ms - 13[0m
[0mGET /api/refunds/tasks/next?type=WHATSAPP_BLAST&worker_id=whatsapp-campaign [32m200[0m 0.919 ms - 13[0m
[0mGET /api/refunds/tasks/next?type=REVIEW_VERIFY&worker_id=review-verifier [32m200[0m 2.009 ms - 13[0m
[0mGET /api/refunds/tasks/next?type=WHATSAPP_BLAST&worker_id=whatsapp-campaign [32m200[0m 0.850 ms - 13[0m
[0mGET /api/refunds/queue [32m200[0m 2.815 ms - 12[0m
[0mGET /api/refunds/tasks/next?type=REVIEW_VERIFY&worker_id=review-verifier [32m200[0m 3.683 ms - 13[0m
[0mGET /api/refunds/tasks/next?type=WHATSAPP_BLAST&worker_id=whatsapp-campaign [32m200[0m 1.585 ms - 13[0m
[0mGET /api/refunds/tasks/next?type=REVIEW_VERIFY&worker_id=review-verifier [32m200[0m 1.050 ms - 13[0m
[0mGET /api/refunds/tasks/next?type=WHATSAPP_BLAST&worker_id=whatsapp-campaign [32m200[0m 1.203 ms - 13[0m
[0mGET /api/refunds/tasks/next?type=REVIEW_VERIFY&worker_id=review-verifier [32m200[0m 0.986 ms - 13[0m
[0mGET /api/refunds/tasks/next?type=WHATSAPP_BLAST&worker_id=whatsapp-campaign [32m200[0m 0.955 ms - 13[0m
[0mGET /api/refunds/queue [32m200[0m 2.180 ms - 12[0m
[0mGET /api/refunds/tasks/next?type=REVIEW_VERIFY&worker_id=review-verifier [32m200[0m 1.078 ms - 13[0m
[0mGET /api/refunds/tasks/next?type=WHATSAPP_BLAST&worker_id=whatsapp-campaign [32m200[0m 1.353 ms - 13[0m
[0mGET /api/refunds/tasks/next?type=REVIEW_VERIFY&worker_id=review-verifier [32m200[0m 3.504 ms - 13[0m
[0mGET /api/refunds/tasks/next?type=WHATSAPP_BLAST&worker_id=whatsapp-campaign [32m200[0m 0.692 ms - 13[0m
[0mGET /api/refunds/tasks/next?type=REVIEW_VERIFY&worker_id=review-verifier [32m200[0m 1.344 ms - 13[0m
[0mGET /api/refunds/tasks/next?type=WHATSAPP_BLAST&worker_id=whatsapp-campaign [32m200[0m 0.676 ms - 13[0m
[0mGET /api/refunds/queue [32m200[0m 1.635 ms - 12[0m
[0mGET /api/refunds/tasks/next?type=REVIEW_VERIFY&worker_id=review-verifier [32m200[0m 0.903 ms - 13[0m
[0mGET /api/refunds/tasks/next?type=WHATSAPP_BLAST&worker_id=whatsapp-campaign [32m200[0m 0.778 ms - 13[0m
[0mGET /api/refunds/tasks/next?type=REVIEW_VERIFY&worker_id=review-verifier [32m200[0m 2.696 ms - 13[0m
[0mGET /api/refunds/tasks/next?type=WHATSAPP_BLAST&worker_id=whatsapp-campaign [32m200[0m 1.620 ms - 13[0m
[0mGET /api/refunds/tasks/next?type=REVIEW_VERIFY&worker_id=review-verifier [32m200[0m 1.357 ms - 13[0m
[0mGET /api/refunds/tasks/next?type=WHATSAPP_BLAST&worker_id=whatsapp-campaign [32m200[0m 4.148 ms - 13[0m
[0mGET /api/refunds/queue [32m200[0m 1.079 ms - 12[0m
[0mGET /api/refunds/tasks/next?type=REVIEW_VERIFY&worker_id=review-verifier [32m200[0m 0.824 ms - 13[0m
[0mGET /api/refunds/tasks/next?type=WHATSAPP_BLAST&worker_id=whatsapp-campaign [32m200[0m 0.779 ms - 13[0m
[0mGET /api/refunds/tasks/next?type=REVIEW_VERIFY&worker_id=review-verifier [32m200[0m 1.383 ms - 13[0m
[0mGET /api/refunds/tasks/next?type=WHATSAPP_BLAST&worker_id=whatsapp-campaign [32m200[0m 0.648 ms - 13[0m
[0mGET /api/refunds/tasks/next?type=REVIEW_VERIFY&worker_id=review-verifier [32m200[0m 1.141 ms - 13[0m
[0mGET /api/refunds/tasks/next?type=WHATSAPP_BLAST&worker_id=whatsapp-campaign [32m200[0m 0.723 ms - 13[0m
[0mGET /api/refunds/queue [32m200[0m 1.829 ms - 12[0m
[0mGET /api/refunds/tasks/next?type=REVIEW_VERIFY&worker_id=review-verifier [32m200[0m 0.806 ms - 13[0m
[0mGET /api/refunds/tasks/next?type=WHATSAPP_BLAST&worker_id=whatsapp-campaign [32m200[0m 0.787 ms - 13[0m
[0mGET /api/refunds/tasks/next?type=REVIEW_VERIFY&worker_id=review-verifier [32m200[0m 1.550 ms - 13[0m
[0mGET /api/refunds/tasks/next?type=WHATSAPP_BLAST&worker_id=whatsapp-campaign [32m200[0m 0.801 ms - 13[0m
[0mGET /api/refunds/tasks/next?type=REVIEW_VERIFY&worker_id=review-verifier [32m200[0m 1.965 ms - 13[0m
[0mGET /api/refunds/tasks/next?type=WHATSAPP_BLAST&worker_id=whatsapp-campaign [32m200[0m 1.080 ms - 13[0m
[0mGET /api/refunds/queue [32m200[0m 1.317 ms - 12[0m
[0mGET /api/refunds/tasks/next?type=REVIEW_VERIFY&worker_id=review-verifier [32m200[0m 0.741 ms - 13[0m
[0mGET /api/refunds/tasks/next?type=WHATSAPP_BLAST&worker_id=whatsapp-campaign [32m200[0m 1.087 ms - 13[0m
[0mGET /api/refunds/tasks/next?type=REVIEW_VERIFY&worker_id=review-verifier [32m200[0m 0.667 ms - 13[0m
[0mGET /api/refunds/tasks/next?type=WHATSAPP_BLAST&worker_id=whatsapp-campaign [32m200[0m 1.055 ms - 13[0m
[0mGET /api/refunds/tasks/next?type=REVIEW_VERIFY&worker_id=review-verifier [32m200[0m 1.771 ms - 13[0m
[0mGET /api/refunds/tasks/next?type=WHATSAPP_BLAST&worker_id=whatsapp-campaign [32m200[0m 3.064 ms - 13[0m
[0mGET /api/refunds/queue [32m200[0m 0.994 ms - 12[0m
[0mGET /api/refunds/tasks/next?type=REVIEW_VERIFY&worker_id=review-verifier [32m200[0m 2.073 ms - 13[0m
[0mGET /api/refunds/tasks/next?type=WHATSAPP_BLAST&worker_id=whatsapp-campaign [32m200[0m 0.988 ms - 13[0m
[0mGET /api/refunds/tasks/next?type=REVIEW_VERIFY&worker_id=review-verifier [32m200[0m 1.930 ms - 13[0m
[0mGET /api/refunds/tasks/next?type=WHATSAPP_BLAST&worker_id=whatsapp-campaign [32m200[0m 0.997 ms - 13[0m
[0mGET /api/refunds/tasks/next?type=REVIEW_VERIFY&worker_id=review-verifier [32m200[0m 1.596 ms - 13[0m
[0mGET /api/refunds/tasks/next?type=WHATSAPP_BLAST&worker_id=whatsapp-campaign [32m200[0m 0.856 ms - 13[0m
[0mGET /api/refunds/queue [32m200[0m 1.701 ms - 12[0m
[0mGET /api/refunds/tasks/next?type=REVIEW_VERIFY&worker_id=review-verifier [32m200[0m 0.825 ms - 13[0m
[0mGET /api/refunds/tasks/next?type=WHATSAPP_BLAST&worker_id=whatsapp-campaign [32m200[0m 0.718 ms - 13[0m
[0mGET /api/refunds/tasks/next?type=REVIEW_VERIFY&worker_id=review-verifier [32m200[0m 0.721 ms - 13[0m
[0mGET /api/refunds/tasks/next?type=WHATSAPP_BLAST&worker_id=whatsapp-campaign [32m200[0m 0.724 ms - 13[0m
[0mGET /api/refunds/tasks/next?type=REVIEW_VERIFY&worker_id=review-verifier [32m200[0m 2.623 ms - 13[0m
[0mGET /api/refunds/tasks/next?type=WHATSAPP_BLAST&worker_id=whatsapp-campaign [32m200[0m 0.892 ms - 13[0m
[0mGET /api/refunds/queue [32m200[0m 1.434 ms - 12[0m
[0mGET /api/refunds/tasks/next?type=REVIEW_VERIFY&worker_id=review-verifier [32m200[0m 1.082 ms - 13[0m
[0mGET /api/refunds/tasks/next?type=WHATSAPP_BLAST&worker_id=whatsapp-campaign [32m200[0m 0.803 ms - 13[0m
[0mGET /api/refunds/tasks/next?type=REVIEW_VERIFY&worker_id=review-verifier [32m200[0m 1.246 ms - 13[0m
[0mGET /api/refunds/tasks/next?type=WHATSAPP_BLAST&worker_id=whatsapp-campaign [32m200[0m 0.739 ms - 13[0m
[0mGET /api/refunds/tasks/next?type=REVIEW_VERIFY&worker_id=review-verifier [32m200[0m 3.723 ms - 13[0m
[0mGET /api/refunds/tasks/next?type=WHATSAPP_BLAST&worker_id=whatsapp-campaign [32m200[0m 0.899 ms - 13[0m
[0mGET /api/refunds/queue [32m200[0m 0.957 ms - 12[0m
[0mGET /api/refunds/tasks/next?type=REVIEW_VERIFY&worker_id=review-verifier [32m200[0m 1.380 ms - 13[0m
[0mGET /api/refunds/tasks/next?type=WHATSAPP_BLAST&worker_id=whatsapp-campaign [32m200[0m 0.789 ms - 13[0m
[0mGET /api/refunds/tasks/next?type=REVIEW_VERIFY&worker_id=review-verifier [32m200[0m 1.343 ms - 13[0m
[0mGET /api/refunds/tasks/next?type=WHATSAPP_BLAST&worker_id=whatsapp-campaign [32m200[0m 0.892 ms - 13[0m
[0mGET /api/refunds/tasks/next?type=REVIEW_VERIFY&worker_id=review-verifier [32m200[0m 1.327 ms - 13[0m
[0mGET /api/refunds/tasks/next?type=WHATSAPP_BLAST&worker_id=whatsapp-campaign [32m200[0m 1.002 ms - 13[0m
[0mGET /api/refunds/queue [32m200[0m 1.323 ms - 12[0m
[0mGET /api/refunds/tasks/next?type=REVIEW_VERIFY&worker_id=review-verifier [32m200[0m 0.762 ms - 13[0m
[0mGET /api/refunds/tasks/next?type=WHATSAPP_BLAST&worker_id=whatsapp-campaign [32m200[0m 0.711 ms - 13[0m
[0mGET /api/refunds/tasks/next?type=REVIEW_VERIFY&worker_id=review-verifier [32m200[0m 1.400 ms - 13[0m
[0mGET /api/refunds/tasks/next?type=WHATSAPP_BLAST&worker_id=whatsapp-campaign [32m200[0m 0.722 ms - 13[0m
[0mGET /api/refunds/tasks/next?type=REVIEW_VERIFY&worker_id=review-verifier [32m200[0m 1.902 ms - 13[0m
[0mGET /api/refunds/tasks/next?type=WHATSAPP_BLAST&worker_id=whatsapp-campaign [32m200[0m 0.709 ms - 13[0m
[0mGET /api/refunds/queue [32m200[0m 1.263 ms - 12[0m
[0mGET /api/refunds/tasks/next?type=REVIEW_VERIFY&worker_id=review-verifier [32m200[0m 1.060 ms - 13[0m
[0mGET /api/refunds/tasks/next?type=WHATSAPP_BLAST&worker_id=whatsapp-campaign [32m200[0m 0.693 ms - 13[0m
[0mGET /api/refunds/tasks/next?type=REVIEW_VERIFY&worker_id=review-verifier [32m200[0m 0.902 ms - 13[0m
[0mGET /api/refunds/tasks/next?type=WHATSAPP_BLAST&worker_id=whatsapp-campaign [32m200[0m 0.888 ms - 13[0m
[0mGET /api/refunds/tasks/next?type=REVIEW_VERIFY&worker_id=review-verifier [32m200[0m 1.611 ms - 13[0m
[0mGET /api/refunds/tasks/next?type=WHATSAPP_BLAST&worker_id=whatsapp-campaign [32m200[0m 2.393 ms - 13[0m
[0mGET /api/refunds/queue [32m200[0m 1.067 ms - 12[0m
[0mGET /api/refunds/tasks/next?type=REVIEW_VERIFY&worker_id=review-verifier [32m200[0m 0.653 ms - 13[0m
[0mGET /api/refunds/tasks/next?type=WHATSAPP_BLAST&worker_id=whatsapp-campaign [32m200[0m 0.832 ms - 13[0m
[0mGET /api/refunds/tasks/next?type=REVIEW_VERIFY&worker_id=review-verifier [32m200[0m 2.626 ms - 13[0m
[0mGET /api/refunds/tasks/next?type=WHATSAPP_BLAST&worker_id=whatsapp-campaign [32m200[0m 0.944 ms - 13[0m
[0mGET /api/refunds/tasks/next?type=REVIEW_VERIFY&worker_id=review-verifier [32m200[0m 1.314 ms - 13[0m
[0mGET /api/refunds/tasks/next?type=WHATSAPP_BLAST&worker_id=whatsapp-campaign [32m200[0m 0.913 ms - 13[0m
[0mGET /api/refunds/queue [32m200[0m 1.265 ms - 12[0m
[0mGET /api/refunds/tasks/next?type=REVIEW_VERIFY&worker_id=review-verifier [32m200[0m 0.784 ms - 13[0m
[0mGET /api/refunds/tasks/next?type=WHATSAPP_BLAST&worker_id=whatsapp-campaign [32m200[0m 0.923 ms - 13[0m
[0mGET /api/refunds/tasks/next?type=REVIEW_VERIFY&worker_id=review-verifier [32m200[0m 0.841 ms - 13[0m
[0mGET /api/refunds/tasks/next?type=WHATSAPP_BLAST&worker_id=whatsapp-campaign [32m200[0m 1.084 ms - 13[0m
[0mGET /api/refunds/tasks/next?type=REVIEW_VERIFY&worker_id=review-verifier [32m200[0m 2.342 ms - 13[0m
[0mGET /api/refunds/tasks/next?type=WHATSAPP_BLAST&worker_id=whatsapp-campaign [32m200[0m 1.765 ms - 13[0m
[0mGET /api/refunds/queue [32m200[0m 1.210 ms - 12[0m
[0mGET /api/refunds/tasks/next?type=REVIEW_VERIFY&worker_id=review-verifier [32m200[0m 1.382 ms - 13[0m
[0mGET /api/refunds/tasks/next?type=WHATSAPP_BLAST&worker_id=whatsapp-campaign [32m200[0m 1.200 ms - 13[0m
[0mGET /api/refunds/tasks/next?type=REVIEW_VERIFY&worker_id=review-verifier [32m200[0m 1.773 ms - 13[0m
[0mGET /api/refunds/tasks/next?type=WHATSAPP_BLAST&worker_id=whatsapp-campaign [32m200[0m 1.469 ms - 13[0m
[0mGET /api/refunds/tasks/next?type=REVIEW_VERIFY&worker_id=review-verifier [32m200[0m 2.538 ms - 13[0m
[0mGET /api/refunds/tasks/next?type=WHATSAPP_BLAST&worker_id=whatsapp-campaign [32m200[0m 0.850 ms - 13[0m
[0mGET /api/refunds/queue [32m200[0m 1.076 ms - 12[0m
[0mGET /api/refunds/tasks/next?type=REVIEW_VERIFY&worker_id=review-verifier [32m200[0m 0.788 ms - 13[0m
[0mGET /api/refunds/tasks/next?type=WHATSAPP_BLAST&worker_id=whatsapp-campaign [32m200[0m 0.833 ms - 13[0m
[0mGET /api/refunds/tasks/next?type=REVIEW_VERIFY&worker_id=review-verifier [32m200[0m 0.885 ms - 13[0m
[0mGET /api/refunds/tasks/next?type=WHATSAPP_BLAST&worker_id=whatsapp-campaign [32m200[0m 1.063 ms - 13[0m
[0mGET /api/refunds/tasks/next?type=REVIEW_VERIFY&worker_id=review-verifier [32m200[0m 3.004 ms - 13[0m
[0mGET /api/refunds/tasks/next?type=WHATSAPP_BLAST&worker_id=whatsapp-campaign [32m200[0m 0.808 ms - 13[0m
[0mGET /api/refunds/queue [32m200[0m 0.882 ms - 12[0m
[0mGET /api/refunds/tasks/next?type=REVIEW_VERIFY&worker_id=review-verifier [32m200[0m 1.209 ms - 13[0m
[0mGET /api/refunds/tasks/next?type=WHATSAPP_BLAST&worker_id=whatsapp-campaign [32m200[0m 0.685 ms - 13[0m
[0mGET /api/refunds/tasks/next?type=REVIEW_VERIFY&worker_id=review-verifier [32m200[0m 0.769 ms - 13[0m
[0mGET /api/refunds/tasks/next?type=WHATSAPP_BLAST&worker_id=whatsapp-campaign [32m200[0m 0.743 ms - 13[0m
[0mGET /api/refunds/tasks/next?type=REVIEW_VERIFY&worker_id=review-verifier [32m200[0m 1.090 ms - 13[0m
[0mGET /api/refunds/tasks/next?type=WHATSAPP_BLAST&worker_id=whatsapp-campaign [32m200[0m 0.734 ms - 13[0m
[0mGET /api/refunds/queue [32m200[0m 1.219 ms - 12[0m
[0mGET /api/refunds/tasks/next?type=REVIEW_VERIFY&worker_id=review-verifier [32m200[0m 0.759 ms - 13[0m
[0mGET /api/refunds/tasks/next?type=WHATSAPP_BLAST&worker_id=whatsapp-campaign [32m200[0m 0.843 ms - 13[0m
[0mGET /api/refunds/tasks/next?type=REVIEW_VERIFY&worker_id=review-verifier [32m200[0m 0.947 ms - 13[0m
[0mGET /api/refunds/tasks/next?type=WHATSAPP_BLAST&worker_id=whatsapp-campaign [32m200[0m 0.905 ms - 13[0m
[0mGET /api/refunds/tasks/next?type=REVIEW_VERIFY&worker_id=review-verifier [32m200[0m 1.127 ms - 13[0m
[0mGET /api/refunds/tasks/next?type=WHATSAPP_BLAST&worker_id=whatsapp-campaign [32m200[0m 0.827 ms - 13[0m
[0mGET /api/refunds/queue [32m200[0m 0.949 ms - 12[0m
[0mGET /api/refunds/tasks/next?type=REVIEW_VERIFY&worker_id=review-verifier [32m200[0m 1.111 ms - 13[0m
[0mGET /api/refunds/tasks/next?type=WHATSAPP_BLAST&worker_id=whatsapp-campaign [32m200[0m 0.686 ms - 13[0m
[0mGET /api/refunds/tasks/next?type=REVIEW_VERIFY&worker_id=review-verifier [32m200[0m 1.125 ms - 13[0m
[0mGET /api/refunds/tasks/next?type=WHATSAPP_BLAST&worker_id=whatsapp-campaign [32m200[0m 0.854 ms - 13[0m
[0mGET /api/refunds/tasks/next?type=REVIEW_VERIFY&worker_id=review-verifier [32m200[0m 1.016 ms - 13[0m
[0mGET /api/refunds/tasks/next?type=WHATSAPP_BLAST&worker_id=whatsapp-campaign [32m200[0m 0.675 ms - 13[0m
[0mGET /api/refunds/queue [32m200[0m 0.999 ms - 12[0m
[0mGET /api/refunds/tasks/next?type=REVIEW_VERIFY&worker_id=review-verifier [32m200[0m 0.843 ms - 13[0m
[0mGET /api/refunds/tasks/next?type=WHATSAPP_BLAST&worker_id=whatsapp-campaign [32m200[0m 0.735 ms - 13[0m
[0mGET /api/refunds/tasks/next?type=REVIEW_VERIFY&worker_id=review-verifier [32m200[0m 0.850 ms - 13[0m
[0mGET /api/refunds/tasks/next?type=WHATSAPP_BLAST&worker_id=whatsapp-campaign [32m200[0m 0.650 ms - 13[0m
[0mGET /api/refunds/tasks/next?type=REVIEW_VERIFY&worker_id=review-verifier [32m200[0m 1.509 ms - 13[0m
[0mGET /api/refunds/tasks/next?type=WHATSAPP_BLAST&worker_id=whatsapp-campaign [32m200[0m 0.697 ms - 13[0m
[0mGET /api/refunds/queue [32m200[0m 1.258 ms - 12[0m
[0mGET /api/refunds/tasks/next?type=REVIEW_VERIFY&worker_id=review-verifier [32m200[0m 0.859 ms - 13[0m
[0mGET /api/refunds/tasks/next?type=WHATSAPP_BLAST&worker_id=whatsapp-campaign [32m200[0m 0.717 ms - 13[0m
[0mGET /api/refunds/tasks/next?type=REVIEW_VERIFY&worker_id=review-verifier [32m200[0m 1.565 ms - 13[0m
[0mGET /api/refunds/tasks/next?type=WHATSAPP_BLAST&worker_id=whatsapp-campaign [32m200[0m 0.786 ms - 13[0m
[0mGET /api/refunds/tasks/next?type=REVIEW_VERIFY&worker_id=review-verifier [32m200[0m 1.379 ms - 13[0m
[0mGET /api/refunds/tasks/next?type=WHATSAPP_BLAST&worker_id=whatsapp-campaign [32m200[0m 0.682 ms - 13[0m
[0mGET /api/refunds/queue [32m200[0m 1.359 ms - 12[0m
[0mGET /api/refunds/tasks/next?type=REVIEW_VERIFY&worker_id=review-verifier [32m200[0m 1.256 ms - 13[0m
[0mGET /api/refunds/tasks/next?type=WHATSAPP_BLAST&worker_id=whatsapp-campaign [32m200[0m 0.845 ms - 13[0m
[0mGET /api/refunds/tasks/next?type=REVIEW_VERIFY&worker_id=review-verifier [32m200[0m 0.763 ms - 13[0m
[0mGET /api/refunds/tasks/next?type=WHATSAPP_BLAST&worker_id=whatsapp-campaign [32m200[0m 0.761 ms - 13[0m
[0mGET /api/refunds/tasks/next?type=REVIEW_VERIFY&worker_id=review-verifier [32m200[0m 0.938 ms - 13[0m
[0mGET /api/refunds/tasks/next?type=WHATSAPP_BLAST&worker_id=whatsapp-campaign [32m200[0m 0.752 ms - 13[0m
[0mGET /api/refunds/queue [32m200[0m 2.028 ms - 12[0m
[0mGET /api/refunds/tasks/next?type=REVIEW_VERIFY&worker_id=review-verifier [32m200[0m 1.000 ms - 13[0m
[0mGET /api/refunds/tasks/next?type=WHATSAPP_BLAST&worker_id=whatsapp-campaign [32m200[0m 0.877 ms - 13[0m
[0mGET /api/refunds/tasks/next?type=REVIEW_VERIFY&worker_id=review-verifier [32m200[0m 1.250 ms - 13[0m
[0mGET /api/refunds/tasks/next?type=WHATSAPP_BLAST&worker_id=whatsapp-campaign [32m200[0m 0.734 ms - 13[0m
[0mGET /api/refunds/tasks/next?type=REVIEW_VERIFY&worker_id=review-verifier [32m200[0m 1.595 ms - 13[0m
[0mGET /api/refunds/tasks/next?type=WHATSAPP_BLAST&worker_id=whatsapp-campaign [32m200[0m 0.768 ms - 13[0m
[0mGET /api/refunds/queue [32m200[0m 1.277 ms - 12[0m
[0mGET /api/refunds/tasks/next?type=REVIEW_VERIFY&worker_id=review-verifier [32m200[0m 0.651 ms - 13[0m
[0mGET /api/refunds/tasks/next?type=WHATSAPP_BLAST&worker_id=whatsapp-campaign [32m200[0m 1.669 ms - 13[0m
[0mGET /api/refunds/tasks/next?type=REVIEW_VERIFY&worker_id=review-verifier [32m200[0m 0.764 ms - 13[0m
[0mGET /api/refunds/tasks/next?type=WHATSAPP_BLAST&worker_id=whatsapp-campaign [32m200[0m 1.126 ms - 13[0m
[0mGET /api/refunds/tasks/next?type=REVIEW_VERIFY&worker_id=review-verifier [32m200[0m 1.183 ms - 13[0m
[0mGET /api/refunds/tasks/next?type=WHATSAPP_BLAST&worker_id=whatsapp-campaign [32m200[0m 0.898 ms - 13[0m
[0mGET /api/refunds/queue [32m200[0m 2.032 ms - 12[0m
[0mGET /api/refunds/tasks/next?type=REVIEW_VERIFY&worker_id=review-verifier [32m200[0m 0.781 ms - 13[0m
[0mGET /api/refunds/tasks/next?type=WHATSAPP_BLAST&worker_id=whatsapp-campaign [32m200[0m 0.644 ms - 13[0m
[0mGET /api/refunds/tasks/next?type=REVIEW_VERIFY&worker_id=review-verifier [32m200[0m 1.139 ms - 13[0m
[0mGET /api/refunds/tasks/next?type=WHATSAPP_BLAST&worker_id=whatsapp-campaign [32m200[0m 0.653 ms - 13[0m
[0mGET /api/refunds/tasks/next?type=REVIEW_VERIFY&worker_id=review-verifier [32m200[0m 0.845 ms - 13[0m
[0mGET /api/refunds/tasks/next?type=WHATSAPP_BLAST&worker_id=whatsapp-campaign [32m200[0m 0.786 ms - 13[0m
[0mGET /api/refunds/queue [32m200[0m 1.893 ms - 12[0m
[0mGET /api/refunds/tasks/next?type=REVIEW_VERIFY&worker_id=review-verifier [32m200[0m 0.901 ms - 13[0m
[0mGET /api/refunds/tasks/next?type=WHATSAPP_BLAST&worker_id=whatsapp-campaign [32m200[0m 0.809 ms - 13[0m
[0mGET /api/refunds/tasks/next?type=REVIEW_VERIFY&worker_id=review-verifier [32m200[0m 0.724 ms - 13[0m
[0mGET /api/refunds/tasks/next?type=WHATSAPP_BLAST&worker_id=whatsapp-campaign [32m200[0m 0.710 ms - 13[0m
[0mGET /api/refunds/tasks/next?type=REVIEW_VERIFY&worker_id=review-verifier [32m200[0m 1.752 ms - 13[0m
[0mGET /api/refunds/tasks/next?type=WHATSAPP_BLAST&worker_id=whatsapp-campaign [32m200[0m 0.749 ms - 13[0m
[0mGET /api/refunds/queue [32m200[0m 0.937 ms - 12[0m
[0mGET /api/refunds/tasks/next?type=REVIEW_VERIFY&worker_id=review-verifier [32m200[0m 1.330 ms - 13[0m
[0mGET /api/refunds/tasks/next?type=WHATSAPP_BLAST&worker_id=whatsapp-campaign [32m200[0m 1.357 ms - 13[0m
[0mGET /api/refunds/tasks/next?type=REVIEW_VERIFY&worker_id=review-verifier [32m200[0m 1.174 ms - 13[0m
[0mGET /api/refunds/tasks/next?type=WHATSAPP_BLAST&worker_id=whatsapp-campaign [32m200[0m 0.678 ms - 13[0m
[0mGET /api/refunds/tasks/next?type=REVIEW_VERIFY&worker_id=review-verifier [32m200[0m 2.007 ms - 13[0m
[0mGET /api/refunds/tasks/next?type=WHATSAPP_BLAST&worker_id=whatsapp-campaign [32m200[0m 0.748 ms - 13[0m
[0mGET /api/refunds/queue [32m200[0m 1.301 ms - 12[0m
[0mGET /api/refunds/tasks/next?type=REVIEW_VERIFY&worker_id=review-verifier [32m200[0m 1.717 ms - 13[0m
[0mGET /api/refunds/tasks/next?type=WHATSAPP_BLAST&worker_id=whatsapp-campaign [32m200[0m 0.719 ms - 13[0m
[0mGET /api/refunds/tasks/next?type=REVIEW_VERIFY&worker_id=review-verifier [32m200[0m 0.706 ms - 13[0m
[0mGET /api/refunds/tasks/next?type=WHATSAPP_BLAST&worker_id=whatsapp-campaign [32m200[0m 0.806 ms - 13[0m
[0mGET /api/refunds/tasks/next?type=REVIEW_VERIFY&worker_id=review-verifier [32m200[0m 0.719 ms - 13[0m
[0mGET /api/refunds/tasks/next?type=WHATSAPP_BLAST&worker_id=whatsapp-campaign [32m200[0m 1.567 ms - 13[0m
[0mGET /api/refunds/queue [32m200[0m 1.681 ms - 12[0m
[0mGET /api/refunds/tasks/next?type=REVIEW_VERIFY&worker_id=review-verifier [32m200[0m 1.217 ms - 13[0m
[0mGET /api/refunds/tasks/next?type=WHATSAPP_BLAST&worker_id=whatsapp-campaign [32m200[0m 0.831 ms - 13[0m
[0mGET /api/refunds/tasks/next?type=REVIEW_VERIFY&worker_id=review-verifier [32m200[0m 1.375 ms - 13[0m
[0mGET /api/refunds/tasks/next?type=WHATSAPP_BLAST&worker_id=whatsapp-campaign [32m200[0m 1.301 ms - 13[0m
[0mGET /api/refunds/tasks/next?type=REVIEW_VERIFY&worker_id=review-verifier [32m200[0m 0.964 ms - 13[0m
[0mGET /api/refunds/tasks/next?type=WHATSAPP_BLAST&worker_id=whatsapp-campaign [32m200[0m 0.884 ms - 13[0m
[0mGET /api/refunds/queue [32m200[0m 5.707 ms - 12[0m
[0mGET /api/refunds/tasks/next?type=REVIEW_VERIFY&worker_id=review-verifier [32m200[0m 1.110 ms - 13[0m
[0mGET /api/refunds/tasks/next?type=WHATSAPP_BLAST&worker_id=whatsapp-campaign [32m200[0m 0.699 ms - 13[0m
[0mGET /api/refunds/tasks/next?type=REVIEW_VERIFY&worker_id=review-verifier [32m200[0m 1.165 ms - 13[0m
[0mGET /api/refunds/tasks/next?type=WHATSAPP_BLAST&worker_id=whatsapp-campaign [32m200[0m 0.805 ms - 13[0m
[0mGET /api/refunds/tasks/next?type=REVIEW_VERIFY&worker_id=review-verifier [32m200[0m 1.277 ms - 13[0m
[0mGET /api/refunds/tasks/next?type=WHATSAPP_BLAST&worker_id=whatsapp-campaign [32m200[0m 1.212 ms - 13[0m
[0mGET /api/refunds/queue [32m200[0m 1.182 ms - 12[0m
[0mGET /api/refunds/tasks/next?type=REVIEW_VERIFY&worker_id=review-verifier [32m200[0m 0.988 ms - 13[0m
[0mGET /api/refunds/tasks/next?type=WHATSAPP_BLAST&worker_id=whatsapp-campaign [32m200[0m 1.564 ms - 13[0m
[0mGET /api/refunds/tasks/next?type=REVIEW_VERIFY&worker_id=review-verifier [32m200[0m 0.947 ms - 13[0m
[0mGET /api/refunds/tasks/next?type=WHATSAPP_BLAST&worker_id=whatsapp-campaign [32m200[0m 0.721 ms - 13[0m
[0mGET /api/refunds/tasks/next?type=REVIEW_VERIFY&worker_id=review-verifier [32m200[0m 2.081 ms - 13[0m
[0mGET /api/refunds/tasks/next?type=WHATSAPP_BLAST&worker_id=whatsapp-campaign [32m200[0m 4.081 ms - 13[0m
[0mGET /api/refunds/queue [32m200[0m 1.721 ms - 12[0m
[0mGET /api/refunds/tasks/next?type=REVIEW_VERIFY&worker_id=review-verifier [32m200[0m 1.976 ms - 13[0m
[0mGET /api/refunds/tasks/next?type=WHATSAPP_BLAST&worker_id=whatsapp-campaign [32m200[0m 1.192 ms - 13[0m
[0mGET /api/refunds/tasks/next?type=REVIEW_VERIFY&worker_id=review-verifier [32m200[0m 1.824 ms - 13[0m
[0mGET /api/refunds/tasks/next?type=WHATSAPP_BLAST&worker_id=whatsapp-campaign [32m200[0m 0.857 ms - 13[0m
[0mGET /api/refunds/tasks/next?type=REVIEW_VERIFY&worker_id=review-verifier [32m200[0m 1.780 ms - 13[0m
[0mGET /api/refunds/tasks/next?type=WHATSAPP_BLAST&worker_id=whatsapp-campaign [32m200[0m 0.811 ms - 13[0m
[0mGET /api/refunds/queue [32m200[0m 1.588 ms - 12[0m
[0mGET /api/refunds/tasks/next?type=REVIEW_VERIFY&worker_id=review-verifier [32m200[0m 0.706 ms - 13[0m
[0mGET /api/refunds/tasks/next?type=WHATSAPP_BLAST&worker_id=whatsapp-campaign [32m200[0m 1.162 ms - 13[0m
[0mGET /api/refunds/tasks/next?type=REVIEW_VERIFY&worker_id=review-verifier [32m200[0m 0.936 ms - 13[0m
[0mGET /api/refunds/tasks/next?type=WHATSAPP_BLAST&worker_id=whatsapp-campaign [32m200[0m 1.861 ms - 13[0m
[0mGET /api/refunds/tasks/next?type=REVIEW_VERIFY&worker_id=review-verifier [32m200[0m 1.046 ms - 13[0m
[0mGET /api/refunds/tasks/next?type=WHATSAPP_BLAST&worker_id=whatsapp-campaign [32m200[0m 1.132 ms - 13[0m
[0mGET /api/refunds/queue [32m200[0m 1.118 ms - 12[0m
[0mGET /api/refunds/tasks/next?type=REVIEW_VERIFY&worker_id=review-verifier [32m200[0m 0.762 ms - 13[0m
[0mGET /api/refunds/tasks/next?type=WHATSAPP_BLAST&worker_id=whatsapp-campaign [32m200[0m 0.893 ms - 13[0m
[0mGET /api/refunds/tasks/next?type=REVIEW_VERIFY&worker_id=review-verifier [32m200[0m 1.016 ms - 13[0m
[0mGET /api/refunds/tasks/next?type=WHATSAPP_BLAST&worker_id=whatsapp-campaign [32m200[0m 1.199 ms - 13[0m
[0mGET /api/refunds/tasks/next?type=REVIEW_VERIFY&worker_id=review-verifier [32m200[0m 3.212 ms - 13[0m
[0mGET /api/refunds/tasks/next?type=WHATSAPP_BLAST&worker_id=whatsapp-campaign [32m200[0m 1.234 ms - 13[0m
[0mGET /api/refunds/queue [32m200[0m 1.825 ms - 12[0m
[0mGET /api/refunds/tasks/next?type=REVIEW_VERIFY&worker_id=review-verifier [32m200[0m 1.643 ms - 13[0m
[0mGET /api/refunds/tasks/next?type=WHATSAPP_BLAST&worker_id=whatsapp-campaign [32m200[0m 0.800 ms - 13[0m
[0mGET /api/refunds/tasks/next?type=REVIEW_VERIFY&worker_id=review-verifier [32m200[0m 1.896 ms - 13[0m
[0mGET /api/refunds/tasks/next?type=WHATSAPP_BLAST&worker_id=whatsapp-campaign [32m200[0m 1.395 ms - 13[0m
[0mGET /api/refunds/tasks/next?type=REVIEW_VERIFY&worker_id=review-verifier [32m200[0m 1.597 ms - 13[0m
[0mGET /api/refunds/tasks/next?type=WHATSAPP_BLAST&worker_id=whatsapp-campaign [32m200[0m 0.828 ms - 13[0m
[0mGET /api/refunds/queue [32m200[0m 3.175 ms - 12[0m
[0mGET /api/refunds/tasks/next?type=REVIEW_VERIFY&worker_id=review-verifier [32m200[0m 1.151 ms - 13[0m
[0mGET /api/refunds/tasks/next?type=WHATSAPP_BLAST&worker_id=whatsapp-campaign [32m200[0m 1.679 ms - 13[0m
[0mGET /api/refunds/tasks/next?type=REVIEW_VERIFY&worker_id=review-verifier [32m200[0m 1.395 ms - 13[0m
[0mGET /api/refunds/tasks/next?type=WHATSAPP_BLAST&worker_id=whatsapp-campaign [32m200[0m 1.627 ms - 13[0m
[0mGET /api/refunds/tasks/next?type=REVIEW_VERIFY&worker_id=review-verifier [32m200[0m 0.756 ms - 13[0m
[0mGET /api/refunds/tasks/next?type=WHATSAPP_BLAST&worker_id=whatsapp-campaign [32m200[0m 0.798 ms - 13[0m
[0mGET /api/refunds/queue [32m200[0m 1.820 ms - 12[0m
[0mGET /api/refunds/tasks/next?type=REVIEW_VERIFY&worker_id=review-verifier [32m200[0m 2.031 ms - 13[0m
[0mGET /api/refunds/tasks/next?type=WHATSAPP_BLAST&worker_id=whatsapp-campaign [32m200[0m 1.548 ms - 13[0m
[0mGET /api/refunds/tasks/next?type=REVIEW_VERIFY&worker_id=review-verifier [32m200[0m 1.869 ms - 13[0m
[0mGET /api/refunds/tasks/next?type=WHATSAPP_BLAST&worker_id=whatsapp-campaign [32m200[0m 0.925 ms - 13[0m
[0mGET /api/refunds/tasks/next?type=REVIEW_VERIFY&worker_id=review-verifier [32m200[0m 0.599 ms - 13[0m
[0mGET /api/refunds/tasks/next?type=WHATSAPP_BLAST&worker_id=whatsapp-campaign [32m200[0m 2.052 ms - 13[0m
[0mGET /api/refunds/queue [32m200[0m 1.287 ms - 12[0m
[0mGET /api/refunds/tasks/next?type=REVIEW_VERIFY&worker_id=review-verifier [32m200[0m 1.342 ms - 13[0m
[0mGET /api/refunds/tasks/next?type=WHATSAPP_BLAST&worker_id=whatsapp-campaign [32m200[0m 0.749 ms - 13[0m
[0mGET /api/refunds/tasks/next?type=REVIEW_VERIFY&worker_id=review-verifier [32m200[0m 0.880 ms - 13[0m
[0mGET /api/refunds/tasks/next?type=WHATSAPP_BLAST&worker_id=whatsapp-campaign [32m200[0m 1.365 ms - 13[0m
[0mGET /api/refunds/tasks/next?type=REVIEW_VERIFY&worker_id=review-verifier [32m200[0m 1.856 ms - 13[0m
[0mGET /api/refunds/tasks/next?type=WHATSAPP_BLAST&worker_id=whatsapp-campaign [32m200[0m 0.837 ms - 13[0m
[0mGET /api/refunds/queue [32m200[0m 1.620 ms - 12[0m
[0mGET /api/refunds/tasks/next?type=REVIEW_VERIFY&worker_id=review-verifier [32m200[0m 1.335 ms - 13[0m
[0mGET /api/refunds/tasks/next?type=WHATSAPP_BLAST&worker_id=whatsapp-campaign [32m200[0m 1.253 ms - 13[0m
[0mGET /api/refunds/tasks/next?type=REVIEW_VERIFY&worker_id=review-verifier [32m200[0m 3.170 ms - 13[0m
[0mGET /api/refunds/tasks/next?type=WHATSAPP_BLAST&worker_id=whatsapp-campaign [32m200[0m 2.044 ms - 13[0m
[0mGET /api/refunds/tasks/next?type=REVIEW_VERIFY&worker_id=review-verifier [32m200[0m 1.408 ms - 13[0m
[0mGET /api/refunds/tasks/next?type=WHATSAPP_BLAST&worker_id=whatsapp-campaign [32m200[0m 1.422 ms - 13[0m
[0mGET /api/refunds/queue [32m200[0m 1.823 ms - 12[0m
[0mGET /api/refunds/tasks/next?type=REVIEW_VERIFY&worker_id=review-verifier [32m200[0m 1.378 ms - 13[0m
[0mGET /api/refunds/tasks/next?type=WHATSAPP_BLAST&worker_id=whatsapp-campaign [32m200[0m 1.360 ms - 13[0m
[0mGET /api/refunds/tasks/next?type=REVIEW_VERIFY&worker_id=review-verifier [32m200[0m 1.358 ms - 13[0m
[0mGET /api/refunds/tasks/next?type=WHATSAPP_BLAST&worker_id=whatsapp-campaign [32m200[0m 2.158 ms - 13[0m
[0mGET /api/refunds/tasks/next?type=REVIEW_VERIFY&worker_id=review-verifier [32m200[0m 1.939 ms - 13[0m
[0mGET /api/refunds/tasks/next?type=WHATSAPP_BLAST&worker_id=whatsapp-campaign [32m200[0m 1.700 ms - 13[0m
[0mGET /api/refunds/queue [32m200[0m 1.456 ms - 12[0m
[0mGET /api/refunds/tasks/next?type=REVIEW_VERIFY&worker_id=review-verifier [32m200[0m 1.582 ms - 13[0m
[0mGET /api/refunds/tasks/next?type=WHATSAPP_BLAST&worker_id=whatsapp-campaign [32m200[0m 0.942 ms - 13[0m
[0mGET /api/refunds/tasks/next?type=REVIEW_VERIFY&worker_id=review-verifier [32m200[0m 1.390 ms - 13[0m
[0mGET /api/refunds/tasks/next?type=WHATSAPP_BLAST&worker_id=whatsapp-campaign [32m200[0m 1.312 ms - 13[0m
[0mGET /api/refunds/tasks/next?type=REVIEW_VERIFY&worker_id=review-verifier [32m200[0m 1.695 ms - 13[0m
[0mGET /api/refunds/tasks/next?type=WHATSAPP_BLAST&worker_id=whatsapp-campaign [32m200[0m 2.196 ms - 13[0m
[0mGET /api/refunds/queue [32m200[0m 1.917 ms - 12[0m
[0mGET /api/refunds/tasks/next?type=REVIEW_VERIFY&worker_id=review-verifier [32m200[0m 1.533 ms - 13[0m
[0mGET /api/refunds/tasks/next?type=WHATSAPP_BLAST&worker_id=whatsapp-campaign [32m200[0m 0.851 ms - 13[0m
[0mGET /api/refunds/tasks/next?type=REVIEW_VERIFY&worker_id=review-verifier [32m200[0m 1.930 ms - 13[0m
[0mGET /api/refunds/tasks/next?type=WHATSAPP_BLAST&worker_id=whatsapp-campaign [32m200[0m 1.881 ms - 13[0m
[0mGET /api/refunds/tasks/next?type=REVIEW_VERIFY&worker_id=review-verifier [32m200[0m 2.003 ms - 13[0m
[0mGET /api/refunds/tasks/next?type=WHATSAPP_BLAST&worker_id=whatsapp-campaign [32m200[0m 1.026 ms - 13[0m
[0mGET /api/refunds/queue [32m200[0m 2.177 ms - 12[0m
[0mGET /api/refunds/tasks/next?type=REVIEW_VERIFY&worker_id=review-verifier [32m200[0m 1.229 ms - 13[0m
[0mGET /api/refunds/tasks/next?type=WHATSAPP_BLAST&worker_id=whatsapp-campaign [32m200[0m 1.467 ms - 13[0m
[0mGET /api/refunds/tasks/next?type=REVIEW_VERIFY&worker_id=review-verifier [32m200[0m 2.135 ms - 13[0m
[0mGET /api/refunds/tasks/next?type=WHATSAPP_BLAST&worker_id=whatsapp-campaign [32m200[0m 1.086 ms - 13[0m
[0mGET /api/refunds/tasks/next?type=REVIEW_VERIFY&worker_id=review-verifier [32m200[0m 2.518 ms - 13[0m
[0mGET /api/refunds/tasks/next?type=WHATSAPP_BLAST&worker_id=whatsapp-campaign [32m200[0m 0.781 ms - 13[0m
[0mGET /api/refunds/queue [32m200[0m 0.998 ms - 12[0m
[0mGET /api/refunds/tasks/next?type=REVIEW_VERIFY&worker_id=review-verifier [32m200[0m 2.612 ms - 13[0m
[0mGET /api/refunds/tasks/next?type=WHATSAPP_BLAST&worker_id=whatsapp-campaign [32m200[0m 1.123 ms - 13[0m
[0mGET /api/refunds/tasks/next?type=REVIEW_VERIFY&worker_id=review-verifier [32m200[0m 0.718 ms - 13[0m
[0mGET /api/refunds/tasks/next?type=WHATSAPP_BLAST&worker_id=whatsapp-campaign [32m200[0m 1.501 ms - 13[0m
[0mGET /api/refunds/tasks/next?type=REVIEW_VERIFY&worker_id=review-verifier [32m200[0m 1.547 ms - 13[0m
[0mGET /api/refunds/tasks/next?type=WHATSAPP_BLAST&worker_id=whatsapp-campaign [32m200[0m 1.210 ms - 13[0m
[0mGET /api/refunds/queue [32m200[0m 1.566 ms - 12[0m
[0mGET /api/refunds/tasks/next?type=REVIEW_VERIFY&worker_id=review-verifier [32m200[0m 1.599 ms - 13[0m
[0mGET /api/refunds/tasks/next?type=WHATSAPP_BLAST&worker_id=whatsapp-campaign [32m200[0m 1.877 ms - 13[0m
[0mGET /api/refunds/tasks/next?type=REVIEW_VERIFY&worker_id=review-verifier [32m200[0m 0.800 ms - 13[0m
[0mGET /api/refunds/tasks/next?type=WHATSAPP_BLAST&worker_id=whatsapp-campaign [32m200[0m 1.183 ms - 13[0m
[0mGET /api/refunds/tasks/next?type=REVIEW_VERIFY&worker_id=review-verifier [32m200[0m 0.856 ms - 13[0m
[0mGET /api/refunds/tasks/next?type=WHATSAPP_BLAST&worker_id=whatsapp-campaign [32m200[0m 1.609 ms - 13[0m
[0mGET /api/refunds/queue [32m200[0m 1.688 ms - 12[0m
[0mGET /api/refunds/tasks/next?type=REVIEW_VERIFY&worker_id=review-verifier [32m200[0m 3.315 ms - 13[0m
[0mGET /api/refunds/tasks/next?type=WHATSAPP_BLAST&worker_id=whatsapp-campaign [32m200[0m 1.885 ms - 13[0m
[0mGET /api/refunds/tasks/next?type=REVIEW_VERIFY&worker_id=review-verifier [32m200[0m 2.106 ms - 13[0m
[0mGET /api/refunds/tasks/next?type=WHATSAPP_BLAST&worker_id=whatsapp-campaign [32m200[0m 3.015 ms - 13[0m
[0mGET /api/refunds/tasks/next?type=REVIEW_VERIFY&worker_id=review-verifier [32m200[0m 1.089 ms - 13[0m
[0mGET /api/refunds/tasks/next?type=WHATSAPP_BLAST&worker_id=whatsapp-campaign [32m200[0m 2.056 ms - 13[0m
[0mGET /api/refunds/queue [32m200[0m 2.416 ms - 12[0m
[0mGET /api/refunds/tasks/next?type=REVIEW_VERIFY&worker_id=review-verifier [32m200[0m 0.816 ms - 13[0m
[0mGET /api/refunds/tasks/next?type=WHATSAPP_BLAST&worker_id=whatsapp-campaign [32m200[0m 2.121 ms - 13[0m
[0mGET /api/refunds/tasks/next?type=REVIEW_VERIFY&worker_id=review-verifier [32m200[0m 2.020 ms - 13[0m
[0mGET /api/refunds/tasks/next?type=WHATSAPP_BLAST&worker_id=whatsapp-campaign [32m200[0m 1.306 ms - 13[0m
[0mGET /api/refunds/tasks/next?type=REVIEW_VERIFY&worker_id=review-verifier [32m200[0m 2.698 ms - 13[0m
[0mGET /api/refunds/tasks/next?type=WHATSAPP_BLAST&worker_id=whatsapp-campaign [32m200[0m 1.825 ms - 13[0m
[0mGET /api/refunds/queue [32m200[0m 2.332 ms - 12[0m
[0mGET /api/refunds/tasks/next?type=REVIEW_VERIFY&worker_id=review-verifier [32m200[0m 1.752 ms - 13[0m
[0mGET /api/refunds/tasks/next?type=WHATSAPP_BLAST&worker_id=whatsapp-campaign [32m200[0m 1.881 ms - 13[0m
[0mGET /api/refunds/tasks/next?type=REVIEW_VERIFY&worker_id=review-verifier [32m200[0m 1.710 ms - 13[0m
[0mGET /api/refunds/tasks/next?type=WHATSAPP_BLAST&worker_id=whatsapp-campaign [32m200[0m 2.037 ms - 13[0m
[0mGET /api/refunds/tasks/next?type=REVIEW_VERIFY&worker_id=review-verifier [32m200[0m 1.293 ms - 13[0m
[0mGET /api/refunds/tasks/next?type=WHATSAPP_BLAST&worker_id=whatsapp-campaign [32m200[0m 1.317 ms - 13[0m
[0mGET /api/refunds/queue [32m200[0m 1.848 ms - 12[0m
[0mGET /api/refunds/tasks/next?type=REVIEW_VERIFY&worker_id=review-verifier [32m200[0m 3.565 ms - 13[0m
[0mGET /api/refunds/tasks/next?type=WHATSAPP_BLAST&worker_id=whatsapp-campaign [32m200[0m 1.864 ms - 13[0m
[0mGET /api/refunds/tasks/next?type=REVIEW_VERIFY&worker_id=review-verifier [32m200[0m 1.850 ms - 13[0m
[0mGET /api/refunds/tasks/next?type=WHATSAPP_BLAST&worker_id=whatsapp-campaign [32m200[0m 2.227 ms - 13[0m
[0mGET /api/refunds/tasks/next?type=REVIEW_VERIFY&worker_id=review-verifier [32m200[0m 1.532 ms - 13[0m
[0mGET /api/refunds/tasks/next?type=WHATSAPP_BLAST&worker_id=whatsapp-campaign [32m200[0m 2.146 ms - 13[0m
[0mGET /api/refunds/queue [32m200[0m 1.654 ms - 12[0m
[0mGET /api/refunds/tasks/next?type=REVIEW_VERIFY&worker_id=review-verifier [32m200[0m 2.191 ms - 13[0m
[0mGET /api/refunds/tasks/next?type=WHATSAPP_BLAST&worker_id=whatsapp-campaign [32m200[0m 1.282 ms - 13[0m
[0mGET /api/refunds/tasks/next?type=REVIEW_VERIFY&worker_id=review-verifier [32m200[0m 2.158 ms - 13[0m
[0mGET /api/refunds/tasks/next?type=WHATSAPP_BLAST&worker_id=whatsapp-campaign [32m200[0m 1.622 ms - 13[0m
[0mGET /api/refunds/tasks/next?type=REVIEW_VERIFY&worker_id=review-verifier [32m200[0m 0.881 ms - 13[0m
[0mGET /api/refunds/tasks/next?type=WHATSAPP_BLAST&worker_id=whatsapp-campaign [32m200[0m 2.194 ms - 13[0m
[0mGET /api/refunds/queue [32m200[0m 2.987 ms - 12[0m
[0mGET /api/refunds/tasks/next?type=REVIEW_VERIFY&worker_id=review-verifier [32m200[0m 1.282 ms - 13[0m
[0mGET /api/refunds/tasks/next?type=WHATSAPP_BLAST&worker_id=whatsapp-campaign [32m200[0m 0.623 ms - 13[0m
[0mGET /api/refunds/tasks/next?type=REVIEW_VERIFY&worker_id=review-verifier [32m200[0m 2.283 ms - 13[0m
[0mGET /api/refunds/tasks/next?type=WHATSAPP_BLAST&worker_id=whatsapp-campaign [32m200[0m 1.777 ms - 13[0m
[0mGET /api/refunds/tasks/next?type=REVIEW_VERIFY&worker_id=review-verifier [32m200[0m 2.066 ms - 13[0m
[0mGET /api/refunds/tasks/next?type=WHATSAPP_BLAST&worker_id=whatsapp-campaign [32m200[0m 1.621 ms - 13[0m
[0mGET /api/refunds/queue [32m200[0m 1.821 ms - 12[0m
[0mGET /api/refunds/tasks/next?type=REVIEW_VERIFY&worker_id=review-verifier [32m200[0m 1.319 ms - 13[0m
[0mGET /api/refunds/tasks/next?type=WHATSAPP_BLAST&worker_id=whatsapp-campaign [32m200[0m 2.057 ms - 13[0m
[0mGET /api/refunds/tasks/next?type=REVIEW_VERIFY&worker_id=review-verifier [32m200[0m 2.117 ms - 13[0m
[0mGET /api/refunds/tasks/next?type=WHATSAPP_BLAST&worker_id=whatsapp-campaign [32m200[0m 2.104 ms - 13[0m
[0mGET /api/refunds/tasks/next?type=REVIEW_VERIFY&worker_id=review-verifier [32m200[0m 3.635 ms - 13[0m
[0mGET /api/refunds/tasks/next?type=WHATSAPP_BLAST&worker_id=whatsapp-campaign [32m200[0m 1.668 ms - 13[0m
[0mGET /api/refunds/queue [32m200[0m 2.173 ms - 12[0m
[0mGET /api/refunds/tasks/next?type=REVIEW_VERIFY&worker_id=review-verifier [32m200[0m 2.057 ms - 13[0m
[0mGET /api/refunds/tasks/next?type=WHATSAPP_BLAST&worker_id=whatsapp-campaign [32m200[0m 2.220 ms - 13[0m
[0mGET /api/refunds/tasks/next?type=REVIEW_VERIFY&worker_id=review-verifier [32m200[0m 1.710 ms - 13[0m
[0mGET /api/refunds/tasks/next?type=WHATSAPP_BLAST&worker_id=whatsapp-campaign [32m200[0m 1.851 ms - 13[0m
[0mGET /api/refunds/tasks/next?type=REVIEW_VERIFY&worker_id=review-verifier [32m200[0m 1.971 ms - 13[0m
[0mGET /api/refunds/tasks/next?type=WHATSAPP_BLAST&worker_id=whatsapp-campaign [32m200[0m 2.225 ms - 13[0m
[0mGET /api/refunds/queue [32m200[0m 2.027 ms - 12[0m
[0mGET /api/refunds/tasks/next?type=REVIEW_VERIFY&worker_id=review-verifier [32m200[0m 2.437 ms - 13[0m
[0mGET /api/refunds/tasks/next?type=WHATSAPP_BLAST&worker_id=whatsapp-campaign [32m200[0m 1.883 ms - 13[0m
[0mGET /api/refunds/tasks/next?type=REVIEW_VERIFY&worker_id=review-verifier [32m200[0m 1.794 ms - 13[0m
[0mGET /api/refunds/tasks/next?type=WHATSAPP_BLAST&worker_id=whatsapp-campaign [32m200[0m 2.286 ms - 13[0m
[0mGET /api/refunds/tasks/next?type=REVIEW_VERIFY&worker_id=review-verifier [32m200[0m 1.717 ms - 13[0m
[0mGET /api/refunds/tasks/next?type=WHATSAPP_BLAST&worker_id=whatsapp-campaign [32m200[0m 3.047 ms - 13[0m
[0mGET /api/refunds/queue [32m200[0m 2.294 ms - 12[0m
[0mGET /api/refunds/tasks/next?type=REVIEW_VERIFY&worker_id=review-verifier [32m200[0m 1.877 ms - 13[0m
[0mGET /api/refunds/tasks/next?type=WHATSAPP_BLAST&worker_id=whatsapp-campaign [32m200[0m 1.984 ms - 13[0m
[0mGET /api/refunds/tasks/next?type=REVIEW_VERIFY&worker_id=review-verifier [32m200[0m 2.391 ms - 13[0m
[0mGET /api/refunds/tasks/next?type=WHATSAPP_BLAST&worker_id=whatsapp-campaign [32m200[0m 1.876 ms - 13[0m
[0mGET /api/refunds/tasks/next?type=REVIEW_VERIFY&worker_id=review-verifier [32m200[0m 1.792 ms - 13[0m
[0mGET /api/refunds/tasks/next?type=WHATSAPP_BLAST&worker_id=whatsapp-campaign [32m200[0m 0.841 ms - 13[0m
[0mGET /api/refunds/queue [32m200[0m 2.336 ms - 12[0m
[0mGET /api/refunds/tasks/next?type=REVIEW_VERIFY&worker_id=review-verifier [32m200[0m 1.590 ms - 13[0m
[0mGET /api/refunds/tasks/next?type=WHATSAPP_BLAST&worker_id=whatsapp-campaign [32m200[0m 2.091 ms - 13[0m
[0mGET /api/refunds/tasks/next?type=REVIEW_VERIFY&worker_id=review-verifier [32m200[0m 1.685 ms - 13[0m
[0mGET /api/refunds/tasks/next?type=WHATSAPP_BLAST&worker_id=whatsapp-campaign [32m200[0m 1.638 ms - 13[0m
[0mGET /api/refunds/tasks/next?type=REVIEW_VERIFY&worker_id=review-verifier [32m200[0m 2.006 ms - 13[0m
[0mGET /api/refunds/tasks/next?type=WHATSAPP_BLAST&worker_id=whatsapp-campaign [32m200[0m 0.675 ms - 13[0m
[0mGET /api/refunds/queue [32m200[0m 1.087 ms - 12[0m
[0mGET /api/refunds/tasks/next?type=REVIEW_VERIFY&worker_id=review-verifier [32m200[0m 1.874 ms - 13[0m
[0mGET /api/refunds/tasks/next?type=WHATSAPP_BLAST&worker_id=whatsapp-campaign [32m200[0m 1.480 ms - 13[0m
[0mGET /api/refunds/tasks/next?type=REVIEW_VERIFY&worker_id=review-verifier [32m200[0m 1.040 ms - 13[0m
[0mGET /api/refunds/tasks/next?type=WHATSAPP_BLAST&worker_id=whatsapp-campaign [32m200[0m 1.412 ms - 13[0m
[0mGET /api/refunds/tasks/next?type=REVIEW_VERIFY&worker_id=review-verifier [32m200[0m 2.121 ms - 13[0m
[0mGET /api/refunds/tasks/next?type=WHATSAPP_BLAST&worker_id=whatsapp-campaign [32m200[0m 1.011 ms - 13[0m
[0mGET /api/refunds/queue [32m200[0m 0.854 ms - 12[0m
[0mGET /api/refunds/tasks/next?type=REVIEW_VERIFY&worker_id=review-verifier [32m200[0m 2.063 ms - 13[0m
[0mGET /api/refunds/tasks/next?type=WHATSAPP_BLAST&worker_id=whatsapp-campaign [32m200[0m 1.409 ms - 13[0m
[0mGET /api/refunds/tasks/next?type=REVIEW_VERIFY&worker_id=review-verifier [32m200[0m 0.755 ms - 13[0m
[0mGET /api/refunds/tasks/next?type=WHATSAPP_BLAST&worker_id=whatsapp-campaign [32m200[0m 1.416 ms - 13[0m
[0mGET /api/refunds/tasks/next?type=REVIEW_VERIFY&worker_id=review-verifier [32m200[0m 1.378 ms - 13[0m
[0mGET /api/refunds/tasks/next?type=WHATSAPP_BLAST&worker_id=whatsapp-campaign [32m200[0m 1.802 ms - 13[0m
[0mGET /api/refunds/queue [32m200[0m 0.999 ms - 12[0m
[0mGET /api/refunds/tasks/next?type=REVIEW_VERIFY&worker_id=review-verifier [32m200[0m 1.277 ms - 13[0m
[0mGET /api/refunds/tasks/next?type=WHATSAPP_BLAST&worker_id=whatsapp-campaign [32m200[0m 1.269 ms - 13[0m
[0mGET /api/refunds/tasks/next?type=REVIEW_VERIFY&worker_id=review-verifier [32m200[0m 3.723 ms - 13[0m
[0mGET /api/refunds/tasks/next?type=WHATSAPP_BLAST&worker_id=whatsapp-campaign [32m200[0m 0.978 ms - 13[0m
[0mGET /api/refunds/tasks/next?type=REVIEW_VERIFY&worker_id=review-verifier [32m200[0m 5.576 ms - 13[0m
[0mGET /api/refunds/tasks/next?type=WHATSAPP_BLAST&worker_id=whatsapp-campaign [32m200[0m 1.500 ms - 13[0m
[0mGET /api/refunds/queue [32m200[0m 1.988 ms - 12[0m
[0mGET /api/refunds/tasks/next?type=REVIEW_VERIFY&worker_id=review-verifier [32m200[0m 1.186 ms - 13[0m
[0mGET /api/refunds/tasks/next?type=WHATSAPP_BLAST&worker_id=whatsapp-campaign [32m200[0m 0.687 ms - 13[0m
[0mGET /api/refunds/tasks/next?type=REVIEW_VERIFY&worker_id=review-verifier [32m200[0m 0.612 ms - 13[0m
[0mGET /api/refunds/tasks/next?type=WHATSAPP_BLAST&worker_id=whatsapp-campaign [32m200[0m 0.602 ms - 13[0m
[0mGET /api/refunds/tasks/next?type=REVIEW_VERIFY&worker_id=review-verifier [32m200[0m 0.636 ms - 13[0m
[0mGET /api/refunds/tasks/next?type=WHATSAPP_BLAST&worker_id=whatsapp-campaign [32m200[0m 1.500 ms - 13[0m
[0mGET /api/refunds/queue [32m200[0m 0.700 ms - 12[0m
[0mGET /api/refunds/tasks/next?type=REVIEW_VERIFY&worker_id=review-verifier [32m200[0m 0.634 ms - 13[0m
[0mGET /api/refunds/tasks/next?type=WHATSAPP_BLAST&worker_id=whatsapp-campaign [32m200[0m 1.592 ms - 13[0m
[0mGET /api/refunds/tasks/next?type=REVIEW_VERIFY&worker_id=review-verifier [32m200[0m 0.675 ms - 13[0m
[0mGET /api/refunds/tasks/next?type=WHATSAPP_BLAST&worker_id=whatsapp-campaign [32m200[0m 2.560 ms - 13[0m
[0mGET /api/refunds/tasks/next?type=REVIEW_VERIFY&worker_id=review-verifier [32m200[0m 0.664 ms - 13[0m
[0mGET /api/refunds/tasks/next?type=WHATSAPP_BLAST&worker_id=whatsapp-campaign [32m200[0m 0.972 ms - 13[0m
[0mGET /api/refunds/queue [32m200[0m 2.022 ms - 12[0m
[0mGET /api/refunds/tasks/next?type=REVIEW_VERIFY&worker_id=review-verifier [32m200[0m 0.938 ms - 13[0m
[0mGET /api/refunds/tasks/next?type=WHATSAPP_BLAST&worker_id=whatsapp-campaign [32m200[0m 1.101 ms - 13[0m
[0mGET /api/refunds/tasks/next?type=REVIEW_VERIFY&worker_id=review-verifier [32m200[0m 1.694 ms - 13[0m
[0mGET /api/refunds/tasks/next?type=WHATSAPP_BLAST&worker_id=whatsapp-campaign [32m200[0m 1.518 ms - 13[0m
[0mGET /api/refunds/tasks/next?type=REVIEW_VERIFY&worker_id=review-verifier [32m200[0m 1.741 ms - 13[0m
[0mGET /api/refunds/tasks/next?type=WHATSAPP_BLAST&worker_id=whatsapp-campaign [32m200[0m 0.726 ms - 13[0m
[0mGET /api/refunds/queue [32m200[0m 0.831 ms - 12[0m
[0mGET /api/refunds/tasks/next?type=REVIEW_VERIFY&worker_id=review-verifier [32m200[0m 1.663 ms - 13[0m
[0mGET /api/refunds/tasks/next?type=WHATSAPP_BLAST&worker_id=whatsapp-campaign [32m200[0m 0.877 ms - 13[0m
[0mGET /api/refunds/tasks/next?type=REVIEW_VERIFY&worker_id=review-verifier [32m200[0m 1.512 ms - 13[0m
[0mGET /api/refunds/tasks/next?type=WHATSAPP_BLAST&worker_id=whatsapp-campaign [32m200[0m 0.661 ms - 13[0m
[0mGET /api/refunds/tasks/next?type=REVIEW_VERIFY&worker_id=review-verifier [32m200[0m 0.633 ms - 13[0m
[0mGET /api/refunds/tasks/next?type=WHATSAPP_BLAST&worker_id=whatsapp-campaign [32m200[0m 0.722 ms - 13[0m
[0mGET /api/refunds/queue [32m200[0m 1.940 ms - 12[0m
[0mGET /api/refunds/tasks/next?type=REVIEW_VERIFY&worker_id=review-verifier [32m200[0m 0.686 ms - 13[0m
[0mGET /api/refunds/tasks/next?type=WHATSAPP_BLAST&worker_id=whatsapp-campaign [32m200[0m 1.241 ms - 13[0m
[0mGET /api/refunds/tasks/next?type=REVIEW_VERIFY&worker_id=review-verifier [32m200[0m 2.325 ms - 13[0m
[0mGET /api/refunds/tasks/next?type=WHATSAPP_BLAST&worker_id=whatsapp-campaign [32m200[0m 0.996 ms - 13[0m
[0mGET /api/refunds/tasks/next?type=REVIEW_VERIFY&worker_id=review-verifier [32m200[0m 1.296 ms - 13[0m
[0mGET /api/refunds/tasks/next?type=WHATSAPP_BLAST&worker_id=whatsapp-campaign [32m200[0m 1.416 ms - 13[0m
[0mGET /api/refunds/queue [32m200[0m 1.581 ms - 12[0m
[0mGET /api/refunds/tasks/next?type=REVIEW_VERIFY&worker_id=review-verifier [32m200[0m 1.518 ms - 13[0m
[0mGET /api/refunds/tasks/next?type=WHATSAPP_BLAST&worker_id=whatsapp-campaign [32m200[0m 1.784 ms - 13[0m
[0mGET /api/refunds/tasks/next?type=REVIEW_VERIFY&worker_id=review-verifier [32m200[0m 2.449 ms - 13[0m
[0mGET /api/refunds/tasks/next?type=WHATSAPP_BLAST&worker_id=whatsapp-campaign [32m200[0m 1.995 ms - 13[0m
[0mGET /api/refunds/tasks/next?type=REVIEW_VERIFY&worker_id=review-verifier [32m200[0m 2.861 ms - 13[0m
[0mGET /api/refunds/tasks/next?type=WHATSAPP_BLAST&worker_id=whatsapp-campaign [32m200[0m 0.891 ms - 13[0m
[0mGET /api/refunds/queue [32m200[0m 0.750 ms - 12[0m
[0mGET /api/refunds/tasks/next?type=REVIEW_VERIFY&worker_id=review-verifier [32m200[0m 0.729 ms - 13[0m
[0mGET /api/refunds/tasks/next?type=WHATSAPP_BLAST&worker_id=whatsapp-campaign [32m200[0m 0.593 ms - 13[0m
[0mGET /api/refunds/tasks/next?type=REVIEW_VERIFY&worker_id=review-verifier [32m200[0m 1.644 ms - 13[0m
[0mGET /api/refunds/tasks/next?type=WHATSAPP_BLAST&worker_id=whatsapp-campaign [32m200[0m 0.692 ms - 13[0m
[0mGET /api/refunds/tasks/next?type=REVIEW_VERIFY&worker_id=review-verifier [32m200[0m 0.604 ms - 13[0m
[0mGET /api/refunds/tasks/next?type=WHATSAPP_BLAST&worker_id=whatsapp-campaign [32m200[0m 0.615 ms - 13[0m
[0mGET /api/refunds/queue [32m200[0m 1.244 ms - 12[0m
[0mGET /api/refunds/tasks/next?type=REVIEW_VERIFY&worker_id=review-verifier [32m200[0m 0.707 ms - 13[0m
[0mGET /api/refunds/tasks/next?type=WHATSAPP_BLAST&worker_id=whatsapp-campaign [32m200[0m 0.820 ms - 13[0m
[0mGET /api/refunds/tasks/next?type=REVIEW_VERIFY&worker_id=review-verifier [32m200[0m 1.549 ms - 13[0m
[0mGET /api/refunds/tasks/next?type=WHATSAPP_BLAST&worker_id=whatsapp-campaign [32m200[0m 1.799 ms - 13[0m
[0mGET /api/refunds/tasks/next?type=REVIEW_VERIFY&worker_id=review-verifier [32m200[0m 1.637 ms - 13[0m
[0mGET /api/refunds/tasks/next?type=WHATSAPP_BLAST&worker_id=whatsapp-campaign [32m200[0m 1.989 ms - 13[0m
[0mGET /api/refunds/queue [32m200[0m 1.301 ms - 12[0m
[0mGET /api/refunds/tasks/next?type=REVIEW_VERIFY&worker_id=review-verifier [32m200[0m 1.484 ms - 13[0m
[0mGET /api/refunds/tasks/next?type=WHATSAPP_BLAST&worker_id=whatsapp-campaign [32m200[0m 1.343 ms - 13[0m
[0mGET /api/refunds/tasks/next?type=REVIEW_VERIFY&worker_id=review-verifier [32m200[0m 1.947 ms - 13[0m
[0mGET /api/refunds/tasks/next?type=WHATSAPP_BLAST&worker_id=whatsapp-campaign [32m200[0m 1.412 ms - 13[0m
[0mGET /api/refunds/tasks/next?type=REVIEW_VERIFY&worker_id=review-verifier [32m200[0m 1.449 ms - 13[0m
[0mGET /api/refunds/tasks/next?type=WHATSAPP_BLAST&worker_id=whatsapp-campaign [32m200[0m 1.446 ms - 13[0m
[0mGET /api/refunds/queue [32m200[0m 0.719 ms - 12[0m
[0mGET /api/refunds/tasks/next?type=REVIEW_VERIFY&worker_id=review-verifier [32m200[0m 1.619 ms - 13[0m
[0mGET /api/refunds/tasks/next?type=WHATSAPP_BLAST&worker_id=whatsapp-campaign [32m200[0m 1.217 ms - 13[0m
[0mGET /api/refunds/tasks/next?type=REVIEW_VERIFY&worker_id=review-verifier [32m200[0m 2.085 ms - 13[0m
[0mGET /api/refunds/tasks/next?type=WHATSAPP_BLAST&worker_id=whatsapp-campaign [32m200[0m 0.764 ms - 13[0m
[0mGET /api/refunds/tasks/next?type=REVIEW_VERIFY&worker_id=review-verifier [32m200[0m 1.355 ms - 13[0m
[0mGET /api/refunds/tasks/next?type=WHATSAPP_BLAST&worker_id=whatsapp-campaign [32m200[0m 0.632 ms - 13[0m
[0mGET /api/refunds/queue [32m200[0m 0.707 ms - 12[0m
[0mGET /api/refunds/tasks/next?type=REVIEW_VERIFY&worker_id=review-verifier [32m200[0m 1.514 ms - 13[0m
[0mGET /api/refunds/tasks/next?type=WHATSAPP_BLAST&worker_id=whatsapp-campaign [32m200[0m 1.367 ms - 13[0m
[0mGET /api/refunds/tasks/next?type=REVIEW_VERIFY&worker_id=review-verifier [32m200[0m 1.164 ms - 13[0m
[0mGET /api/refunds/tasks/next?type=WHATSAPP_BLAST&worker_id=whatsapp-campaign [32m200[0m 1.530 ms - 13[0m
[0mGET /api/refunds/tasks/next?type=REVIEW_VERIFY&worker_id=review-verifier [32m200[0m 0.668 ms - 13[0m
[0mGET /api/refunds/tasks/next?type=WHATSAPP_BLAST&worker_id=whatsapp-campaign [32m200[0m 0.738 ms - 13[0m
[0mGET /api/refunds/queue [32m200[0m 0.769 ms - 12[0m
[0mGET /api/refunds/tasks/next?type=REVIEW_VERIFY&worker_id=review-verifier [32m200[0m 2.677 ms - 13[0m
[0mGET /api/refunds/tasks/next?type=WHATSAPP_BLAST&worker_id=whatsapp-campaign [32m200[0m 0.628 ms - 13[0m
[0mGET /api/refunds/tasks/next?type=REVIEW_VERIFY&worker_id=review-verifier [32m200[0m 0.667 ms - 13[0m
[0mGET /api/refunds/tasks/next?type=WHATSAPP_BLAST&worker_id=whatsapp-campaign [32m200[0m 0.687 ms - 13[0m
[0mGET /api/refunds/tasks/next?type=REVIEW_VERIFY&worker_id=review-verifier [32m200[0m 1.576 ms - 13[0m
[0mGET /api/refunds/tasks/next?type=WHATSAPP_BLAST&worker_id=whatsapp-campaign [32m200[0m 1.922 ms - 13[0m
[0mGET /api/refunds/queue [32m200[0m 2.027 ms - 12[0m
[0mGET /api/refunds/tasks/next?type=REVIEW_VERIFY&worker_id=review-verifier [32m200[0m 0.724 ms - 13[0m
[0mGET /api/refunds/tasks/next?type=WHATSAPP_BLAST&worker_id=whatsapp-campaign [32m200[0m 0.589 ms - 13[0m
[0mGET /api/refunds/tasks/next?type=REVIEW_VERIFY&worker_id=review-verifier [32m200[0m 1.368 ms - 13[0m
[0mGET /api/refunds/tasks/next?type=WHATSAPP_BLAST&worker_id=whatsapp-campaign [32m200[0m 2.298 ms - 13[0m
[0mGET /api/refunds/tasks/next?type=REVIEW_VERIFY&worker_id=review-verifier [32m200[0m 1.510 ms - 13[0m
[0mGET /api/refunds/tasks/next?type=WHATSAPP_BLAST&worker_id=whatsapp-campaign [32m200[0m 0.807 ms - 13[0m
[0mGET /api/refunds/queue [32m200[0m 0.690 ms - 12[0m
[0mGET /api/refunds/tasks/next?type=REVIEW_VERIFY&worker_id=review-verifier [32m200[0m 3.381 ms - 13[0m
[0mGET /api/refunds/tasks/next?type=WHATSAPP_BLAST&worker_id=whatsapp-campaign [32m200[0m 2.060 ms - 13[0m
[0mGET /api/refunds/tasks/next?type=REVIEW_VERIFY&worker_id=review-verifier [32m200[0m 1.843 ms - 13[0m
[0mGET /api/refunds/tasks/next?type=WHATSAPP_BLAST&worker_id=whatsapp-campaign [32m200[0m 1.813 ms - 13[0m
[0mGET /api/refunds/tasks/next?type=REVIEW_VERIFY&worker_id=review-verifier [32m200[0m 0.741 ms - 13[0m
[0mGET /api/refunds/tasks/next?type=WHATSAPP_BLAST&worker_id=whatsapp-campaign [32m200[0m 1.928 ms - 13[0m
[0mGET /api/refunds/queue [32m200[0m 1.185 ms - 12[0m
[0mGET /api/refunds/tasks/next?type=REVIEW_VERIFY&worker_id=review-verifier [32m200[0m 0.802 ms - 13[0m
[0mGET /api/refunds/tasks/next?type=WHATSAPP_BLAST&worker_id=whatsapp-campaign [32m200[0m 1.620 ms - 13[0m
[0mGET /api/refunds/tasks/next?type=REVIEW_VERIFY&worker_id=review-verifier [32m200[0m 2.192 ms - 13[0m
[0mGET /api/refunds/tasks/next?type=WHATSAPP_BLAST&worker_id=whatsapp-campaign [32m200[0m 2.239 ms - 13[0m
[0mGET /api/refunds/tasks/next?type=REVIEW_VERIFY&worker_id=review-verifier [32m200[0m 1.890 ms - 13[0m
[0mGET /api/refunds/tasks/next?type=WHATSAPP_BLAST&worker_id=whatsapp-campaign [32m200[0m 0.905 ms - 13[0m
[0mGET /api/refunds/queue [32m200[0m 2.325 ms - 12[0m
[0mGET /api/refunds/tasks/next?type=REVIEW_VERIFY&worker_id=review-verifier [32m200[0m 2.208 ms - 13[0m
[0mGET /api/refunds/tasks/next?type=WHATSAPP_BLAST&worker_id=whatsapp-campaign [32m200[0m 1.337 ms - 13[0m
[0mGET /api/refunds/tasks/next?type=REVIEW_VERIFY&worker_id=review-verifier [32m200[0m 1.951 ms - 13[0m
[0mGET /api/refunds/tasks/next?type=WHATSAPP_BLAST&worker_id=whatsapp-campaign [32m200[0m 2.005 ms - 13[0m
[0mGET /api/refunds/tasks/next?type=REVIEW_VERIFY&worker_id=review-verifier [32m200[0m 2.123 ms - 13[0m
[0mGET /api/refunds/tasks/next?type=WHATSAPP_BLAST&worker_id=whatsapp-campaign [32m200[0m 3.664 ms - 13[0m
[0mGET /api/refunds/queue [32m200[0m 1.699 ms - 12[0m
[0mGET /api/refunds/tasks/next?type=REVIEW_VERIFY&worker_id=review-verifier [32m200[0m 2.129 ms - 13[0m
[0mGET /api/refunds/tasks/next?type=WHATSAPP_BLAST&worker_id=whatsapp-campaign [32m200[0m 1.361 ms - 13[0m
[0mGET /api/refunds/tasks/next?type=REVIEW_VERIFY&worker_id=review-verifier [32m200[0m 1.541 ms - 13[0m
[0mGET /api/refunds/tasks/next?type=WHATSAPP_BLAST&worker_id=whatsapp-campaign [32m200[0m 2.205 ms - 13[0m
[0mGET /api/refunds/tasks/next?type=REVIEW_VERIFY&worker_id=review-verifier [32m200[0m 1.681 ms - 13[0m
[0mGET /api/refunds/tasks/next?type=WHATSAPP_BLAST&worker_id=whatsapp-campaign [32m200[0m 2.384 ms - 13[0m
[0mGET /api/refunds/queue [32m200[0m 2.056 ms - 12[0m
[0mGET /api/refunds/tasks/next?type=REVIEW_VERIFY&worker_id=review-verifier [32m200[0m 2.079 ms - 13[0m
[0mGET /api/refunds/tasks/next?type=WHATSAPP_BLAST&worker_id=whatsapp-campaign [32m200[0m 2.041 ms - 13[0m
[0mGET /api/refunds/tasks/next?type=REVIEW_VERIFY&worker_id=review-verifier [32m200[0m 1.548 ms - 13[0m
[0mGET /api/refunds/tasks/next?type=WHATSAPP_BLAST&worker_id=whatsapp-campaign [32m200[0m 0.718 ms - 13[0m
[0mGET /api/refunds/tasks/next?type=REVIEW_VERIFY&worker_id=review-verifier [32m200[0m 1.728 ms - 13[0m
[0mGET /api/refunds/tasks/next?type=WHATSAPP_BLAST&worker_id=whatsapp-campaign [32m200[0m 2.096 ms - 13[0m
[0mGET /api/refunds/queue [32m200[0m 0.964 ms - 12[0m
[0mGET /api/refunds/tasks/next?type=REVIEW_VERIFY&worker_id=review-verifier [32m200[0m 1.007 ms - 13[0m
[0mGET /api/refunds/tasks/next?type=WHATSAPP_BLAST&worker_id=whatsapp-campaign [32m200[0m 2.071 ms - 13[0m
[0mGET /api/refunds/tasks/next?type=REVIEW_VERIFY&worker_id=review-verifier [32m200[0m 2.040 ms - 13[0m
[0mGET /api/refunds/tasks/next?type=WHATSAPP_BLAST&worker_id=whatsapp-campaign [32m200[0m 2.202 ms - 13[0m
[0mGET /api/refunds/tasks/next?type=REVIEW_VERIFY&worker_id=review-verifier [32m200[0m 1.955 ms - 13[0m
[0mGET /api/refunds/tasks/next?type=WHATSAPP_BLAST&worker_id=whatsapp-campaign [32m200[0m 1.901 ms - 13[0m
[0mGET /api/refunds/queue [32m200[0m 2.095 ms - 12[0m
[0mGET /api/refunds/tasks/next?type=REVIEW_VERIFY&worker_id=review-verifier [32m200[0m 0.917 ms - 13[0m
[0mGET /api/refunds/tasks/next?type=WHATSAPP_BLAST&worker_id=whatsapp-campaign [32m200[0m 1.728 ms - 13[0m
[0mGET /api/refunds/tasks/next?type=REVIEW_VERIFY&worker_id=review-verifier [32m200[0m 2.715 ms - 13[0m
[0mGET /api/refunds/tasks/next?type=WHATSAPP_BLAST&worker_id=whatsapp-campaign [32m200[0m 2.004 ms - 13[0m
[0mGET /api/refunds/tasks/next?type=REVIEW_VERIFY&worker_id=review-verifier [32m200[0m 2.468 ms - 13[0m
[0mGET /api/refunds/tasks/next?type=WHATSAPP_BLAST&worker_id=whatsapp-campaign [32m200[0m 2.203 ms - 13[0m
[0mGET /api/refunds/queue [32m200[0m 2.295 ms - 12[0m
[0mGET /api/refunds/tasks/next?type=REVIEW_VERIFY&worker_id=review-verifier [32m200[0m 1.652 ms - 13[0m
[0mGET /api/refunds/tasks/next?type=WHATSAPP_BLAST&worker_id=whatsapp-campaign [32m200[0m 1.612 ms - 13[0m
[0mGET /api/refunds/tasks/next?type=REVIEW_VERIFY&worker_id=review-verifier [32m200[0m 1.846 ms - 13[0m
[0mGET /api/refunds/tasks/next?type=WHATSAPP_BLAST&worker_id=whatsapp-campaign [32m200[0m 3.545 ms - 13[0m
[0mGET /api/refunds/tasks/next?type=REVIEW_VERIFY&worker_id=review-verifier [32m200[0m 1.826 ms - 13[0m
[0mGET /api/refunds/tasks/next?type=WHATSAPP_BLAST&worker_id=whatsapp-campaign [32m200[0m 2.057 ms - 13[0m
[0mGET /api/refunds/queue [32m200[0m 2.437 ms - 12[0m
[0mGET /api/refunds/tasks/next?type=REVIEW_VERIFY&worker_id=review-verifier [32m200[0m 2.110 ms - 13[0m
[0mGET /api/refunds/tasks/next?type=WHATSAPP_BLAST&worker_id=whatsapp-campaign [32m200[0m 2.632 ms - 13[0m
[0mGET /api/refunds/tasks/next?type=REVIEW_VERIFY&worker_id=review-verifier [32m200[0m 1.704 ms - 13[0m
[0mGET /api/refunds/tasks/next?type=WHATSAPP_BLAST&worker_id=whatsapp-campaign [32m200[0m 1.485 ms - 13[0m
[0mGET /api/refunds/tasks/next?type=REVIEW_VERIFY&worker_id=review-verifier [32m200[0m 1.794 ms - 13[0m
[0mGET /api/refunds/tasks/next?type=WHATSAPP_BLAST&worker_id=whatsapp-campaign [32m200[0m 0.600 ms - 13[0m
[0mGET /api/refunds/queue [32m200[0m 0.925 ms - 12[0m
[0mGET /api/refunds/tasks/next?type=REVIEW_VERIFY&worker_id=review-verifier [32m200[0m 1.539 ms - 13[0m
[0mGET /api/refunds/tasks/next?type=WHATSAPP_BLAST&worker_id=whatsapp-campaign [32m200[0m 1.426 ms - 13[0m
[0mGET /api/refunds/tasks/next?type=REVIEW_VERIFY&worker_id=review-verifier [32m200[0m 1.108 ms - 13[0m
[0mGET /api/refunds/tasks/next?type=WHATSAPP_BLAST&worker_id=whatsapp-campaign [32m200[0m 0.890 ms - 13[0m
[0mGET /api/refunds/tasks/next?type=REVIEW_VERIFY&worker_id=review-verifier [32m200[0m 1.686 ms - 13[0m
[0mGET /api/refunds/tasks/next?type=WHATSAPP_BLAST&worker_id=whatsapp-campaign [32m200[0m 1.276 ms - 13[0m
[0mGET /api/refunds/queue [32m200[0m 0.985 ms - 12[0m
[0mGET /api/refunds/tasks/next?type=REVIEW_VERIFY&worker_id=review-verifier [32m200[0m 1.139 ms - 13[0m
[0mGET /api/refunds/tasks/next?type=WHATSAPP_BLAST&worker_id=whatsapp-campaign [32m200[0m 1.080 ms - 13[0m
[0mGET /api/refunds/tasks/next?type=REVIEW_VERIFY&worker_id=review-verifier [32m200[0m 2.849 ms - 13[0m
[0mGET /api/refunds/tasks/next?type=WHATSAPP_BLAST&worker_id=whatsapp-campaign [32m200[0m 1.535 ms - 13[0m
[0mGET /api/refunds/tasks/next?type=REVIEW_VERIFY&worker_id=review-verifier [32m200[0m 2.682 ms - 13[0m
[0mGET /api/refunds/tasks/next?type=WHATSAPP_BLAST&worker_id=whatsapp-campaign [32m200[0m 0.975 ms - 13[0m
[0mGET /api/refunds/queue [32m200[0m 1.306 ms - 12[0m
[0mGET /api/refunds/tasks/next?type=REVIEW_VERIFY&worker_id=review-verifier [32m200[0m 1.896 ms - 13[0m
[0mGET /api/refunds/tasks/next?type=WHATSAPP_BLAST&worker_id=whatsapp-campaign [32m200[0m 0.760 ms - 13[0m
[0mGET /api/refunds/tasks/next?type=REVIEW_VERIFY&worker_id=review-verifier [32m200[0m 1.485 ms - 13[0m
[0mGET /api/refunds/tasks/next?type=WHATSAPP_BLAST&worker_id=whatsapp-campaign [32m200[0m 1.145 ms - 13[0m
[0mGET /api/refunds/tasks/next?type=REVIEW_VERIFY&worker_id=review-verifier [32m200[0m 2.041 ms - 13[0m
[0mGET /api/refunds/tasks/next?type=WHATSAPP_BLAST&worker_id=whatsapp-campaign [32m200[0m 0.755 ms - 13[0m
[0mGET /api/refunds/queue [32m200[0m 1.039 ms - 12[0m
[0mGET /api/refunds/tasks/next?type=REVIEW_VERIFY&worker_id=review-verifier [32m200[0m 1.431 ms - 13[0m
[0mGET /api/refunds/tasks/next?type=WHATSAPP_BLAST&worker_id=whatsapp-campaign [32m200[0m 0.979 ms - 13[0m
[0mGET /api/refunds/tasks/next?type=REVIEW_VERIFY&worker_id=review-verifier [32m200[0m 0.778 ms - 13[0m
[0mGET /api/refunds/tasks/next?type=WHATSAPP_BLAST&worker_id=whatsapp-campaign [32m200[0m 0.979 ms - 13[0m
[0mGET /api/refunds/tasks/next?type=REVIEW_VERIFY&worker_id=review-verifier [32m200[0m 1.336 ms - 13[0m
[0mGET /api/refunds/tasks/next?type=WHATSAPP_BLAST&worker_id=whatsapp-campaign [32m200[0m 0.771 ms - 13[0m
[0mGET /api/refunds/queue [32m200[0m 2.559 ms - 12[0m
[0mGET /api/refunds/tasks/next?type=REVIEW_VERIFY&worker_id=review-verifier [32m200[0m 0.877 ms - 13[0m
[0mGET /api/refunds/tasks/next?type=WHATSAPP_BLAST&worker_id=whatsapp-campaign [32m200[0m 0.747 ms - 13[0m
[0mGET /api/refunds/tasks/next?type=REVIEW_VERIFY&worker_id=review-verifier [32m200[0m 1.763 ms - 13[0m
[0mGET /api/refunds/tasks/next?type=WHATSAPP_BLAST&worker_id=whatsapp-campaign [32m200[0m 1.057 ms - 13[0m
[0mGET /api/refunds/tasks/next?type=REVIEW_VERIFY&worker_id=review-verifier [32m200[0m 1.243 ms - 13[0m
[0mGET /api/refunds/tasks/next?type=WHATSAPP_BLAST&worker_id=whatsapp-campaign [32m200[0m 3.104 ms - 13[0m
[0mGET /api/refunds/queue [32m200[0m 1.061 ms - 12[0m
[0mGET /api/refunds/tasks/next?type=REVIEW_VERIFY&worker_id=review-verifier [32m200[0m 0.805 ms - 13[0m
[0mGET /api/refunds/tasks/next?type=WHATSAPP_BLAST&worker_id=whatsapp-campaign [32m200[0m 1.133 ms - 13[0m
[0mGET /api/refunds/tasks/next?type=REVIEW_VERIFY&worker_id=review-verifier [32m200[0m 1.095 ms - 13[0m
[0mGET /api/refunds/tasks/next?type=WHATSAPP_BLAST&worker_id=whatsapp-campaign [32m200[0m 0.789 ms - 13[0m
[0mGET /api/refunds/tasks/next?type=REVIEW_VERIFY&worker_id=review-verifier [32m200[0m 2.064 ms - 13[0m
[0mGET /api/refunds/tasks/next?type=WHATSAPP_BLAST&worker_id=whatsapp-campaign [32m200[0m 1.063 ms - 13[0m
[0mGET /api/refunds/queue [32m200[0m 1.015 ms - 12[0m
[0mGET /api/refunds/tasks/next?type=REVIEW_VERIFY&worker_id=review-verifier [32m200[0m 2.013 ms - 13[0m
[0mGET /api/refunds/tasks/next?type=WHATSAPP_BLAST&worker_id=whatsapp-campaign [32m200[0m 0.942 ms - 13[0m
[0mGET /api/refunds/tasks/next?type=REVIEW_VERIFY&worker_id=review-verifier [32m200[0m 1.000 ms - 13[0m
[0mGET /api/refunds/tasks/next?type=WHATSAPP_BLAST&worker_id=whatsapp-campaign [32m200[0m 0.732 ms - 13[0m
[0mGET /api/refunds/tasks/next?type=REVIEW_VERIFY&worker_id=review-verifier [32m200[0m 1.725 ms - 13[0m
[0mGET /api/refunds/tasks/next?type=WHATSAPP_BLAST&worker_id=whatsapp-campaign [32m200[0m 1.235 ms - 13[0m
[0mGET /api/refunds/queue [32m200[0m 1.038 ms - 12[0m
[0mGET /api/refunds/tasks/next?type=REVIEW_VERIFY&worker_id=review-verifier [32m200[0m 1.811 ms - 13[0m
[0mGET /api/refunds/tasks/next?type=WHATSAPP_BLAST&worker_id=whatsapp-campaign [32m200[0m 0.663 ms - 13[0m
[0mGET /api/refunds/tasks/next?type=REVIEW_VERIFY&worker_id=review-verifier [32m200[0m 0.966 ms - 13[0m
[0mGET /api/refunds/tasks/next?type=WHATSAPP_BLAST&worker_id=whatsapp-campaign [32m200[0m 1.250 ms - 13[0m
[0mGET /api/refunds/tasks/next?type=REVIEW_VERIFY&worker_id=review-verifier [32m200[0m 1.605 ms - 13[0m
[0mGET /api/refunds/tasks/next?type=WHATSAPP_BLAST&worker_id=whatsapp-campaign [32m200[0m 1.116 ms - 13[0m
[0mGET /api/refunds/queue [32m200[0m 1.333 ms - 12[0m
[0mGET /api/refunds/tasks/next?type=REVIEW_VERIFY&worker_id=review-verifier [32m200[0m 3.750 ms - 13[0m
[0mGET /api/refunds/tasks/next?type=WHATSAPP_BLAST&worker_id=whatsapp-campaign [32m200[0m 1.336 ms - 13[0m
[0mGET /api/refunds/tasks/next?type=REVIEW_VERIFY&worker_id=review-verifier [32m200[0m 1.097 ms - 13[0m
[0mGET /api/refunds/tasks/next?type=WHATSAPP_BLAST&worker_id=whatsapp-campaign [32m200[0m 0.934 ms - 13[0m
[0mGET /api/refunds/tasks/next?type=REVIEW_VERIFY&worker_id=review-verifier [32m200[0m 1.805 ms - 13[0m
[0mGET /api/refunds/tasks/next?type=WHATSAPP_BLAST&worker_id=whatsapp-campaign [32m200[0m 0.974 ms - 13[0m
[0mGET /api/refunds/queue [32m200[0m 1.113 ms - 12[0m
[0mGET /api/refunds/tasks/next?type=REVIEW_VERIFY&worker_id=review-verifier [32m200[0m 1.977 ms - 13[0m
[0mGET /api/refunds/tasks/next?type=WHATSAPP_BLAST&worker_id=whatsapp-campaign [32m200[0m 1.884 ms - 13[0m
[0mGET /api/refunds/tasks/next?type=REVIEW_VERIFY&worker_id=review-verifier [32m200[0m 2.269 ms - 13[0m
[0mGET /api/refunds/tasks/next?type=WHATSAPP_BLAST&worker_id=whatsapp-campaign [32m200[0m 0.753 ms - 13[0m
[0mGET /api/refunds/tasks/next?type=REVIEW_VERIFY&worker_id=review-verifier [32m200[0m 13.414 ms - 13[0m
[0mGET /api/refunds/tasks/next?type=WHATSAPP_BLAST&worker_id=whatsapp-campaign [32m200[0m 1.119 ms - 13[0m
[0mGET /api/refunds/queue [32m200[0m 3.519 ms - 12[0m
[0mGET /api/refunds/tasks/next?type=REVIEW_VERIFY&worker_id=review-verifier [32m200[0m 1.860 ms - 13[0m
[0mGET /api/refunds/tasks/next?type=WHATSAPP_BLAST&worker_id=whatsapp-campaign [32m200[0m 0.807 ms - 13[0m
[2026-06-03T21:40:02.995Z] [PID: 28823] [32m[NODE-CRON][32m [33m[WARN][0m missed execution at Thu Jun 04 2026 03:10:00 GMT+0530 (India Standard Time)! Possible blocking IO or high CPU user at the same process used by node-cron.
[0mGET /api/refunds/tasks/next?type=REVIEW_VERIFY&worker_id=review-verifier [32m200[0m 1.852 ms - 13[0m
[0mGET /api/refunds/tasks/next?type=WHATSAPP_BLAST&worker_id=whatsapp-campaign [32m200[0m 1.073 ms - 13[0m
[0mGET /api/refunds/tasks/next?type=REVIEW_VERIFY&worker_id=review-verifier [32m200[0m 2.386 ms - 13[0m
[0mGET /api/refunds/tasks/next?type=WHATSAPP_BLAST&worker_id=whatsapp-campaign [32m200[0m 0.914 ms - 13[0m
[0mGET /api/refunds/queue [32m200[0m 5.739 ms - 12[0m
[0mGET /api/refunds/tasks/next?type=REVIEW_VERIFY&worker_id=review-verifier [32m200[0m 1.558 ms - 13[0m
[0mGET /api/refunds/tasks/next?type=WHATSAPP_BLAST&worker_id=whatsapp-campaign [32m200[0m 1.214 ms - 13[0m
[0mGET /api/refunds/tasks/next?type=REVIEW_VERIFY&worker_id=review-verifier [32m200[0m 2.492 ms - 13[0m
[0mGET /api/refunds/tasks/next?type=WHATSAPP_BLAST&worker_id=whatsapp-campaign [32m200[0m 1.009 ms - 13[0m
[0mGET /api/refunds/tasks/next?type=REVIEW_VERIFY&worker_id=review-verifier [32m200[0m 1.271 ms - 13[0m
[0mGET /api/refunds/tasks/next?type=WHATSAPP_BLAST&worker_id=whatsapp-campaign [32m200[0m 0.848 ms - 13[0m
[0mGET /api/refunds/queue [32m200[0m 1.158 ms - 12[0m
[0mGET /api/refunds/tasks/next?type=REVIEW_VERIFY&worker_id=review-verifier [32m200[0m 1.279 ms - 13[0m
[0mGET /api/refunds/tasks/next?type=WHATSAPP_BLAST&worker_id=whatsapp-campaign [32m200[0m 0.980 ms - 13[0m
[0mGET /api/refunds/tasks/next?type=REVIEW_VERIFY&worker_id=review-verifier [32m200[0m 1.000 ms - 13[0m
[0mGET /api/refunds/tasks/next?type=WHATSAPP_BLAST&worker_id=whatsapp-campaign [32m200[0m 0.740 ms - 13[0m
[0mGET /api/refunds/tasks/next?type=REVIEW_VERIFY&worker_id=review-verifier [32m200[0m 1.182 ms - 13[0m
[0mGET /api/refunds/tasks/next?type=WHATSAPP_BLAST&worker_id=whatsapp-campaign [32m200[0m 0.798 ms - 13[0m
[0mGET /api/refunds/queue [32m200[0m 1.068 ms - 12[0m
[0mGET /api/refunds/tasks/next?type=REVIEW_VERIFY&worker_id=review-verifier [32m200[0m 1.957 ms - 13[0m
[0mGET /api/refunds/tasks/next?type=WHATSAPP_BLAST&worker_id=whatsapp-campaign [32m200[0m 1.069 ms - 13[0m
[0mGET /api/refunds/tasks/next?type=REVIEW_VERIFY&worker_id=review-verifier [32m200[0m 1.795 ms - 13[0m
[0mGET /api/refunds/tasks/next?type=WHATSAPP_BLAST&worker_id=whatsapp-campaign [32m200[0m 0.945 ms - 13[0m
[0mGET /api/refunds/tasks/next?type=REVIEW_VERIFY&worker_id=review-verifier [32m200[0m 1.940 ms - 13[0m
[0mGET /api/refunds/tasks/next?type=WHATSAPP_BLAST&worker_id=whatsapp-campaign [32m200[0m 1.133 ms - 13[0m
[0mGET /api/refunds/queue [32m200[0m 0.902 ms - 12[0m
[0mGET /api/refunds/tasks/next?type=REVIEW_VERIFY&worker_id=review-verifier [32m200[0m 8.873 ms - 13[0m
[0mGET /api/refunds/tasks/next?type=WHATSAPP_BLAST&worker_id=whatsapp-campaign [32m200[0m 0.757 ms - 13[0m
[0mGET /api/refunds/tasks/next?type=REVIEW_VERIFY&worker_id=review-verifier [32m200[0m 1.677 ms - 13[0m
[0mGET /api/refunds/tasks/next?type=WHATSAPP_BLAST&worker_id=whatsapp-campaign [32m200[0m 0.819 ms - 13[0m
[0mGET /api/refunds/tasks/next?type=REVIEW_VERIFY&worker_id=review-verifier [32m200[0m 1.889 ms - 13[0m
[0mGET /api/refunds/tasks/next?type=WHATSAPP_BLAST&worker_id=whatsapp-campaign [32m200[0m 0.841 ms - 13[0m
[0mGET /api/refunds/queue [32m200[0m 1.146 ms - 12[0m
[0mGET /api/refunds/tasks/next?type=REVIEW_VERIFY&worker_id=review-verifier [32m200[0m 1.671 ms - 13[0m
[0mGET /api/refunds/tasks/next?type=WHATSAPP_BLAST&worker_id=whatsapp-campaign [32m200[0m 0.754 ms - 13[0m
[0mGET /api/refunds/tasks/next?type=REVIEW_VERIFY&worker_id=review-verifier [32m200[0m 1.774 ms - 13[0m
[0mGET /api/refunds/tasks/next?type=WHATSAPP_BLAST&worker_id=whatsapp-campaign [32m200[0m 0.852 ms - 13[0m
[0mGET /api/refunds/tasks/next?type=REVIEW_VERIFY&worker_id=review-verifier [32m200[0m 2.535 ms - 13[0m
[0mGET /api/refunds/tasks/next?type=WHATSAPP_BLAST&worker_id=whatsapp-campaign [32m200[0m 0.889 ms - 13[0m
[0mGET /api/refunds/queue [32m200[0m 0.904 ms - 12[0m
[0mGET /api/refunds/tasks/next?type=REVIEW_VERIFY&worker_id=review-verifier [32m200[0m 1.974 ms - 13[0m
[0mGET /api/refunds/tasks/next?type=WHATSAPP_BLAST&worker_id=whatsapp-campaign [32m200[0m 1.224 ms - 13[0m
[0mGET /api/refunds/tasks/next?type=REVIEW_VERIFY&worker_id=review-verifier [32m200[0m 1.078 ms - 13[0m
[0mGET /api/refunds/tasks/next?type=WHATSAPP_BLAST&worker_id=whatsapp-campaign [32m200[0m 2.153 ms - 13[0m
[0mGET /api/refunds/tasks/next?type=REVIEW_VERIFY&worker_id=review-verifier [32m200[0m 1.059 ms - 13[0m
[0mGET /api/refunds/tasks/next?type=WHATSAPP_BLAST&worker_id=whatsapp-campaign [32m200[0m 0.924 ms - 13[0m
[0mGET /api/refunds/queue [32m200[0m 0.923 ms - 12[0m
[0mGET /api/refunds/tasks/next?type=REVIEW_VERIFY&worker_id=review-verifier [32m200[0m 1.808 ms - 13[0m
[0mGET /api/refunds/tasks/next?type=WHATSAPP_BLAST&worker_id=whatsapp-campaign [32m200[0m 2.742 ms - 13[0m
[0mGET /api/refunds/tasks/next?type=REVIEW_VERIFY&worker_id=review-verifier [32m200[0m 1.304 ms - 13[0m
[0mGET /api/refunds/tasks/next?type=WHATSAPP_BLAST&worker_id=whatsapp-campaign [32m200[0m 0.827 ms - 13[0m
[0mGET /api/refunds/tasks/next?type=REVIEW_VERIFY&worker_id=review-verifier [32m200[0m 1.486 ms - 13[0m
[0mGET /api/refunds/tasks/next?type=WHATSAPP_BLAST&worker_id=whatsapp-campaign [32m200[0m 0.771 ms - 13[0m
[0mGET /api/refunds/queue [32m200[0m 1.101 ms - 12[0m
[0mGET /api/refunds/tasks/next?type=REVIEW_VERIFY&worker_id=review-verifier [32m200[0m 2.630 ms - 13[0m
[0mGET /api/refunds/tasks/next?type=WHATSAPP_BLAST&worker_id=whatsapp-campaign [32m200[0m 0.911 ms - 13[0m
[0mGET /api/refunds/tasks/next?type=REVIEW_VERIFY&worker_id=review-verifier [32m200[0m 1.720 ms - 13[0m
[0mGET /api/refunds/tasks/next?type=WHATSAPP_BLAST&worker_id=whatsapp-campaign [32m200[0m 0.810 ms - 13[0m
[0mGET /api/refunds/tasks/next?type=REVIEW_VERIFY&worker_id=review-verifier [32m200[0m 1.866 ms - 13[0m
[0mGET /api/refunds/tasks/next?type=WHATSAPP_BLAST&worker_id=whatsapp-campaign [32m200[0m 0.770 ms - 13[0m
[0mGET /api/refunds/queue [32m200[0m 0.950 ms - 12[0m
[0mGET /api/refunds/tasks/next?type=REVIEW_VERIFY&worker_id=review-verifier [32m200[0m 1.079 ms - 13[0m
[0mGET /api/refunds/tasks/next?type=WHATSAPP_BLAST&worker_id=whatsapp-campaign [32m200[0m 0.996 ms - 13[0m
[0mGET /api/refunds/tasks/next?type=REVIEW_VERIFY&worker_id=review-verifier [32m200[0m 0.991 ms - 13[0m
[0mGET /api/refunds/tasks/next?type=WHATSAPP_BLAST&worker_id=whatsapp-campaign [32m200[0m 0.944 ms - 13[0m
[0mGET /api/refunds/tasks/next?type=REVIEW_VERIFY&worker_id=review-verifier [32m200[0m 1.844 ms - 13[0m
[0mGET /api/refunds/tasks/next?type=WHATSAPP_BLAST&worker_id=whatsapp-campaign [32m200[0m 0.862 ms - 13[0m
[0mGET /api/refunds/queue [32m200[0m 1.447 ms - 12[0m
[0mGET /api/refunds/tasks/next?type=REVIEW_VERIFY&worker_id=review-verifier [32m200[0m 2.333 ms - 13[0m
[0mGET /api/refunds/tasks/next?type=WHATSAPP_BLAST&worker_id=whatsapp-campaign [32m200[0m 1.947 ms - 13[0m
[0mGET /api/refunds/tasks/next?type=REVIEW_VERIFY&worker_id=review-verifier [32m200[0m 1.667 ms - 13[0m
[0mGET /api/refunds/tasks/next?type=WHATSAPP_BLAST&worker_id=whatsapp-campaign [32m200[0m 0.863 ms - 13[0m
[0mGET /api/refunds/tasks/next?type=REVIEW_VERIFY&worker_id=review-verifier [32m200[0m 1.006 ms - 13[0m
[0mGET /api/refunds/tasks/next?type=WHATSAPP_BLAST&worker_id=whatsapp-campaign [32m200[0m 0.840 ms - 13[0m
[0mGET /api/refunds/queue [32m200[0m 0.955 ms - 12[0m
[0mGET /api/refunds/tasks/next?type=REVIEW_VERIFY&worker_id=review-verifier [32m200[0m 1.524 ms - 13[0m
[0mGET /api/refunds/tasks/next?type=WHATSAPP_BLAST&worker_id=whatsapp-campaign [32m200[0m 1.865 ms - 13[0m
[0mGET /api/refunds/tasks/next?type=REVIEW_VERIFY&worker_id=review-verifier [32m200[0m 1.192 ms - 13[0m
[0mGET /api/refunds/tasks/next?type=WHATSAPP_BLAST&worker_id=whatsapp-campaign [32m200[0m 0.991 ms - 13[0m
[0mGET /api/refunds/tasks/next?type=REVIEW_VERIFY&worker_id=review-verifier [32m200[0m 2.318 ms - 13[0m
[0mGET /api/refunds/tasks/next?type=WHATSAPP_BLAST&worker_id=whatsapp-campaign [32m200[0m 0.915 ms - 13[0m
[0mGET /api/refunds/queue [32m200[0m 1.746 ms - 12[0m
[0mGET /api/refunds/tasks/next?type=REVIEW_VERIFY&worker_id=review-verifier [32m200[0m 4.260 ms - 13[0m
[0mGET /api/refunds/tasks/next?type=WHATSAPP_BLAST&worker_id=whatsapp-campaign [32m200[0m 1.089 ms - 13[0m
[0mGET /api/refunds/tasks/next?type=REVIEW_VERIFY&worker_id=review-verifier [32m200[0m 1.893 ms - 13[0m
[0mGET /api/refunds/tasks/next?type=WHATSAPP_BLAST&worker_id=whatsapp-campaign [32m200[0m 0.891 ms - 13[0m
[0mGET /api/refunds/tasks/next?type=REVIEW_VERIFY&worker_id=review-verifier [32m200[0m 2.033 ms - 13[0m
[0mGET /api/refunds/tasks/next?type=WHATSAPP_BLAST&worker_id=whatsapp-campaign [32m200[0m 0.896 ms - 13[0m
[0mGET /api/refunds/queue [32m200[0m 0.972 ms - 12[0m
[0mGET /api/refunds/tasks/next?type=REVIEW_VERIFY&worker_id=review-verifier [32m200[0m 1.008 ms - 13[0m
[0mGET /api/refunds/tasks/next?type=WHATSAPP_BLAST&worker_id=whatsapp-campaign [32m200[0m 0.792 ms - 13[0m
[0mGET /api/refunds/tasks/next?type=REVIEW_VERIFY&worker_id=review-verifier [32m200[0m 1.024 ms - 13[0m
[0mGET /api/refunds/tasks/next?type=WHATSAPP_BLAST&worker_id=whatsapp-campaign [32m200[0m 0.813 ms - 13[0m
[0mGET /api/refunds/tasks/next?type=REVIEW_VERIFY&worker_id=review-verifier [32m200[0m 2.276 ms - 13[0m
[0mGET /api/refunds/tasks/next?type=WHATSAPP_BLAST&worker_id=whatsapp-campaign [32m200[0m 0.781 ms - 13[0m
[0mGET /api/refunds/queue [32m200[0m 3.121 ms - 12[0m
[0mGET /api/refunds/tasks/next?type=REVIEW_VERIFY&worker_id=review-verifier [32m200[0m 13.944 ms - 13[0m
[0mGET /api/refunds/tasks/next?type=WHATSAPP_BLAST&worker_id=whatsapp-campaign [32m200[0m 0.758 ms - 13[0m
[0mGET /api/refunds/tasks/next?type=REVIEW_VERIFY&worker_id=review-verifier [32m200[0m 1.686 ms - 13[0m
[0mGET /api/refunds/tasks/next?type=WHATSAPP_BLAST&worker_id=whatsapp-campaign [32m200[0m 0.774 ms - 13[0m
[0mGET /api/refunds/tasks/next?type=REVIEW_VERIFY&worker_id=review-verifier [32m200[0m 4.514 ms - 13[0m
[0mGET /api/refunds/tasks/next?type=WHATSAPP_BLAST&worker_id=whatsapp-campaign [32m200[0m 1.560 ms - 13[0m
[0mGET /api/refunds/queue [32m200[0m 1.573 ms - 12[0m
[0mGET /api/refunds/tasks/next?type=REVIEW_VERIFY&worker_id=review-verifier [32m200[0m 4.425 ms - 13[0m
[0mGET /api/refunds/tasks/next?type=WHATSAPP_BLAST&worker_id=whatsapp-campaign [32m200[0m 5.629 ms - 13[0m
[0mGET /api/refunds/tasks/next?type=REVIEW_VERIFY&worker_id=review-verifier [32m200[0m 2.783 ms - 13[0m
[0mGET /api/refunds/tasks/next?type=WHATSAPP_BLAST&worker_id=whatsapp-campaign [32m200[0m 0.731 ms - 13[0m
[0mGET /api/refunds/tasks/next?type=REVIEW_VERIFY&worker_id=review-verifier [32m200[0m 0.998 ms - 13[0m
[0mGET /api/refunds/tasks/next?type=WHATSAPP_BLAST&worker_id=whatsapp-campaign [32m200[0m 0.969 ms - 13[0m
[0mGET /api/refunds/queue [32m200[0m 1.372 ms - 12[0m
[0mGET /api/refunds/tasks/next?type=REVIEW_VERIFY&worker_id=review-verifier [32m200[0m 0.887 ms - 13[0m
[0mGET /api/refunds/tasks/next?type=WHATSAPP_BLAST&worker_id=whatsapp-campaign [32m200[0m 0.769 ms - 13[0m
[0mGET /api/refunds/tasks/next?type=REVIEW_VERIFY&worker_id=review-verifier [32m200[0m 1.088 ms - 13[0m
[0mGET /api/refunds/tasks/next?type=WHATSAPP_BLAST&worker_id=whatsapp-campaign [32m200[0m 1.447 ms - 13[0m
[0mGET /api/refunds/tasks/next?type=REVIEW_VERIFY&worker_id=review-verifier [32m200[0m 0.977 ms - 13[0m
[0mGET /api/refunds/tasks/next?type=WHATSAPP_BLAST&worker_id=whatsapp-campaign [32m200[0m 0.727 ms - 13[0m
[0mGET /api/refunds/queue [32m200[0m 1.170 ms - 12[0m
[0mGET /api/refunds/tasks/next?type=REVIEW_VERIFY&worker_id=review-verifier [32m200[0m 0.727 ms - 13[0m
[0mGET /api/refunds/tasks/next?type=WHATSAPP_BLAST&worker_id=whatsapp-campaign [32m200[0m 0.884 ms - 13[0m
[0mGET /api/refunds/tasks/next?type=REVIEW_VERIFY&worker_id=review-verifier [32m200[0m 1.939 ms - 13[0m
[0mGET /api/refunds/tasks/next?type=WHATSAPP_BLAST&worker_id=whatsapp-campaign [32m200[0m 0.686 ms - 13[0m
[0mGET /api/refunds/tasks/next?type=REVIEW_VERIFY&worker_id=review-verifier [32m200[0m 2.079 ms - 13[0m
[0mGET /api/refunds/tasks/next?type=WHATSAPP_BLAST&worker_id=whatsapp-campaign [32m200[0m 0.696 ms - 13[0m
[0mGET /api/refunds/queue [32m200[0m 1.000 ms - 12[0m
[0mGET /api/refunds/tasks/next?type=REVIEW_VERIFY&worker_id=review-verifier [32m200[0m 0.989 ms - 13[0m
[0mGET /api/refunds/tasks/next?type=WHATSAPP_BLAST&worker_id=whatsapp-campaign [32m200[0m 1.076 ms - 13[0m
[0mGET /api/refunds/tasks/next?type=REVIEW_VERIFY&worker_id=review-verifier [32m200[0m 1.570 ms - 13[0m
[0mGET /api/refunds/tasks/next?type=WHATSAPP_BLAST&worker_id=whatsapp-campaign [32m200[0m 0.937 ms - 13[0m
[0mGET /api/refunds/tasks/next?type=REVIEW_VERIFY&worker_id=review-verifier [32m200[0m 1.902 ms - 13[0m
[0mGET /api/refunds/tasks/next?type=WHATSAPP_BLAST&worker_id=whatsapp-campaign [32m200[0m 0.764 ms - 13[0m
[0mGET /api/refunds/queue [32m200[0m 2.490 ms - 12[0m
[0mGET /api/refunds/tasks/next?type=REVIEW_VERIFY&worker_id=review-verifier [32m200[0m 1.147 ms - 13[0m
[0mGET /api/refunds/tasks/next?type=WHATSAPP_BLAST&worker_id=whatsapp-campaign [32m200[0m 0.830 ms - 13[0m
[0mGET /api/refunds/tasks/next?type=REVIEW_VERIFY&worker_id=review-verifier [32m200[0m 2.004 ms - 13[0m
[0mGET /api/refunds/tasks/next?type=WHATSAPP_BLAST&worker_id=whatsapp-campaign [32m200[0m 0.757 ms - 13[0m
[0mGET /api/refunds/tasks/next?type=REVIEW_VERIFY&worker_id=review-verifier [32m200[0m 1.838 ms - 13[0m
[0mGET /api/refunds/tasks/next?type=WHATSAPP_BLAST&worker_id=whatsapp-campaign [32m200[0m 0.729 ms - 13[0m
[0mGET /api/refunds/queue [32m200[0m 0.900 ms - 12[0m
[0mGET /api/refunds/tasks/next?type=REVIEW_VERIFY&worker_id=review-verifier [32m200[0m 0.775 ms - 13[0m
[0mGET /api/refunds/tasks/next?type=WHATSAPP_BLAST&worker_id=whatsapp-campaign [32m200[0m 0.967 ms - 13[0m
[0mGET /api/refunds/tasks/next?type=REVIEW_VERIFY&worker_id=review-verifier [32m200[0m 1.127 ms - 13[0m
[0mGET /api/refunds/tasks/next?type=WHATSAPP_BLAST&worker_id=whatsapp-campaign [32m200[0m 0.885 ms - 13[0m
[0mGET /api/refunds/tasks/next?type=REVIEW_VERIFY&worker_id=review-verifier [32m200[0m 0.916 ms - 13[0m
[0mGET /api/refunds/tasks/next?type=WHATSAPP_BLAST&worker_id=whatsapp-campaign [32m200[0m 0.735 ms - 13[0m
[0mGET /api/refunds/queue [32m200[0m 0.775 ms - 12[0m
[0mGET /api/refunds/tasks/next?type=REVIEW_VERIFY&worker_id=review-verifier [32m200[0m 1.335 ms - 13[0m
[0mGET /api/refunds/tasks/next?type=WHATSAPP_BLAST&worker_id=whatsapp-campaign [32m200[0m 0.739 ms - 13[0m
[0mGET /api/refunds/tasks/next?type=REVIEW_VERIFY&worker_id=review-verifier [32m200[0m 1.941 ms - 13[0m
[0mGET /api/refunds/tasks/next?type=WHATSAPP_BLAST&worker_id=whatsapp-campaign [32m200[0m 0.823 ms - 13[0m
[0mGET /api/refunds/tasks/next?type=REVIEW_VERIFY&worker_id=review-verifier [32m200[0m 0.704 ms - 13[0m
[0mGET /api/refunds/tasks/next?type=WHATSAPP_BLAST&worker_id=whatsapp-campaign [32m200[0m 1.009 ms - 13[0m
[0mGET /api/refunds/queue [32m200[0m 1.227 ms - 12[0m
[0mGET /api/refunds/tasks/next?type=REVIEW_VERIFY&worker_id=review-verifier [32m200[0m 0.711 ms - 13[0m
[0mGET /api/refunds/tasks/next?type=WHATSAPP_BLAST&worker_id=whatsapp-campaign [32m200[0m 0.797 ms - 13[0m
[0mGET /api/refunds/tasks/next?type=REVIEW_VERIFY&worker_id=review-verifier [32m200[0m 1.265 ms - 13[0m
[0mGET /api/refunds/tasks/next?type=WHATSAPP_BLAST&worker_id=whatsapp-campaign [32m200[0m 0.983 ms - 13[0m
[0mGET /api/refunds/tasks/next?type=REVIEW_VERIFY&worker_id=review-verifier [32m200[0m 1.422 ms - 13[0m
[0mGET /api/refunds/tasks/next?type=WHATSAPP_BLAST&worker_id=whatsapp-campaign [32m200[0m 0.649 ms - 13[0m
[0mGET /api/refunds/queue [32m200[0m 1.030 ms - 12[0m
[0mGET /api/refunds/tasks/next?type=REVIEW_VERIFY&worker_id=review-verifier [32m200[0m 1.926 ms - 13[0m
[0mGET /api/refunds/tasks/next?type=WHATSAPP_BLAST&worker_id=whatsapp-campaign [32m200[0m 0.751 ms - 13[0m
[0mGET /api/refunds/tasks/next?type=REVIEW_VERIFY&worker_id=review-verifier [32m200[0m 1.692 ms - 13[0m
[0mGET /api/refunds/tasks/next?type=WHATSAPP_BLAST&worker_id=whatsapp-campaign [32m200[0m 0.827 ms - 13[0m
[0mGET /api/refunds/tasks/next?type=REVIEW_VERIFY&worker_id=review-verifier [32m200[0m 2.014 ms - 13[0m
[0mGET /api/refunds/tasks/next?type=WHATSAPP_BLAST&worker_id=whatsapp-campaign [32m200[0m 0.897 ms - 13[0m
[0mGET /api/refunds/queue [32m200[0m 1.039 ms - 12[0m
[0mGET /api/refunds/tasks/next?type=REVIEW_VERIFY&worker_id=review-verifier [32m200[0m 0.919 ms - 13[0m
[0mGET /api/refunds/tasks/next?type=WHATSAPP_BLAST&worker_id=whatsapp-campaign [32m200[0m 0.891 ms - 13[0m
[0mGET /api/refunds/tasks/next?type=REVIEW_VERIFY&worker_id=review-verifier [32m200[0m 1.976 ms - 13[0m
[0mGET /api/refunds/tasks/next?type=WHATSAPP_BLAST&worker_id=whatsapp-campaign [32m200[0m 1.292 ms - 13[0m
[0mGET /api/refunds/tasks/next?type=REVIEW_VERIFY&worker_id=review-verifier [32m200[0m 1.931 ms - 13[0m
[0mGET /api/refunds/tasks/next?type=WHATSAPP_BLAST&worker_id=whatsapp-campaign [32m200[0m 0.996 ms - 13[0m
[0mGET /api/refunds/queue [32m200[0m 1.483 ms - 12[0m
[0mGET /api/refunds/tasks/next?type=REVIEW_VERIFY&worker_id=review-verifier [32m200[0m 1.768 ms - 13[0m
[0mGET /api/refunds/tasks/next?type=WHATSAPP_BLAST&worker_id=whatsapp-campaign [32m200[0m 1.637 ms - 13[0m
[0mGET /api/refunds/tasks/next?type=REVIEW_VERIFY&worker_id=review-verifier [32m200[0m 1.689 ms - 13[0m
[0mGET /api/refunds/tasks/next?type=WHATSAPP_BLAST&worker_id=whatsapp-campaign [32m200[0m 0.982 ms - 13[0m
[0mGET /api/refunds/tasks/next?type=REVIEW_VERIFY&worker_id=review-verifier [32m200[0m 1.028 ms - 13[0m
[0mGET /api/refunds/tasks/next?type=WHATSAPP_BLAST&worker_id=whatsapp-campaign [32m200[0m 0.827 ms - 13[0m
[0mGET /api/refunds/queue [32m200[0m 1.450 ms - 12[0m
[0mGET /api/refunds/tasks/next?type=REVIEW_VERIFY&worker_id=review-verifier [32m200[0m 1.077 ms - 13[0m
[0mGET /api/refunds/tasks/next?type=WHATSAPP_BLAST&worker_id=whatsapp-campaign [32m200[0m 0.879 ms - 13[0m
[0mGET /api/refunds/tasks/next?type=REVIEW_VERIFY&worker_id=review-verifier [32m200[0m 1.835 ms - 13[0m
[0mGET /api/refunds/tasks/next?type=WHATSAPP_BLAST&worker_id=whatsapp-campaign [32m200[0m 0.862 ms - 13[0m
[0mGET /api/refunds/tasks/next?type=REVIEW_VERIFY&worker_id=review-verifier [32m200[0m 2.236 ms - 13[0m
[0mGET /api/refunds/tasks/next?type=WHATSAPP_BLAST&worker_id=whatsapp-campaign [32m200[0m 1.628 ms - 13[0m
[0mGET /api/refunds/queue [32m200[0m 1.329 ms - 12[0m
[0mGET /api/refunds/tasks/next?type=REVIEW_VERIFY&worker_id=review-verifier [32m200[0m 1.692 ms - 13[0m
[0mGET /api/refunds/tasks/next?type=WHATSAPP_BLAST&worker_id=whatsapp-campaign [32m200[0m 1.231 ms - 13[0m
[0mGET /api/refunds/tasks/next?type=REVIEW_VERIFY&worker_id=review-verifier [32m200[0m 2.353 ms - 13[0m
[0mGET /api/refunds/tasks/next?type=WHATSAPP_BLAST&worker_id=whatsapp-campaign [32m200[0m 3.170 ms - 13[0m
[0mGET /api/refunds/tasks/next?type=REVIEW_VERIFY&worker_id=review-verifier [32m200[0m 2.095 ms - 13[0m
[0mGET /api/refunds/tasks/next?type=WHATSAPP_BLAST&worker_id=whatsapp-campaign [32m200[0m 0.896 ms - 13[0m
[0mGET /api/refunds/queue [32m200[0m 1.148 ms - 12[0m
[0mGET /api/refunds/tasks/next?type=REVIEW_VERIFY&worker_id=review-verifier [32m200[0m 0.917 ms - 13[0m
[0mGET /api/refunds/tasks/next?type=WHATSAPP_BLAST&worker_id=whatsapp-campaign [32m200[0m 0.844 ms - 13[0m
[0mGET /api/refunds/tasks/next?type=REVIEW_VERIFY&worker_id=review-verifier [32m200[0m 1.921 ms - 13[0m
[0mGET /api/refunds/tasks/next?type=WHATSAPP_BLAST&worker_id=whatsapp-campaign [32m200[0m 0.937 ms - 13[0m
[0mGET /api/refunds/tasks/next?type=REVIEW_VERIFY&worker_id=review-verifier [32m200[0m 0.975 ms - 13[0m
[0mGET /api/refunds/tasks/next?type=WHATSAPP_BLAST&worker_id=whatsapp-campaign [32m200[0m 0.739 ms - 13[0m
[0mGET /api/refunds/queue [32m200[0m 1.582 ms - 12[0m
[0mGET /api/refunds/tasks/next?type=REVIEW_VERIFY&worker_id=review-verifier [32m200[0m 1.150 ms - 13[0m
[0mGET /api/refunds/tasks/next?type=WHATSAPP_BLAST&worker_id=whatsapp-campaign [32m200[0m 0.917 ms - 13[0m
[0mGET /api/refunds/tasks/next?type=REVIEW_VERIFY&worker_id=review-verifier [32m200[0m 1.820 ms - 13[0m
[0mGET /api/refunds/tasks/next?type=WHATSAPP_BLAST&worker_id=whatsapp-campaign [32m200[0m 0.696 ms - 13[0m
[0mGET /api/refunds/tasks/next?type=REVIEW_VERIFY&worker_id=review-verifier [32m200[0m 1.175 ms - 13[0m
[0mGET /api/refunds/tasks/next?type=WHATSAPP_BLAST&worker_id=whatsapp-campaign [32m200[0m 0.841 ms - 13[0m
[0mGET /api/refunds/queue [32m200[0m 1.387 ms - 12[0m
[0mGET /api/refunds/tasks/next?type=REVIEW_VERIFY&worker_id=review-verifier [32m200[0m 0.815 ms - 13[0m
[0mGET /api/refunds/tasks/next?type=WHATSAPP_BLAST&worker_id=whatsapp-campaign [32m200[0m 0.996 ms - 13[0m
[0mGET /api/refunds/tasks/next?type=REVIEW_VERIFY&worker_id=review-verifier [32m200[0m 1.821 ms - 13[0m
[0mGET /api/refunds/tasks/next?type=WHATSAPP_BLAST&worker_id=whatsapp-campaign [32m200[0m 0.833 ms - 13[0m
[0mGET /api/refunds/tasks/next?type=REVIEW_VERIFY&worker_id=review-verifier [32m200[0m 1.159 ms - 13[0m
[0mGET /api/refunds/tasks/next?type=WHATSAPP_BLAST&worker_id=whatsapp-campaign [32m200[0m 1.025 ms - 13[0m
[0mGET /api/refunds/queue [32m200[0m 0.994 ms - 12[0m
[0mGET /api/refunds/tasks/next?type=REVIEW_VERIFY&worker_id=review-verifier [32m200[0m 1.297 ms - 13[0m
[0mGET /api/refunds/tasks/next?type=WHATSAPP_BLAST&worker_id=whatsapp-campaign [32m200[0m 0.947 ms - 13[0m
[0mGET /api/refunds/tasks/next?type=REVIEW_VERIFY&worker_id=review-verifier [32m200[0m 1.649 ms - 13[0m
[0mGET /api/refunds/tasks/next?type=WHATSAPP_BLAST&worker_id=whatsapp-campaign [32m200[0m 1.067 ms - 13[0m
[0mGET /api/refunds/tasks/next?type=REVIEW_VERIFY&worker_id=review-verifier [32m200[0m 1.229 ms - 13[0m
[0mGET /api/refunds/tasks/next?type=WHATSAPP_BLAST&worker_id=whatsapp-campaign [32m200[0m 4.247 ms - 13[0m
[0mGET /api/refunds/queue [32m200[0m 1.225 ms - 12[0m
[0mGET /api/refunds/tasks/next?type=REVIEW_VERIFY&worker_id=review-verifier [32m200[0m 1.091 ms - 13[0m
[0mGET /api/refunds/tasks/next?type=WHATSAPP_BLAST&worker_id=whatsapp-campaign [32m200[0m 0.937 ms - 13[0m
[0mGET /api/refunds/tasks/next?type=REVIEW_VERIFY&worker_id=review-verifier [32m200[0m 2.012 ms - 13[0m
[0mGET /api/refunds/tasks/next?type=WHATSAPP_BLAST&worker_id=whatsapp-campaign [32m200[0m 0.777 ms - 13[0m
[0mGET /api/refunds/tasks/next?type=REVIEW_VERIFY&worker_id=review-verifier [32m200[0m 2.651 ms - 13[0m
[0mGET /api/refunds/tasks/next?type=WHATSAPP_BLAST&worker_id=whatsapp-campaign [32m200[0m 0.702 ms - 13[0m
[0mGET /api/refunds/queue [32m200[0m 0.775 ms - 12[0m
[0mGET /api/refunds/tasks/next?type=REVIEW_VERIFY&worker_id=review-verifier [32m200[0m 1.902 ms - 13[0m
[0mGET /api/refunds/tasks/next?type=WHATSAPP_BLAST&worker_id=whatsapp-campaign [32m200[0m 0.830 ms - 13[0m
[0mGET /api/refunds/tasks/next?type=REVIEW_VERIFY&worker_id=review-verifier [32m200[0m 1.802 ms - 13[0m
[0mGET /api/refunds/tasks/next?type=WHATSAPP_BLAST&worker_id=whatsapp-campaign [32m200[0m 0.772 ms - 13[0m
[0mGET /api/refunds/tasks/next?type=REVIEW_VERIFY&worker_id=review-verifier [32m200[0m 2.763 ms - 13[0m
[0mGET /api/refunds/tasks/next?type=WHATSAPP_BLAST&worker_id=whatsapp-campaign [32m200[0m 1.454 ms - 13[0m
[0mGET /api/refunds/queue [32m200[0m 1.498 ms - 12[0m
[0mGET /api/refunds/tasks/next?type=REVIEW_VERIFY&worker_id=review-verifier [32m200[0m 1.412 ms - 13[0m
[0mGET /api/refunds/tasks/next?type=WHATSAPP_BLAST&worker_id=whatsapp-campaign [32m200[0m 0.822 ms - 13[0m
[0mGET /api/refunds/tasks/next?type=REVIEW_VERIFY&worker_id=review-verifier [32m200[0m 4.516 ms - 13[0m
[0mGET /api/refunds/tasks/next?type=WHATSAPP_BLAST&worker_id=whatsapp-campaign [32m200[0m 1.023 ms - 13[0m
[0mGET /api/refunds/tasks/next?type=REVIEW_VERIFY&worker_id=review-verifier [32m200[0m 3.072 ms - 13[0m
[0mGET /api/refunds/tasks/next?type=WHATSAPP_BLAST&worker_id=whatsapp-campaign [32m200[0m 1.021 ms - 13[0m
[0mGET /api/refunds/queue [32m200[0m 1.159 ms - 12[0m
[0mGET /api/refunds/tasks/next?type=REVIEW_VERIFY&worker_id=review-verifier [32m200[0m 2.442 ms - 13[0m
[0mGET /api/refunds/tasks/next?type=WHATSAPP_BLAST&worker_id=whatsapp-campaign [32m200[0m 5.795 ms - 13[0m
[0mGET /api/refunds/tasks/next?type=REVIEW_VERIFY&worker_id=review-verifier [32m200[0m 1.763 ms - 13[0m
[0mGET /api/refunds/tasks/next?type=WHATSAPP_BLAST&worker_id=whatsapp-campaign [32m200[0m 0.867 ms - 13[0m
[0mGET /api/refunds/tasks/next?type=REVIEW_VERIFY&worker_id=review-verifier [32m200[0m 1.794 ms - 13[0m
[0mGET /api/refunds/tasks/next?type=WHATSAPP_BLAST&worker_id=whatsapp-campaign [32m200[0m 0.855 ms - 13[0m
[0mGET /api/refunds/queue [32m200[0m 1.077 ms - 12[0m
[0mGET /api/refunds/tasks/next?type=REVIEW_VERIFY&worker_id=review-verifier [32m200[0m 0.927 ms - 13[0m
[0mGET /api/refunds/tasks/next?type=WHATSAPP_BLAST&worker_id=whatsapp-campaign [32m200[0m 1.206 ms - 13[0m
[0mGET /api/refunds/tasks/next?type=REVIEW_VERIFY&worker_id=review-verifier [32m200[0m 1.896 ms - 13[0m
[0mGET /api/refunds/tasks/next?type=WHATSAPP_BLAST&worker_id=whatsapp-campaign [32m200[0m 0.722 ms - 13[0m
[0mGET /api/refunds/tasks/next?type=REVIEW_VERIFY&worker_id=review-verifier [32m200[0m 2.071 ms - 13[0m
[0mGET /api/refunds/tasks/next?type=WHATSAPP_BLAST&worker_id=whatsapp-campaign [32m200[0m 1.103 ms - 13[0m
[0mGET /api/refunds/queue [32m200[0m 1.125 ms - 12[0m
[0mGET /api/refunds/tasks/next?type=REVIEW_VERIFY&worker_id=review-verifier [32m200[0m 1.145 ms - 13[0m
[0mGET /api/refunds/tasks/next?type=WHATSAPP_BLAST&worker_id=whatsapp-campaign [32m200[0m 1.044 ms - 13[0m
[0mGET /api/refunds/tasks/next?type=REVIEW_VERIFY&worker_id=review-verifier [32m200[0m 1.141 ms - 13[0m
[0mGET /api/refunds/tasks/next?type=WHATSAPP_BLAST&worker_id=whatsapp-campaign [32m200[0m 0.902 ms - 13[0m
[0mGET /api/refunds/tasks/next?type=REVIEW_VERIFY&worker_id=review-verifier [32m200[0m 1.079 ms - 13[0m
[0mGET /api/refunds/tasks/next?type=WHATSAPP_BLAST&worker_id=whatsapp-campaign [32m200[0m 0.861 ms - 13[0m
[0mGET /api/refunds/queue [32m200[0m 1.332 ms - 12[0m
[0mGET /api/refunds/tasks/next?type=REVIEW_VERIFY&worker_id=review-verifier [32m200[0m 1.149 ms - 13[0m
[0mGET /api/refunds/tasks/next?type=WHATSAPP_BLAST&worker_id=whatsapp-campaign [32m200[0m 0.869 ms - 13[0m
[0mGET /api/refunds/tasks/next?type=REVIEW_VERIFY&worker_id=review-verifier [32m200[0m 1.188 ms - 13[0m
[0mGET /api/refunds/tasks/next?type=WHATSAPP_BLAST&worker_id=whatsapp-campaign [32m200[0m 1.599 ms - 13[0m
[0mGET /api/refunds/tasks/next?type=REVIEW_VERIFY&worker_id=review-verifier [32m200[0m 1.412 ms - 13[0m
[0mGET /api/refunds/tasks/next?type=WHATSAPP_BLAST&worker_id=whatsapp-campaign [32m200[0m 0.698 ms - 13[0m
[0mGET /api/refunds/queue [32m200[0m 1.035 ms - 12[0m
[0mGET /api/refunds/tasks/next?type=REVIEW_VERIFY&worker_id=review-verifier [32m200[0m 1.163 ms - 13[0m
[0mGET /api/refunds/tasks/next?type=WHATSAPP_BLAST&worker_id=whatsapp-campaign [32m200[0m 1.206 ms - 13[0m
[0mGET /api/refunds/tasks/next?type=REVIEW_VERIFY&worker_id=review-verifier [32m200[0m 1.007 ms - 13[0m
[0mGET /api/refunds/tasks/next?type=WHATSAPP_BLAST&worker_id=whatsapp-campaign [32m200[0m 0.905 ms - 13[0m
[0mGET /api/refunds/tasks/next?type=REVIEW_VERIFY&worker_id=review-verifier [32m200[0m 1.483 ms - 13[0m
[0mGET /api/refunds/tasks/next?type=WHATSAPP_BLAST&worker_id=whatsapp-campaign [32m200[0m 0.750 ms - 13[0m
[0mGET /api/refunds/queue [32m200[0m 1.689 ms - 12[0m
[0mGET /api/refunds/tasks/next?type=REVIEW_VERIFY&worker_id=review-verifier [32m200[0m 0.986 ms - 13[0m
[0mGET /api/refunds/tasks/next?type=WHATSAPP_BLAST&worker_id=whatsapp-campaign [32m200[0m 0.908 ms - 13[0m
[0mGET /api/refunds/tasks/next?type=REVIEW_VERIFY&worker_id=review-verifier [32m200[0m 1.821 ms - 13[0m
[0mGET /api/refunds/tasks/next?type=WHATSAPP_BLAST&worker_id=whatsapp-campaign [32m200[0m 0.885 ms - 13[0m
[0mGET /api/refunds/tasks/next?type=REVIEW_VERIFY&worker_id=review-verifier [32m200[0m 1.779 ms - 13[0m
[0mGET /api/refunds/tasks/next?type=WHATSAPP_BLAST&worker_id=whatsapp-campaign [32m200[0m 0.838 ms - 13[0m
[0mGET /api/refunds/queue [32m200[0m 2.027 ms - 12[0m
[0mGET /api/refunds/tasks/next?type=REVIEW_VERIFY&worker_id=review-verifier [32m200[0m 1.807 ms - 13[0m
[0mGET /api/refunds/tasks/next?type=WHATSAPP_BLAST&worker_id=whatsapp-campaign [32m200[0m 2.140 ms - 13[0m
[0mGET /api/refunds/tasks/next?type=REVIEW_VERIFY&worker_id=review-verifier [32m200[0m 1.595 ms - 13[0m
[0mGET /api/refunds/tasks/next?type=WHATSAPP_BLAST&worker_id=whatsapp-campaign [32m200[0m 0.845 ms - 13[0m
[0mGET /api/refunds/tasks/next?type=REVIEW_VERIFY&worker_id=review-verifier [32m200[0m 1.002 ms - 13[0m
[0mGET /api/refunds/tasks/next?type=WHATSAPP_BLAST&worker_id=whatsapp-campaign [32m200[0m 1.090 ms - 13[0m
[0mGET /api/refunds/queue [32m200[0m 1.227 ms - 12[0m
[0mGET /api/refunds/tasks/next?type=REVIEW_VERIFY&worker_id=review-verifier [32m200[0m 0.932 ms - 13[0m
[0mGET /api/refunds/tasks/next?type=WHATSAPP_BLAST&worker_id=whatsapp-campaign [32m200[0m 0.749 ms - 13[0m
[0mGET /api/refunds/tasks/next?type=REVIEW_VERIFY&worker_id=review-verifier [32m200[0m 1.751 ms - 13[0m
[0mGET /api/refunds/tasks/next?type=WHATSAPP_BLAST&worker_id=whatsapp-campaign [32m200[0m 1.248 ms - 13[0m
[0mGET /api/refunds/tasks/next?type=REVIEW_VERIFY&worker_id=review-verifier [32m200[0m 1.147 ms - 13[0m
[0mGET /api/refunds/tasks/next?type=WHATSAPP_BLAST&worker_id=whatsapp-campaign [32m200[0m 0.877 ms - 13[0m
[0mGET /api/refunds/queue [32m200[0m 1.141 ms - 12[0m
[0mGET /api/refunds/tasks/next?type=REVIEW_VERIFY&worker_id=review-verifier [32m200[0m 1.002 ms - 13[0m
[0mGET /api/refunds/tasks/next?type=WHATSAPP_BLAST&worker_id=whatsapp-campaign [32m200[0m 0.971 ms - 13[0m
[0mGET /api/refunds/tasks/next?type=REVIEW_VERIFY&worker_id=review-verifier [32m200[0m 0.967 ms - 13[0m
[0mGET /api/refunds/tasks/next?type=WHATSAPP_BLAST&worker_id=whatsapp-campaign [32m200[0m 0.710 ms - 13[0m
[0mGET /api/refunds/tasks/next?type=REVIEW_VERIFY&worker_id=review-verifier [32m200[0m 1.074 ms - 13[0m
[0mGET /api/refunds/tasks/next?type=WHATSAPP_BLAST&worker_id=whatsapp-campaign [32m200[0m 0.878 ms - 13[0m
[0mGET /api/refunds/queue [32m200[0m 0.984 ms - 12[0m
[0mGET /api/refunds/tasks/next?type=REVIEW_VERIFY&worker_id=review-verifier [32m200[0m 0.840 ms - 13[0m
[0mGET /api/refunds/tasks/next?type=WHATSAPP_BLAST&worker_id=whatsapp-campaign [32m200[0m 1.189 ms - 13[0m
[0mGET /api/refunds/tasks/next?type=REVIEW_VERIFY&worker_id=review-verifier [32m200[0m 2.155 ms - 13[0m
[0mGET /api/refunds/tasks/next?type=WHATSAPP_BLAST&worker_id=whatsapp-campaign [32m200[0m 0.738 ms - 13[0m
[0mGET /api/refunds/tasks/next?type=REVIEW_VERIFY&worker_id=review-verifier [32m200[0m 1.226 ms - 13[0m
[0mGET /api/refunds/tasks/next?type=WHATSAPP_BLAST&worker_id=whatsapp-campaign [32m200[0m 0.954 ms - 13[0m
[0mGET /api/refunds/queue [32m200[0m 1.310 ms - 12[0m
[0mGET /api/refunds/tasks/next?type=REVIEW_VERIFY&worker_id=review-verifier [32m200[0m 1.664 ms - 13[0m
[0mGET /api/refunds/tasks/next?type=WHATSAPP_BLAST&worker_id=whatsapp-campaign [32m200[0m 1.025 ms - 13[0m
[0mGET /api/refunds/tasks/next?type=REVIEW_VERIFY&worker_id=review-verifier [32m200[0m 1.955 ms - 13[0m
[0mGET /api/refunds/tasks/next?type=WHATSAPP_BLAST&worker_id=whatsapp-campaign [32m200[0m 0.884 ms - 13[0m
[0mGET /api/refunds/tasks/next?type=REVIEW_VERIFY&worker_id=review-verifier [32m200[0m 1.000 ms - 13[0m
[0mGET /api/refunds/tasks/next?type=WHATSAPP_BLAST&worker_id=whatsapp-campaign [32m200[0m 0.936 ms - 13[0m
[0mGET /api/refunds/queue [32m200[0m 1.250 ms - 12[0m
[0mGET /api/refunds/tasks/next?type=REVIEW_VERIFY&worker_id=review-verifier [32m200[0m 1.064 ms - 13[0m
[0mGET /api/refunds/tasks/next?type=WHATSAPP_BLAST&worker_id=whatsapp-campaign [32m200[0m 2.062 ms - 13[0m
[0mGET /api/refunds/tasks/next?type=REVIEW_VERIFY&worker_id=review-verifier [32m200[0m 1.793 ms - 13[0m
[0mGET /api/refunds/tasks/next?type=WHATSAPP_BLAST&worker_id=whatsapp-campaign [32m200[0m 0.932 ms - 13[0m
[0mGET /api/refunds/tasks/next?type=REVIEW_VERIFY&worker_id=review-verifier [32m200[0m 2.083 ms - 13[0m
[0mGET /api/refunds/tasks/next?type=WHATSAPP_BLAST&worker_id=whatsapp-campaign [32m200[0m 0.791 ms - 13[0m
[0mGET /api/refunds/queue [32m200[0m 1.100 ms - 12[0m
[0mGET /api/refunds/tasks/next?type=REVIEW_VERIFY&worker_id=review-verifier [32m200[0m 1.062 ms - 13[0m
[0mGET /api/refunds/tasks/next?type=WHATSAPP_BLAST&worker_id=whatsapp-campaign [32m200[0m 0.856 ms - 13[0m
[0mGET /api/refunds/tasks/next?type=REVIEW_VERIFY&worker_id=review-verifier [32m200[0m 1.666 ms - 13[0m
[0mGET /api/refunds/tasks/next?type=WHATSAPP_BLAST&worker_id=whatsapp-campaign [32m200[0m 0.939 ms - 13[0m
[0mGET /api/refunds/tasks/next?type=REVIEW_VERIFY&worker_id=review-verifier [32m200[0m 1.218 ms - 13[0m
[0mGET /api/refunds/tasks/next?type=WHATSAPP_BLAST&worker_id=whatsapp-campaign [32m200[0m 0.711 ms - 13[0m
[0mGET /api/refunds/queue [32m200[0m 1.002 ms - 12[0m
[0mGET /api/refunds/tasks/next?type=REVIEW_VERIFY&worker_id=review-verifier [32m200[0m 1.009 ms - 13[0m
[0mGET /api/refunds/tasks/next?type=WHATSAPP_BLAST&worker_id=whatsapp-campaign [32m200[0m 0.872 ms - 13[0m
[0mGET /api/refunds/tasks/next?type=REVIEW_VERIFY&worker_id=review-verifier [32m200[0m 1.741 ms - 13[0m
[0mGET /api/refunds/tasks/next?type=WHATSAPP_BLAST&worker_id=whatsapp-campaign [32m200[0m 0.850 ms - 13[0m
[0mGET /api/refunds/tasks/next?type=REVIEW_VERIFY&worker_id=review-verifier [32m200[0m 2.226 ms - 13[0m
[0mGET /api/refunds/tasks/next?type=WHATSAPP_BLAST&worker_id=whatsapp-campaign [32m200[0m 1.566 ms - 13[0m
[0mGET /api/refunds/queue [32m200[0m 1.989 ms - 12[0m
[0mGET /api/refunds/tasks/next?type=REVIEW_VERIFY&worker_id=review-verifier [32m200[0m 1.755 ms - 13[0m
[0mGET /api/refunds/tasks/next?type=WHATSAPP_BLAST&worker_id=whatsapp-campaign [32m200[0m 1.695 ms - 13[0m
[0mGET /api/refunds/tasks/next?type=REVIEW_VERIFY&worker_id=review-verifier [32m200[0m 2.096 ms - 13[0m
[0mGET /api/refunds/tasks/next?type=WHATSAPP_BLAST&worker_id=whatsapp-campaign [32m200[0m 1.034 ms - 13[0m
[0mGET /api/refunds/tasks/next?type=REVIEW_VERIFY&worker_id=review-verifier [32m200[0m 1.405 ms - 13[0m
[0mGET /api/refunds/tasks/next?type=WHATSAPP_BLAST&worker_id=whatsapp-campaign [32m200[0m 1.316 ms - 13[0m
[0mGET /api/refunds/queue [32m200[0m 1.810 ms - 12[0m
[0mGET /api/refunds/tasks/next?type=REVIEW_VERIFY&worker_id=review-verifier [32m200[0m 1.391 ms - 13[0m
[0mGET /api/refunds/tasks/next?type=WHATSAPP_BLAST&worker_id=whatsapp-campaign [32m200[0m 0.746 ms - 13[0m
[0mGET /api/refunds/tasks/next?type=REVIEW_VERIFY&worker_id=review-verifier [32m200[0m 2.213 ms - 13[0m
[0mGET /api/refunds/tasks/next?type=WHATSAPP_BLAST&worker_id=whatsapp-campaign [32m200[0m 1.648 ms - 13[0m
[0mGET /api/refunds/tasks/next?type=REVIEW_VERIFY&worker_id=review-verifier [32m200[0m 2.182 ms - 13[0m
[0mGET /api/refunds/tasks/next?type=WHATSAPP_BLAST&worker_id=whatsapp-campaign [32m200[0m 1.797 ms - 13[0m
[0mGET /api/refunds/queue [32m200[0m 2.353 ms - 12[0m
[0mGET /api/refunds/tasks/next?type=REVIEW_VERIFY&worker_id=review-verifier [32m200[0m 0.846 ms - 13[0m
[0mGET /api/refunds/tasks/next?type=WHATSAPP_BLAST&worker_id=whatsapp-campaign [32m200[0m 1.943 ms - 13[0m
[0mGET /api/refunds/tasks/next?type=REVIEW_VERIFY&worker_id=review-verifier [32m200[0m 2.097 ms - 13[0m
[0mGET /api/refunds/tasks/next?type=WHATSAPP_BLAST&worker_id=whatsapp-campaign [32m200[0m 2.425 ms - 13[0m
[0mGET /api/refunds/tasks/next?type=REVIEW_VERIFY&worker_id=review-verifier [32m200[0m 2.147 ms - 13[0m
[0mGET /api/refunds/tasks/next?type=WHATSAPP_BLAST&worker_id=whatsapp-campaign [32m200[0m 1.360 ms - 13[0m
[0mGET /api/refunds/queue [32m200[0m 2.085 ms - 12[0m
[0mGET /api/refunds/tasks/next?type=REVIEW_VERIFY&worker_id=review-verifier [32m200[0m 1.902 ms - 13[0m
[0mGET /api/refunds/tasks/next?type=WHATSAPP_BLAST&worker_id=whatsapp-campaign [32m200[0m 2.881 ms - 13[0m
[0mGET /api/refunds/tasks/next?type=REVIEW_VERIFY&worker_id=review-verifier [32m200[0m 1.401 ms - 13[0m
[0mGET /api/refunds/tasks/next?type=WHATSAPP_BLAST&worker_id=whatsapp-campaign [32m200[0m 1.277 ms - 13[0m
[0mGET /api/refunds/tasks/next?type=REVIEW_VERIFY&worker_id=review-verifier [32m200[0m 2.601 ms - 13[0m
[0mGET /api/refunds/tasks/next?type=WHATSAPP_BLAST&worker_id=whatsapp-campaign [32m200[0m 1.032 ms - 13[0m
[0mGET /api/refunds/queue [32m200[0m 1.314 ms - 12[0m
[0mGET /api/refunds/tasks/next?type=REVIEW_VERIFY&worker_id=review-verifier [32m200[0m 2.221 ms - 13[0m
[0mGET /api/refunds/tasks/next?type=WHATSAPP_BLAST&worker_id=whatsapp-campaign [32m200[0m 0.871 ms - 13[0m
[0mGET /api/refunds/tasks/next?type=REVIEW_VERIFY&worker_id=review-verifier [32m200[0m 1.926 ms - 13[0m
[0mGET /api/refunds/tasks/next?type=WHATSAPP_BLAST&worker_id=whatsapp-campaign [32m200[0m 2.040 ms - 13[0m
[0mGET /api/refunds/tasks/next?type=REVIEW_VERIFY&worker_id=review-verifier [32m200[0m 2.464 ms - 13[0m
[0mGET /api/refunds/tasks/next?type=WHATSAPP_BLAST&worker_id=whatsapp-campaign [32m200[0m 0.631 ms - 13[0m
[0mGET /api/refunds/queue [32m200[0m 44.710 ms - 12[0m
[0mGET /api/refunds/tasks/next?type=REVIEW_VERIFY&worker_id=review-verifier [32m200[0m 2.030 ms - 13[0m
[0mGET /api/refunds/tasks/next?type=WHATSAPP_BLAST&worker_id=whatsapp-campaign [32m200[0m 0.876 ms - 13[0m
[0mGET /api/refunds/tasks/next?type=REVIEW_VERIFY&worker_id=review-verifier [32m200[0m 2.660 ms - 13[0m
[0mGET /api/refunds/tasks/next?type=WHATSAPP_BLAST&worker_id=whatsapp-campaign [32m200[0m 1.108 ms - 13[0m
[0mGET /api/refunds/tasks/next?type=REVIEW_VERIFY&worker_id=review-verifier [32m200[0m 2.244 ms - 13[0m
[0mGET /api/refunds/tasks/next?type=WHATSAPP_BLAST&worker_id=whatsapp-campaign [32m200[0m 1.651 ms - 13[0m
[0mGET /api/refunds/queue [32m200[0m 2.102 ms - 12[0m
[0mGET /api/refunds/tasks/next?type=REVIEW_VERIFY&worker_id=review-verifier [32m200[0m 1.879 ms - 13[0m
[0mGET /api/refunds/tasks/next?type=WHATSAPP_BLAST&worker_id=whatsapp-campaign [32m200[0m 2.254 ms - 13[0m
[0mGET /api/refunds/tasks/next?type=REVIEW_VERIFY&worker_id=review-verifier [32m200[0m 3.544 ms - 13[0m
[0mGET /api/refunds/tasks/next?type=WHATSAPP_BLAST&worker_id=whatsapp-campaign [32m200[0m 1.371 ms - 13[0m
[0mGET /api/refunds/tasks/next?type=REVIEW_VERIFY&worker_id=review-verifier [32m200[0m 3.474 ms - 13[0m
[0mGET /api/refunds/tasks/next?type=WHATSAPP_BLAST&worker_id=whatsapp-campaign [32m200[0m 1.297 ms - 13[0m
[0mGET /api/refunds/queue [32m200[0m 1.427 ms - 12[0m
[0mGET /api/refunds/tasks/next?type=REVIEW_VERIFY&worker_id=review-verifier [32m200[0m 1.773 ms - 13[0m
[0mGET /api/refunds/tasks/next?type=WHATSAPP_BLAST&worker_id=whatsapp-campaign [32m200[0m 1.827 ms - 13[0m
[0mGET /api/refunds/tasks/next?type=REVIEW_VERIFY&worker_id=review-verifier [32m200[0m 1.210 ms - 13[0m
[0mGET /api/refunds/tasks/next?type=WHATSAPP_BLAST&worker_id=whatsapp-campaign [32m200[0m 3.341 ms - 13[0m
[0mGET /api/refunds/tasks/next?type=REVIEW_VERIFY&worker_id=review-verifier [32m200[0m 2.508 ms - 13[0m
[0mGET /api/refunds/tasks/next?type=WHATSAPP_BLAST&worker_id=whatsapp-campaign [32m200[0m 1.903 ms - 13[0m
[0mGET /api/refunds/queue [32m200[0m 1.736 ms - 12[0m
[0mGET /api/refunds/tasks/next?type=REVIEW_VERIFY&worker_id=review-verifier [32m200[0m 1.510 ms - 13[0m
[0mGET /api/refunds/tasks/next?type=WHATSAPP_BLAST&worker_id=whatsapp-campaign [32m200[0m 1.290 ms - 13[0m
[0mGET /api/refunds/tasks/next?type=REVIEW_VERIFY&worker_id=review-verifier [32m200[0m 2.929 ms - 13[0m
[0mGET /api/refunds/tasks/next?type=WHATSAPP_BLAST&worker_id=whatsapp-campaign [32m200[0m 1.289 ms - 13[0m
[0mGET /api/refunds/tasks/next?type=REVIEW_VERIFY&worker_id=review-verifier [32m200[0m 3.163 ms - 13[0m
[0mGET /api/refunds/tasks/next?type=WHATSAPP_BLAST&worker_id=whatsapp-campaign [32m200[0m 1.925 ms - 13[0m
[0mGET /api/refunds/queue [32m200[0m 2.513 ms - 12[0m
[0mGET /api/refunds/tasks/next?type=REVIEW_VERIFY&worker_id=review-verifier [32m200[0m 2.001 ms - 13[0m
[0mGET /api/refunds/tasks/next?type=WHATSAPP_BLAST&worker_id=whatsapp-campaign [32m200[0m 1.805 ms - 13[0m
[0mGET /api/refunds/tasks/next?type=REVIEW_VERIFY&worker_id=review-verifier [32m200[0m 2.869 ms - 13[0m
[0mGET /api/refunds/tasks/next?type=WHATSAPP_BLAST&worker_id=whatsapp-campaign [32m200[0m 1.534 ms - 13[0m
[0mGET /api/refunds/tasks/next?type=REVIEW_VERIFY&worker_id=review-verifier [32m200[0m 2.227 ms - 13[0m
[0mGET /api/refunds/tasks/next?type=WHATSAPP_BLAST&worker_id=whatsapp-campaign [32m200[0m 2.324 ms - 13[0m
[0mGET /api/refunds/queue [32m200[0m 2.363 ms - 12[0m
[0mGET /api/refunds/tasks/next?type=REVIEW_VERIFY&worker_id=review-verifier [32m200[0m 2.895 ms - 13[0m
[0mGET /api/refunds/tasks/next?type=WHATSAPP_BLAST&worker_id=whatsapp-campaign [32m200[0m 2.231 ms - 13[0m
[0mGET /api/refunds/tasks/next?type=REVIEW_VERIFY&worker_id=review-verifier [32m200[0m 3.577 ms - 13[0m
[0mGET /api/refunds/tasks/next?type=WHATSAPP_BLAST&worker_id=whatsapp-campaign [32m200[0m 1.605 ms - 13[0m
[0mGET /api/refunds/tasks/next?type=REVIEW_VERIFY&worker_id=review-verifier [32m200[0m 2.680 ms - 13[0m
[0mGET /api/refunds/tasks/next?type=WHATSAPP_BLAST&worker_id=whatsapp-campaign [32m200[0m 1.502 ms - 13[0m
[0mGET /api/refunds/queue [32m200[0m 2.467 ms - 12[0m
[0mGET /api/refunds/tasks/next?type=REVIEW_VERIFY&worker_id=review-verifier [32m200[0m 1.193 ms - 13[0m
[0mGET /api/refunds/tasks/next?type=WHATSAPP_BLAST&worker_id=whatsapp-campaign [32m200[0m 1.764 ms - 13[0m
[0mGET /api/refunds/tasks/next?type=REVIEW_VERIFY&worker_id=review-verifier [32m200[0m 3.669 ms - 13[0m
[0mGET /api/refunds/tasks/next?type=WHATSAPP_BLAST&worker_id=whatsapp-campaign [32m200[0m 0.964 ms - 13[0m
[0mGET /api/refunds/tasks/next?type=REVIEW_VERIFY&worker_id=review-verifier [32m200[0m 2.110 ms - 13[0m
[0mGET /api/refunds/tasks/next?type=WHATSAPP_BLAST&worker_id=whatsapp-campaign [32m200[0m 0.628 ms - 13[0m
[0mGET /api/refunds/queue [32m200[0m 1.059 ms - 12[0m
[0mGET /api/refunds/tasks/next?type=REVIEW_VERIFY&worker_id=review-verifier [32m200[0m 2.358 ms - 13[0m
[0mGET /api/refunds/tasks/next?type=WHATSAPP_BLAST&worker_id=whatsapp-campaign [32m200[0m 0.941 ms - 13[0m
[0mGET /api/refunds/tasks/next?type=REVIEW_VERIFY&worker_id=review-verifier [32m200[0m 2.438 ms - 13[0m
[0mGET /api/refunds/tasks/next?type=WHATSAPP_BLAST&worker_id=whatsapp-campaign [32m200[0m 2.707 ms - 13[0m
[0mGET /api/refunds/tasks/next?type=REVIEW_VERIFY&worker_id=review-verifier [32m200[0m 3.981 ms - 13[0m
[0mGET /api/refunds/tasks/next?type=WHATSAPP_BLAST&worker_id=whatsapp-campaign [32m200[0m 0.811 ms - 13[0m
[0mGET /api/refunds/queue [32m200[0m 2.633 ms - 12[0m
[0mGET /api/refunds/tasks/next?type=REVIEW_VERIFY&worker_id=review-verifier [32m200[0m 1.946 ms - 13[0m
[0mGET /api/refunds/tasks/next?type=WHATSAPP_BLAST&worker_id=whatsapp-campaign [32m200[0m 1.350 ms - 13[0m
[0mGET /api/refunds/tasks/next?type=REVIEW_VERIFY&worker_id=review-verifier [32m200[0m 5.498 ms - 13[0m
[0mGET /api/refunds/tasks/next?type=WHATSAPP_BLAST&worker_id=whatsapp-campaign [32m200[0m 1.998 ms - 13[0m
[0mGET /api/refunds/tasks/next?type=REVIEW_VERIFY&worker_id=review-verifier [32m200[0m 1.686 ms - 13[0m
[0mGET /api/refunds/tasks/next?type=WHATSAPP_BLAST&worker_id=whatsapp-campaign [32m200[0m 1.215 ms - 13[0m
[0mGET /api/refunds/queue [32m200[0m 2.613 ms - 12[0m
[0mGET /api/refunds/tasks/next?type=REVIEW_VERIFY&worker_id=review-verifier [32m200[0m 2.867 ms - 13[0m
[0mGET /api/refunds/tasks/next?type=WHATSAPP_BLAST&worker_id=whatsapp-campaign [32m200[0m 0.833 ms - 13[0m
[0mGET /api/refunds/tasks/next?type=REVIEW_VERIFY&worker_id=review-verifier [32m200[0m 7.237 ms - 13[0m
[0mGET /api/refunds/tasks/next?type=WHATSAPP_BLAST&worker_id=whatsapp-campaign [32m200[0m 1.370 ms - 13[0m
[0mGET /api/refunds/tasks/next?type=REVIEW_VERIFY&worker_id=review-verifier [32m200[0m 6.098 ms - 13[0m
[0mGET /api/refunds/tasks/next?type=WHATSAPP_BLAST&worker_id=whatsapp-campaign [32m200[0m 1.645 ms - 13[0m
[0mGET /api/refunds/queue [32m200[0m 1.226 ms - 12[0m
[0mGET /api/refunds/tasks/next?type=REVIEW_VERIFY&worker_id=review-verifier [32m200[0m 0.966 ms - 13[0m
[0mGET /api/refunds/tasks/next?type=WHATSAPP_BLAST&worker_id=whatsapp-campaign [32m200[0m 1.275 ms - 13[0m
[0mGET /api/refunds/tasks/next?type=REVIEW_VERIFY&worker_id=review-verifier [32m200[0m 2.874 ms - 13[0m
[0mGET /api/refunds/tasks/next?type=WHATSAPP_BLAST&worker_id=whatsapp-campaign [32m200[0m 1.699 ms - 13[0m
[0mGET /api/refunds/tasks/next?type=REVIEW_VERIFY&worker_id=review-verifier [32m200[0m 3.668 ms - 13[0m
[0mGET /api/refunds/tasks/next?type=WHATSAPP_BLAST&worker_id=whatsapp-campaign [32m200[0m 1.797 ms - 13[0m
[0mGET /api/refunds/queue [32m200[0m 2.357 ms - 12[0m
[0mGET /api/refunds/tasks/next?type=REVIEW_VERIFY&worker_id=review-verifier [32m200[0m 1.496 ms - 13[0m
[0mGET /api/refunds/tasks/next?type=WHATSAPP_BLAST&worker_id=whatsapp-campaign [32m200[0m 0.675 ms - 13[0m
[0mGET /api/refunds/tasks/next?type=REVIEW_VERIFY&worker_id=review-verifier [32m200[0m 2.630 ms - 13[0m
[0mGET /api/refunds/tasks/next?type=WHATSAPP_BLAST&worker_id=whatsapp-campaign [32m200[0m 1.856 ms - 13[0m
[0mGET /api/refunds/tasks/next?type=REVIEW_VERIFY&worker_id=review-verifier [32m200[0m 3.342 ms - 13[0m
[0mGET /api/refunds/tasks/next?type=WHATSAPP_BLAST&worker_id=whatsapp-campaign [32m200[0m 1.920 ms - 13[0m
[0mGET /api/refunds/queue [32m200[0m 0.886 ms - 12[0m
[0mGET /api/refunds/tasks/next?type=REVIEW_VERIFY&worker_id=review-verifier [32m200[0m 1.476 ms - 13[0m
[0mGET /api/refunds/tasks/next?type=WHATSAPP_BLAST&worker_id=whatsapp-campaign [32m200[0m 0.844 ms - 13[0m
[0mGET /api/refunds/tasks/next?type=REVIEW_VERIFY&worker_id=review-verifier [32m200[0m 3.394 ms - 13[0m
[0mGET /api/refunds/tasks/next?type=WHATSAPP_BLAST&worker_id=whatsapp-campaign [32m200[0m 0.855 ms - 13[0m
[0mGET /api/refunds/tasks/next?type=REVIEW_VERIFY&worker_id=review-verifier [32m200[0m 3.016 ms - 13[0m
[0mGET /api/refunds/tasks/next?type=WHATSAPP_BLAST&worker_id=whatsapp-campaign [32m200[0m 2.005 ms - 13[0m
[0mGET /api/refunds/queue [32m200[0m 2.750 ms - 12[0m
[0mGET /api/refunds/tasks/next?type=REVIEW_VERIFY&worker_id=review-verifier [32m200[0m 3.714 ms - 13[0m
[0mGET /api/refunds/tasks/next?type=WHATSAPP_BLAST&worker_id=whatsapp-campaign [32m200[0m 0.785 ms - 13[0m
[0mGET /api/refunds/tasks/next?type=REVIEW_VERIFY&worker_id=review-verifier [32m200[0m 3.572 ms - 13[0m
[0mGET /api/refunds/tasks/next?type=WHATSAPP_BLAST&worker_id=whatsapp-campaign [32m200[0m 1.943 ms - 13[0m
[0mGET /api/refunds/tasks/next?type=REVIEW_VERIFY&worker_id=review-verifier [32m200[0m 4.696 ms - 13[0m
[0mGET /api/refunds/tasks/next?type=WHATSAPP_BLAST&worker_id=whatsapp-campaign [32m200[0m 2.968 ms - 13[0m
[0mGET /api/refunds/queue [32m200[0m 2.550 ms - 12[0m
[0mGET /api/refunds/tasks/next?type=REVIEW_VERIFY&worker_id=review-verifier [32m200[0m 0.666 ms - 13[0m
[0mGET /api/refunds/tasks/next?type=WHATSAPP_BLAST&worker_id=whatsapp-campaign [32m200[0m 1.539 ms - 13[0m
[0mGET /api/refunds/tasks/next?type=REVIEW_VERIFY&worker_id=review-verifier [32m200[0m 1.214 ms - 13[0m
[0mGET /api/refunds/tasks/next?type=WHATSAPP_BLAST&worker_id=whatsapp-campaign [32m200[0m 0.806 ms - 13[0m
[0mGET /api/refunds/tasks/next?type=REVIEW_VERIFY&worker_id=review-verifier [32m200[0m 2.112 ms - 13[0m
[0mGET /api/refunds/tasks/next?type=WHATSAPP_BLAST&worker_id=whatsapp-campaign [32m200[0m 0.692 ms - 13[0m
[0mGET /api/refunds/queue [32m200[0m 1.043 ms - 12[0m
[0mGET /api/refunds/tasks/next?type=REVIEW_VERIFY&worker_id=review-verifier [32m200[0m 2.622 ms - 13[0m
[0mGET /api/refunds/tasks/next?type=WHATSAPP_BLAST&worker_id=whatsapp-campaign [32m200[0m 1.511 ms - 13[0m
[0mGET /api/refunds/tasks/next?type=REVIEW_VERIFY&worker_id=review-verifier [32m200[0m 3.563 ms - 13[0m
[0mGET /api/refunds/tasks/next?type=WHATSAPP_BLAST&worker_id=whatsapp-campaign [32m200[0m 0.920 ms - 13[0m
[0mGET /api/refunds/tasks/next?type=REVIEW_VERIFY&worker_id=review-verifier [32m200[0m 2.028 ms - 13[0m
[0mGET /api/refunds/tasks/next?type=WHATSAPP_BLAST&worker_id=whatsapp-campaign [32m200[0m 2.115 ms - 13[0m
[0mGET /api/refunds/queue [32m200[0m 2.589 ms - 12[0m
[0mGET /api/refunds/tasks/next?type=REVIEW_VERIFY&worker_id=review-verifier [32m200[0m 1.468 ms - 13[0m
[0mGET /api/refunds/tasks/next?type=WHATSAPP_BLAST&worker_id=whatsapp-campaign [32m200[0m 1.304 ms - 13[0m
[0mGET /api/refunds/tasks/next?type=REVIEW_VERIFY&worker_id=review-verifier [32m200[0m 2.595 ms - 13[0m
[0mGET /api/refunds/tasks/next?type=WHATSAPP_BLAST&worker_id=whatsapp-campaign [32m200[0m 2.071 ms - 13[0m
[0mGET /api/refunds/tasks/next?type=REVIEW_VERIFY&worker_id=review-verifier [32m200[0m 5.888 ms - 13[0m
[0mGET /api/refunds/tasks/next?type=WHATSAPP_BLAST&worker_id=whatsapp-campaign [32m200[0m 2.316 ms - 13[0m
[0mGET /api/refunds/queue [32m200[0m 2.597 ms - 12[0m
[0mGET /api/refunds/tasks/next?type=REVIEW_VERIFY&worker_id=review-verifier [32m200[0m 3.197 ms - 13[0m
[0mGET /api/refunds/tasks/next?type=WHATSAPP_BLAST&worker_id=whatsapp-campaign [32m200[0m 0.908 ms - 13[0m
[0mGET /api/refunds/tasks/next?type=REVIEW_VERIFY&worker_id=review-verifier [32m200[0m 5.250 ms - 13[0m
[0mGET /api/refunds/tasks/next?type=WHATSAPP_BLAST&worker_id=whatsapp-campaign [32m200[0m 1.579 ms - 13[0m
[0mGET /api/refunds/tasks/next?type=REVIEW_VERIFY&worker_id=review-verifier [32m200[0m 2.976 ms - 13[0m
[0mGET /api/refunds/tasks/next?type=WHATSAPP_BLAST&worker_id=whatsapp-campaign [32m200[0m 1.770 ms - 13[0m
[0mGET /api/refunds/queue [32m200[0m 1.518 ms - 12[0m
[0mGET /api/refunds/tasks/next?type=REVIEW_VERIFY&worker_id=review-verifier [32m200[0m 1.815 ms - 13[0m
[0mGET /api/refunds/tasks/next?type=WHATSAPP_BLAST&worker_id=whatsapp-campaign [32m200[0m 1.742 ms - 13[0m
[0mGET /api/refunds/tasks/next?type=REVIEW_VERIFY&worker_id=review-verifier [32m200[0m 1.523 ms - 13[0m
[0mGET /api/refunds/tasks/next?type=WHATSAPP_BLAST&worker_id=whatsapp-campaign [32m200[0m 2.112 ms - 13[0m
[0mGET /api/refunds/tasks/next?type=REVIEW_VERIFY&worker_id=review-verifier [32m200[0m 2.058 ms - 13[0m
[0mGET /api/refunds/tasks/next?type=WHATSAPP_BLAST&worker_id=whatsapp-campaign [32m200[0m 0.911 ms - 13[0m
[0mGET /api/refunds/queue [32m200[0m 2.450 ms - 12[0m
[0mGET /api/refunds/tasks/next?type=REVIEW_VERIFY&worker_id=review-verifier [32m200[0m 2.719 ms - 13[0m
[0mGET /api/refunds/tasks/next?type=WHATSAPP_BLAST&worker_id=whatsapp-campaign [32m200[0m 1.765 ms - 13[0m
[0mGET /api/refunds/tasks/next?type=REVIEW_VERIFY&worker_id=review-verifier [32m200[0m 3.216 ms - 13[0m
[0mGET /api/refunds/tasks/next?type=WHATSAPP_BLAST&worker_id=whatsapp-campaign [32m200[0m 2.046 ms - 13[0m
[0mGET /api/refunds/tasks/next?type=REVIEW_VERIFY&worker_id=review-verifier [32m200[0m 4.284 ms - 13[0m
[0mGET /api/refunds/tasks/next?type=WHATSAPP_BLAST&worker_id=whatsapp-campaign [32m200[0m 1.559 ms - 13[0m
[0mGET /api/refunds/queue [32m200[0m 1.129 ms - 12[0m
[0mGET /api/refunds/tasks/next?type=REVIEW_VERIFY&worker_id=review-verifier [32m200[0m 0.687 ms - 13[0m
[0mGET /api/refunds/tasks/next?type=WHATSAPP_BLAST&worker_id=whatsapp-campaign [32m200[0m 1.225 ms - 13[0m
[0mGET /api/refunds/tasks/next?type=REVIEW_VERIFY&worker_id=review-verifier [32m200[0m 3.122 ms - 13[0m
[0mGET /api/refunds/tasks/next?type=WHATSAPP_BLAST&worker_id=whatsapp-campaign [32m200[0m 1.463 ms - 13[0m
[0mGET /api/refunds/tasks/next?type=REVIEW_VERIFY&worker_id=review-verifier [32m200[0m 1.709 ms - 13[0m
[0mGET /api/refunds/tasks/next?type=WHATSAPP_BLAST&worker_id=whatsapp-campaign [32m200[0m 1.041 ms - 13[0m
[0mGET /api/refunds/queue [32m200[0m 1.219 ms - 12[0m
[0mGET /api/refunds/tasks/next?type=REVIEW_VERIFY&worker_id=review-verifier [32m200[0m 1.029 ms - 13[0m
[0mGET /api/refunds/tasks/next?type=WHATSAPP_BLAST&worker_id=whatsapp-campaign [32m200[0m 1.009 ms - 13[0m
[0mGET /api/refunds/tasks/next?type=REVIEW_VERIFY&worker_id=review-verifier [32m200[0m 3.099 ms - 13[0m
[0mGET /api/refunds/tasks/next?type=WHATSAPP_BLAST&worker_id=whatsapp-campaign [32m200[0m 1.016 ms - 13[0m
[0mGET /api/refunds/tasks/next?type=REVIEW_VERIFY&worker_id=review-verifier [32m200[0m 5.122 ms - 13[0m
[0mGET /api/refunds/tasks/next?type=WHATSAPP_BLAST&worker_id=whatsapp-campaign [32m200[0m 4.284 ms - 13[0m
[0mGET /api/refunds/queue [32m200[0m 0.982 ms - 12[0m
[0mGET /api/refunds/tasks/next?type=REVIEW_VERIFY&worker_id=review-verifier [32m200[0m 0.688 ms - 13[0m
[0mGET /api/refunds/tasks/next?type=WHATSAPP_BLAST&worker_id=whatsapp-campaign [32m200[0m 0.830 ms - 13[0m
[0mGET /api/refunds/tasks/next?type=REVIEW_VERIFY&worker_id=review-verifier [32m200[0m 2.103 ms - 13[0m
[0mGET /api/refunds/tasks/next?type=WHATSAPP_BLAST&worker_id=whatsapp-campaign [32m200[0m 0.736 ms - 13[0m
[0mGET /api/refunds/tasks/next?type=REVIEW_VERIFY&worker_id=review-verifier [32m200[0m 1.109 ms - 13[0m
[0mGET /api/refunds/tasks/next?type=WHATSAPP_BLAST&worker_id=whatsapp-campaign [32m200[0m 1.613 ms - 13[0m
[0mGET /api/refunds/queue [32m200[0m 1.714 ms - 12[0m
[0mGET /api/refunds/tasks/next?type=REVIEW_VERIFY&worker_id=review-verifier [32m200[0m 2.005 ms - 13[0m
[0mGET /api/refunds/tasks/next?type=WHATSAPP_BLAST&worker_id=whatsapp-campaign [32m200[0m 1.652 ms - 13[0m
[0mGET /api/refunds/tasks/next?type=REVIEW_VERIFY&worker_id=review-verifier [32m200[0m 1.994 ms - 13[0m
[0mGET /api/refunds/tasks/next?type=WHATSAPP_BLAST&worker_id=whatsapp-campaign [32m200[0m 1.722 ms - 13[0m
[0mGET /api/refunds/tasks/next?type=REVIEW_VERIFY&worker_id=review-verifier [32m200[0m 3.368 ms - 13[0m
[0mGET /api/refunds/tasks/next?type=WHATSAPP_BLAST&worker_id=whatsapp-campaign [32m200[0m 1.855 ms - 13[0m
[0mGET /api/refunds/queue [32m200[0m 2.059 ms - 12[0m
[0mGET /api/refunds/tasks/next?type=REVIEW_VERIFY&worker_id=review-verifier [32m200[0m 1.035 ms - 13[0m
[0mGET /api/refunds/tasks/next?type=WHATSAPP_BLAST&worker_id=whatsapp-campaign [32m200[0m 1.447 ms - 13[0m
[0mGET /api/refunds/tasks/next?type=REVIEW_VERIFY&worker_id=review-verifier [32m200[0m 1.954 ms - 13[0m
[0mGET /api/refunds/tasks/next?type=WHATSAPP_BLAST&worker_id=whatsapp-campaign [32m200[0m 1.910 ms - 13[0m
[0mGET /api/refunds/tasks/next?type=REVIEW_VERIFY&worker_id=review-verifier [32m200[0m 1.288 ms - 13[0m
[0mGET /api/refunds/tasks/next?type=WHATSAPP_BLAST&worker_id=whatsapp-campaign [32m200[0m 1.669 ms - 13[0m
[0mGET /api/refunds/queue [32m200[0m 2.317 ms - 12[0m
[0mGET /api/refunds/tasks/next?type=REVIEW_VERIFY&worker_id=review-verifier [32m200[0m 0.703 ms - 13[0m
[0mGET /api/refunds/tasks/next?type=WHATSAPP_BLAST&worker_id=whatsapp-campaign [32m200[0m 2.097 ms - 13[0m
[0mGET /api/refunds/tasks/next?type=REVIEW_VERIFY&worker_id=review-verifier [32m200[0m 2.996 ms - 13[0m
[0mGET /api/refunds/tasks/next?type=WHATSAPP_BLAST&worker_id=whatsapp-campaign [32m200[0m 1.828 ms - 13[0m
[0mGET /api/refunds/tasks/next?type=REVIEW_VERIFY&worker_id=review-verifier [32m200[0m 0.964 ms - 13[0m
[0mGET /api/refunds/tasks/next?type=WHATSAPP_BLAST&worker_id=whatsapp-campaign [32m200[0m 1.684 ms - 13[0m
[0mGET /api/refunds/queue [32m200[0m 2.884 ms - 12[0m
[0mGET /api/refunds/tasks/next?type=REVIEW_VERIFY&worker_id=review-verifier [32m200[0m 2.014 ms - 13[0m
[0mGET /api/refunds/tasks/next?type=WHATSAPP_BLAST&worker_id=whatsapp-campaign [32m200[0m 0.903 ms - 13[0m
[0mGET /api/refunds/tasks/next?type=REVIEW_VERIFY&worker_id=review-verifier [32m200[0m 1.372 ms - 13[0m
[0mGET /api/refunds/tasks/next?type=WHATSAPP_BLAST&worker_id=whatsapp-campaign [32m200[0m 1.424 ms - 13[0m
[0mGET /api/refunds/tasks/next?type=REVIEW_VERIFY&worker_id=review-verifier [32m200[0m 2.831 ms - 13[0m
[0mGET /api/refunds/tasks/next?type=WHATSAPP_BLAST&worker_id=whatsapp-campaign [32m200[0m 0.840 ms - 13[0m
[0mGET /api/refunds/queue [32m200[0m 1.920 ms - 12[0m
[0mGET /api/refunds/tasks/next?type=REVIEW_VERIFY&worker_id=review-verifier [32m200[0m 1.540 ms - 13[0m
[0mGET /api/refunds/tasks/next?type=WHATSAPP_BLAST&worker_id=whatsapp-campaign [32m200[0m 1.681 ms - 13[0m
[0mGET /api/refunds/tasks/next?type=REVIEW_VERIFY&worker_id=review-verifier [32m200[0m 0.715 ms - 13[0m
[0mGET /api/refunds/tasks/next?type=WHATSAPP_BLAST&worker_id=whatsapp-campaign [32m200[0m 0.596 ms - 13[0m
[0mGET /api/refunds/tasks/next?type=REVIEW_VERIFY&worker_id=review-verifier [32m200[0m 3.391 ms - 13[0m
[0mGET /api/refunds/tasks/next?type=WHATSAPP_BLAST&worker_id=whatsapp-campaign [32m200[0m 7.563 ms - 13[0m
[0mGET /api/refunds/queue [32m200[0m 2.252 ms - 12[0m
[0mGET /api/refunds/tasks/next?type=REVIEW_VERIFY&worker_id=review-verifier [32m200[0m 1.501 ms - 13[0m
[0mGET /api/refunds/tasks/next?type=WHATSAPP_BLAST&worker_id=whatsapp-campaign [32m200[0m 0.788 ms - 13[0m
[0mGET /api/refunds/tasks/next?type=REVIEW_VERIFY&worker_id=review-verifier [32m200[0m 1.871 ms - 13[0m
[0mGET /api/refunds/tasks/next?type=WHATSAPP_BLAST&worker_id=whatsapp-campaign [32m200[0m 1.691 ms - 13[0m
[0mGET /api/refunds/tasks/next?type=REVIEW_VERIFY&worker_id=review-verifier [32m200[0m 4.216 ms - 13[0m
[0mGET /api/refunds/tasks/next?type=WHATSAPP_BLAST&worker_id=whatsapp-campaign [32m200[0m 0.783 ms - 13[0m
[0mGET /api/refunds/queue [32m200[0m 1.093 ms - 12[0m
[0mGET /api/refunds/tasks/next?type=REVIEW_VERIFY&worker_id=review-verifier [32m200[0m 0.969 ms - 13[0m
[0mGET /api/refunds/tasks/next?type=WHATSAPP_BLAST&worker_id=whatsapp-campaign [32m200[0m 0.761 ms - 13[0m
[0mGET /api/refunds/tasks/next?type=REVIEW_VERIFY&worker_id=review-verifier [32m200[0m 0.939 ms - 13[0m
[0mGET /api/refunds/tasks/next?type=WHATSAPP_BLAST&worker_id=whatsapp-campaign [32m200[0m 0.754 ms - 13[0m
[0mGET /api/refunds/tasks/next?type=REVIEW_VERIFY&worker_id=review-verifier [32m200[0m 1.675 ms - 13[0m
[0mGET /api/refunds/tasks/next?type=WHATSAPP_BLAST&worker_id=whatsapp-campaign [32m200[0m 0.797 ms - 13[0m
[0mGET /api/refunds/queue [32m200[0m 1.527 ms - 12[0m
[0mGET /api/refunds/tasks/next?type=REVIEW_VERIFY&worker_id=review-verifier [32m200[0m 0.930 ms - 13[0m
[0mGET /api/refunds/tasks/next?type=WHATSAPP_BLAST&worker_id=whatsapp-campaign [32m200[0m 0.989 ms - 13[0m
[0mGET /api/refunds/tasks/next?type=REVIEW_VERIFY&worker_id=review-verifier [32m200[0m 1.741 ms - 13[0m
[0mGET /api/refunds/tasks/next?type=WHATSAPP_BLAST&worker_id=whatsapp-campaign [32m200[0m 0.799 ms - 13[0m
[0mGET /api/refunds/tasks/next?type=REVIEW_VERIFY&worker_id=review-verifier [32m200[0m 1.632 ms - 13[0m
[0mGET /api/refunds/tasks/next?type=WHATSAPP_BLAST&worker_id=whatsapp-campaign [32m200[0m 0.728 ms - 13[0m
[0mGET /api/refunds/queue [32m200[0m 0.916 ms - 12[0m
[0mGET /api/refunds/tasks/next?type=REVIEW_VERIFY&worker_id=review-verifier [32m200[0m 1.091 ms - 13[0m
[0mGET /api/refunds/tasks/next?type=WHATSAPP_BLAST&worker_id=whatsapp-campaign [32m200[0m 1.431 ms - 13[0m
[0mGET /api/refunds/tasks/next?type=REVIEW_VERIFY&worker_id=review-verifier [32m200[0m 1.580 ms - 13[0m
[0mGET /api/refunds/tasks/next?type=WHATSAPP_BLAST&worker_id=whatsapp-campaign [32m200[0m 0.702 ms - 13[0m
[0mGET /api/refunds/tasks/next?type=REVIEW_VERIFY&worker_id=review-verifier [32m200[0m 0.620 ms - 13[0m
[0mGET /api/refunds/tasks/next?type=WHATSAPP_BLAST&worker_id=whatsapp-campaign [32m200[0m 0.709 ms - 13[0m
[0mGET /api/refunds/queue [32m200[0m 1.085 ms - 12[0m
[0mGET /api/refunds/tasks/next?type=REVIEW_VERIFY&worker_id=review-verifier [32m200[0m 1.159 ms - 13[0m
[0mGET /api/refunds/tasks/next?type=WHATSAPP_BLAST&worker_id=whatsapp-campaign [32m200[0m 0.732 ms - 13[0m
[0mGET /api/refunds/tasks/next?type=REVIEW_VERIFY&worker_id=review-verifier [32m200[0m 1.262 ms - 13[0m
[0mGET /api/refunds/tasks/next?type=WHATSAPP_BLAST&worker_id=whatsapp-campaign [32m200[0m 1.156 ms - 13[0m
[0mGET /api/refunds/tasks/next?type=REVIEW_VERIFY&worker_id=review-verifier [32m200[0m 2.611 ms - 13[0m
[0mGET /api/refunds/tasks/next?type=WHATSAPP_BLAST&worker_id=whatsapp-campaign [32m200[0m 0.729 ms - 13[0m
[0mGET /api/refunds/queue [32m200[0m 1.019 ms - 12[0m
[0mGET /api/refunds/tasks/next?type=REVIEW_VERIFY&worker_id=review-verifier [32m200[0m 2.252 ms - 13[0m
[0mGET /api/refunds/tasks/next?type=WHATSAPP_BLAST&worker_id=whatsapp-campaign [32m200[0m 0.771 ms - 13[0m
[0mGET /api/refunds/tasks/next?type=REVIEW_VERIFY&worker_id=review-verifier [32m200[0m 1.323 ms - 13[0m
[0mGET /api/refunds/tasks/next?type=WHATSAPP_BLAST&worker_id=whatsapp-campaign [32m200[0m 1.213 ms - 13[0m
[0mGET /api/refunds/tasks/next?type=REVIEW_VERIFY&worker_id=review-verifier [32m200[0m 2.562 ms - 13[0m
[0mGET /api/refunds/tasks/next?type=WHATSAPP_BLAST&worker_id=whatsapp-campaign [32m200[0m 0.864 ms - 13[0m
[0mGET /api/refunds/queue [32m200[0m 0.873 ms - 12[0m
